3.5717010498046875
0.9454985857009888
0.3746407628059387
0.6589343547821045
1.126854419708252
1.7186328172683716
0.050083037465810776
0.3027940094470978
0.13659733533859253
0.13251318037509918
0.735325813293457
0.09326598793268204
0.6950795650482178
0.3528273403644562
0.49626874923706055
0.04772128909826279
0.6084222793579102
0.2507728338241577
0.36756405234336853
0.2965015172958374
0.34564682841300964
1.1581419706344604
0.23130366206169128
0.5222549438476562
0.24485084414482117
0.8225405812263489
0.1281990259885788
0.9983892440795898
0.3394346237182617
0.2628859877586365
0.07638748735189438
0.10458283126354218
0.5270459651947021
0.09540970623493195
1.5844846963882446
0.11967354267835617
0.46840575337409973
0.24476830661296844
0.10903763025999069
0.14875201880931854
0.30777883529663086
0.12474188208580017
0.20339682698249817
0.07977665215730667
0.13634423911571503
0.08311911672353745
0.17229042947292328
0.0992238000035286
0.058552086353302
0.15755130350589752
0.06161919981241226
0.03625684231519699
0.09293599426746368
0.47753387689590454
0.4230453073978424
0.18417121469974518
0.06247907131910324
0.145338773727417
0.3656664490699768
0.7758381366729736
0.20490580797195435
0.35420674085617065
0.5025556683540344
0.2232300490140915
0.05292043462395668
0.04512019455432892
0.19429577887058258
0.2332637906074524
0.09658657014369965
0.4152423143386841
0.1177249476313591
0.2269183099269867
0.17964611947536469
0.06714313477277756
0.2564490735530853
0.22374792397022247
0.043690457940101624
0.7990742325782776
0.2388850599527359
0.1639038771390915
0.377887099981308
0.03515833616256714
0.07406191527843475
0.07632655650377274
0.21386435627937317
0.12038915604352951
0.06370595842599869
0.2009153813123703
0.17595045268535614
0.6548884510993958
0.19036865234375
0.0582512803375721
0.19544833898544312
0.4082222580909729
0.11623786389827728
0.14264173805713654
0.09556679427623749
0.09631790220737457
0.20655770599842072
0.14191599190235138
0.23690727353096008
0.060135263949632645
0.04298903048038483
0.0731506422162056
0.23930023610591888
0.2054731696844101
0.1602594405412674
0.06698048114776611
0.3999263048171997
0.20975643396377563
0.1122593954205513
0.2731364071369171
0.2168024331331253
0.13617078959941864
0.1442728042602539
0.23633161187171936
0.08776238560676575
0.2520298361778259
0.18999671936035156
0.23860391974449158
0.05529491975903511
0.03939971700310707
0.20820771157741547
0.06063973903656006
1.7923915386199951
2.3005287647247314
0.13708341121673584
0.1461464762687683
0.3300113379955292
0.14330081641674042
0.23969979584217072
0.28528231382369995
0.14297054708003998
0.21531015634536743
0.21374374628067017
0.07698668539524078
0.14639294147491455
0.5041347146034241
0.24396415054798126
0.7138017416000366
0.28781089186668396
0.33268651366233826
0.6335803270339966
0.4261811375617981
0.2651557922363281
0.12552104890346527
0.03666417673230171
0.10789582133293152
0.034425437450408936
0.2452549785375595
0.04272086173295975
0.20747889578342438
0.057530295103788376
0.6041609048843384
0.07354813069105148
0.7136988639831543
0.21767236292362213
0.025695504620671272
0.032047294080257416
0.6312432885169983
0.12904603779315948
1.59525465965271
0.12429548054933548
0.29802796244621277
0.65582275390625
0.04943680390715599
0.04960115626454353
0.29246097803115845
0.06013767048716545
0.4737343192100525
0.033813562244176865
0.18604347109794617
0.1970536857843399
0.27883172035217285
0.08139137178659439
0.15452322363853455
0.04492677375674248
0.7051554322242737
0.058264389634132385
0.22172892093658447
0.23731210827827454
0.25325608253479004
0.40799662470817566
0.38785818219184875
0.35122454166412354
0.25698304176330566
0.4777151644229889
0.13703246414661407
0.17655494809150696
0.09435011446475983
0.2610877752304077
0.05363395810127258
0.37427523732185364
0.055275339633226395
0.17239342629909515
0.07015202194452286
0.08341657370328903
0.05296597629785538
0.3484179377555847
0.13530629873275757
0.07750315219163895
0.29469141364097595
0.03783203661441803
0.039371781051158905
0.11229406297206879
0.36185991764068604
0.07483889162540436
0.14171288907527924
0.20669610798358917
0.2422293871641159
0.2356925755739212
0.07118815183639526
1.1154624223709106
0.5092958807945251
0.07363075762987137
0.19301100075244904
0.4063017666339874
0.09306438267230988
0.714339554309845
0.1489725261926651
0.2686942219734192
0.3513753414154053
0.18780319392681122
0.15018318593502045
0.570098340511322
0.24860970675945282
0.17128120362758636
0.09047666937112808
0.053626060485839844
0.1536675989627838
0.40931567549705505
0.08524416387081146
0.5090105533599854
0.18227578699588776
0.23324520885944366
0.051555465906858444
0.7239816188812256
0.2288707047700882
0.32642582058906555
0.07679455727338791
0.042580023407936096
0.2057473063468933
0.27255910634994507
1.2695789337158203
0.044813260436058044
0.2943553924560547
1.2988848686218262
0.18129406869411469
0.3506552577018738
0.05417792871594429
0.44994398951530457
0.11003705859184265
0.4323456883430481
0.1908804178237915
0.03835635259747505
0.6365428566932678
0.07364039123058319
0.16565550863742828
0.07376506179571152
0.2056320756673813
0.2153911143541336
0.2832241654396057
0.15817883610725403
0.1572386622428894
0.12621299922466278
0.3466911017894745
0.13906452059745789
0.04103464260697365
0.40678519010543823
0.08533058315515518
0.0693630501627922
0.1302538961172104
0.10149296373128891
0.11895711719989777
0.03294455632567406
0.06163683161139488
0.4108300805091858
0.10454542934894562
0.39076733589172363
0.9086667895317078
0.1442164033651352
0.4066639840602875
0.1539566069841385
0.08223569393157959
0.2026199847459793
0.24423456192016602
0.48791590332984924
0.185388445854187
0.12675851583480835
0.37297797203063965
0.7237871885299683
0.09417659044265747
0.34532856941223145
0.12292519211769104
0.15494345128536224
0.19815443456172943
0.15719041228294373
0.20902958512306213
0.08859648555517197
0.03191230446100235
0.12953287363052368
0.18801002204418182
0.11420951783657074
0.3849966824054718
0.17901107668876648
0.02509377896785736
0.0632377415895462
0.10396752506494522
0.11591781675815582
0.19956377148628235
0.059463486075401306
0.1553056389093399
0.15042772889137268
0.016182994470000267
1.6251381635665894
0.6176972389221191
0.3333016633987427
0.3314027786254883
0.4690401256084442
0.08012376725673676
0.13580119609832764
0.20008385181427002
0.2613388001918793
0.7301504015922546
0.31326907873153687
0.07294906675815582
0.16581520438194275
0.05570436269044876
0.16341815888881683
0.3295707106590271
0.11320587992668152
0.14784757792949677
0.06191084533929825
0.09509706497192383
0.1592303365468979
0.2990454435348511
0.3357398509979248
0.10774365067481995
0.18023335933685303
0.07751014083623886
0.027275554835796356
0.25160345435142517
0.13969920575618744
0.35302820801734924
0.1404336839914322
0.997742235660553
0.023187410086393356
0.75102698802948
0.8391643166542053
0.16025005280971527
0.058003343641757965
0.03332536295056343
0.4502392113208771
0.15303941071033478
0.11227872967720032
0.08630165457725525
0.307854562997818
0.14133493602275848
0.16609680652618408
0.09251509606838226
0.12660011649131775
0.15536998212337494
0.04938745126128197
0.475174218416214
0.18218573927879333
0.9700851440429688
0.4214378297328949
0.11587361991405487
0.06240607053041458
0.06033804640173912
0.11412706971168518
0.10390667617321014
0.19184230268001556
1.406693696975708
0.4870171844959259
0.05074667930603027
0.2383263111114502
0.16031654179096222
0.21921835839748383
1.381494164466858
0.49676257371902466
0.07960169017314911
0.38112807273864746
0.05938822031021118
0.12012885510921478
0.11851409822702408
0.6686112880706787
0.25106531381607056
0.22213207185268402
0.30903002619743347
0.046771589666604996
0.17072975635528564
0.07481571286916733
0.0675622820854187
0.3586921691894531
0.2257675677537918
0.026682652533054352
0.07205929607152939
0.11756505072116852
0.06827174872159958
2.221668243408203
0.03332415223121643
0.0679052472114563
0.26267603039741516
0.1762235015630722
0.05107186734676361
0.09151898324489594
0.3102819323539734
0.07628480345010757
0.027232995256781578
0.035347647964954376
0.12862755358219147
0.18629108369350433
0.14910092949867249
0.2521640658378601
0.4686160981655121
0.11057934165000916
0.12152092903852463
0.17917656898498535
0.1350226104259491
0.07766702026128769
0.17966696619987488
0.2937662899494171
0.1894063502550125
0.16009454429149628
0.6362760066986084
0.1611279994249344
0.23036596179008484
0.39246004819869995
0.25870203971862793
0.11862634122371674
0.12170271575450897
0.09510482102632523
0.6952989101409912
0.14109556376934052
0.8517584800720215
0.12318279594182968
0.14344918727874756
0.3018755316734314
0.07634036988019943
0.2839698791503906
0.8274914622306824
0.03139238804578781
0.2393929809331894
0.01937015727162361
0.04445040598511696
0.04987053573131561
0.4200889468193054
0.16444659233093262
0.11112825572490692
0.4094581604003906
0.05970549210906029
0.19939440488815308
0.4654165804386139
0.5061108469963074
0.11533430218696594
0.05281803011894226
0.09755987673997879
0.09708128124475479
0.3933783173561096
0.3296222686767578
0.3201637268066406
0.246813103556633
0.5912684202194214
0.12740373611450195
0.10698212683200836
0.2290591299533844
0.07021301239728928
0.14363643527030945
0.05417494848370552
0.23827125132083893
0.309775173664093
0.18786349892616272
0.26115912199020386
0.5468988418579102
0.018431641161441803
0.11012919992208481
0.16671603918075562
0.06339167803525925
0.0556269995868206
0.3673546314239502
0.1823195070028305
0.1941927820444107
0.27073588967323303
0.5371286273002625
0.0311399158090353
0.11132078617811203
0.23073676228523254
0.09907452017068863
0.29888197779655457
0.0820944532752037
0.013068847358226776
1.1987961530685425
0.17804062366485596
0.11759796738624573
0.04692332074046135
0.6201633810997009
0.08837443590164185
0.06228137016296387
0.3353085517883301
0.435762494802475
0.1665010005235672
0.4215904772281647
0.16905151307582855
0.19566215574741364
0.46069446206092834
0.17705868184566498
0.19819489121437073
0.3126412630081177
0.2080710381269455
0.4822879731655121
0.5373430252075195
0.08878087997436523
0.04940382391214371
0.2291860729455948
0.08005822449922562
0.15679633617401123
0.34306538105010986
0.14050963521003723
0.07278377562761307
0.06751635670661926
0.1785787045955658
0.23991119861602783
0.1657644659280777
0.03315642476081848
0.06324770301580429
0.08882317692041397
0.1025361567735672
0.02632101997733116
0.3919764459133148
0.8410263657569885
0.059768613427877426
0.24620960652828217
1.521606683731079
0.26379433274269104
0.11046992242336273
0.9498465657234192
0.04742152616381645
0.14414449036121368
0.11531420797109604
0.0603119432926178
0.1318458765745163
0.04197615012526512
0.15289872884750366
0.2497301995754242
0.2909659147262573
0.3036080002784729
0.14446179568767548
0.787386417388916
0.24483492970466614
0.6749821901321411
0.4613581895828247
0.1369101107120514
0.07695290446281433
0.34693148732185364
0.03120778128504753
0.10594791918992996
0.2550477087497711
1.2433581352233887
0.16555392742156982
0.4705010652542114
0.07315222918987274
0.1307002454996109
0.2782750427722931
0.40308016538619995
0.46854978799819946
0.01833849959075451
0.06207147240638733
0.2307891994714737
1.122841238975525
0.1308942288160324
0.14260001480579376
0.1785571277141571
0.13286593556404114
0.021317947655916214
0.5557346343994141
0.08310435712337494
0.41048651933670044
0.43061572313308716
0.0328761450946331
0.15530289709568024
0.42246654629707336
0.16081838309764862
0.42443183064460754
0.26377183198928833
0.11800822615623474
0.06550376117229462
0.1493382304906845
0.0580175407230854
0.13938891887664795
0.2577401399612427
0.42390790581703186
1.0363868474960327
0.7509343028068542
0.27934741973876953
0.12449435889720917
0.17251798510551453
0.08925004303455353
0.2621230483055115
0.1775328665971756
0.036940086632966995
0.24048884212970734
0.7283899188041687
0.12661251425743103
0.09386727958917618
0.11922327429056168
0.1449918895959854
0.38085830211639404
0.42996737360954285
0.8978084921836853
0.09176892042160034
0.26830005645751953
0.2281004786491394
0.6565003991127014
0.04716877266764641
0.5537028908729553
0.16649319231510162
0.12517599761486053
0.2517215609550476
0.18199138343334198
0.17582811415195465
0.37268880009651184
0.12112901359796524
0.2035169154405594
0.19055093824863434
0.4076484739780426
0.2636003792285919
0.43348583579063416
0.11391780525445938
0.249519482254982
0.052606914192438126
0.1667776107788086
0.7912632822990417
0.6481473445892334
0.10610570013523102
0.22596099972724915
0.20899072289466858
0.048320990055799484
0.3272583782672882
0.21857187151908875
0.20337677001953125
0.14306972920894623
0.13110816478729248
0.07369823008775711
0.9207856059074402
0.06376800686120987
0.040167100727558136
0.03244780749082565
0.49896180629730225
0.0743756890296936
0.03552885726094246
0.676901638507843
0.08696360141038895
0.052565135061740875
0.06434720009565353
0.4901849627494812
0.8268054723739624
0.4760739207267761
0.2482123225927353
0.444294273853302
1.141865611076355
0.18489369750022888
0.16237777471542358
0.17508302628993988
0.12679477035999298
0.4527900218963623
0.315862238407135
0.05029560253024101
0.23412379622459412
0.1880272775888443
0.10142642259597778
0.04630419984459877
0.036168359220027924
0.09958245605230331
0.30129095911979675
0.031161421909928322
0.05687917768955231
0.5873793363571167
0.12319117039442062
0.2920398712158203
0.03688213974237442
0.43376442790031433
0.09684327989816666
0.5641346573829651
0.05428947135806084
0.18698365986347198
0.09838459640741348
0.051729124039411545
0.0912100300192833
0.15586526691913605
0.1088508665561676
0.5015708208084106
0.9558169841766357
0.20818595588207245
0.09982036799192429
0.17269688844680786
0.23335711658000946
0.19018831849098206
0.04653441533446312
0.48505663871765137
0.09134380519390106
0.11541005223989487
0.07103970646858215
0.23823781311511993
0.07666444033384323
0.10876855254173279
0.06669676303863525
0.06628398597240448
0.05180485546588898
0.9217395186424255
0.4624481201171875
0.20439592003822327
0.16214752197265625
0.14099939167499542
0.06480944901704788
0.23573029041290283
0.4987748861312866
0.10512956231832504
0.5645309686660767
0.13544194400310516
0.07919257879257202
0.4243505299091339
0.25887995958328247
0.26794862747192383
0.20668485760688782
0.0503796748816967
0.03192109987139702
0.07092653959989548
0.04241151362657547
0.2577957808971405
0.25228866934776306
0.1191682368516922
0.08981948345899582
0.3234740197658539
0.08514916896820068
0.08403053879737854
0.0930347815155983
1.0570696592330933
0.8675646185874939
0.22650912404060364
0.5433247089385986
0.054606273770332336
0.036621496081352234
0.25054335594177246
0.19886866211891174
0.07332707196474075
0.3976368010044098
0.31430622935295105
0.8482896089553833
0.6916185617446899
0.13282990455627441
0.1628158837556839
0.42856985330581665
0.2011696696281433
0.7374737858772278
0.17597459256649017
0.6300849318504333
0.259247750043869
0.16095316410064697
0.15288382768630981
0.07475823909044266
0.2267056405544281
0.5957596898078918
0.07704415172338486
0.20625126361846924
0.6872448325157166
0.16670794785022736
0.07983627915382385
0.11227880418300629
0.11913631111383438
0.1863420307636261
0.11776982247829437
0.1302797645330429
0.06794340908527374
0.6711972951889038
0.16758063435554504
0.10058080404996872
0.08622485399246216
0.046457745134830475
0.041666142642498016
0.7266400456428528
1.0918711423873901
0.5127546787261963
0.07537812739610672
0.05893370136618614
0.08178669214248657
0.18028022348880768
0.15574654936790466
0.14316889643669128
0.1263783872127533
0.1871546357870102
0.1612510085105896
0.38932567834854126
0.09208088368177414
0.04127040132880211
0.16835765540599823
0.23212791979312897
0.95694500207901
0.3503737151622772
0.17899808287620544
0.07476324588060379
0.50995934009552
0.12502416968345642
0.2942391633987427
0.1756153553724289
0.13605593144893646
0.302855908870697
0.7626138925552368
0.08809728920459747
0.20664359629154205
0.10978054255247116
0.196305513381958
0.05037755146622658
0.06992967426776886
0.08304154872894287
0.8201714754104614
0.17262983322143555
0.11223866790533066
0.10211481153964996
0.23574906587600708
0.20355409383773804
0.14651143550872803
0.09776951372623444
0.25750213861465454
0.17641308903694153
0.12162826955318451
0.35099977254867554
0.07720378786325455
0.04342089965939522
0.6670917868614197
0.06775185465812683
0.19587911665439606
0.15562140941619873
0.3945539593696594
0.5266420841217041
0.13280948996543884
0.24531862139701843
0.11579538136720657
0.044000763446092606
0.1435544490814209
0.032533735036849976
0.0797801986336708
0.07555058598518372
0.07560960203409195
0.06916957348585129
0.05291184037923813
0.3232424855232239
0.03587587550282478
0.6643499732017517
0.048114627599716187
0.11311428248882294
0.05401292070746422
0.3547794222831726
0.7037815451622009
0.05101272836327553
0.07296190410852432
0.209481880068779
0.09850967675447464
0.14001289010047913
0.07223375141620636
0.10040713101625443
0.06886392831802368
0.11758842319250107
0.22332054376602173
0.0659012645483017
0.5728335380554199
0.153847336769104
0.21000400185585022
0.45734232664108276
0.17126667499542236
0.037978217005729675
0.15785899758338928
0.8059888482093811
0.10012031346559525
0.19196972250938416
0.045169468969106674
0.09796565771102905
0.08358334749937057
0.06590408831834793
0.21935409307479858
0.06564337015151978
0.14948394894599915
0.07211177796125412
0.22311624884605408
1.4080145359039307
0.6371007561683655
0.05000496655702591
0.07821540534496307
0.8601571917533875
0.0938810408115387
0.04069389030337334
0.2953147292137146
0.05577239394187927
0.19046320021152496
0.10145872831344604
0.10916691273450851
0.15896373987197876
0.21490062773227692
0.3614087998867035
0.41511932015419006
0.11371725797653198
0.9227486252784729
0.36520540714263916
0.044410448521375656
0.1362318992614746
0.4873007833957672
0.3001675605773926
0.08105499297380447
0.04075644910335541
0.049706365913152695
0.0549873411655426
0.2140023410320282
0.03575773909687996
0.17667199671268463
0.2116994559764862
0.4437807500362396
0.06023997813463211
1.0793415307998657
0.030660482123494148
0.5493242740631104
0.041667040437459946
0.7789428234100342
0.12823134660720825
0.16200534999370575
0.29419559240341187
0.12358012050390244
0.11005868762731552
0.3655172288417816
0.31621208786964417
0.30808648467063904
0.32028910517692566
0.09256624430418015
0.11107194423675537
0.09655522555112839
0.11279184371232986
0.32858914136886597
0.11027353256940842
0.08391274511814117
0.7105166912078857
0.21495428681373596
0.09080377221107483
0.2727683186531067
0.17309077084064484
1.7656100988388062
0.5814839005470276
0.04936448857188225
0.04604589194059372
0.022286435589194298
0.7066553235054016
0.19592519104480743
0.12115731090307236
0.4545747935771942
0.6458202004432678
0.23729252815246582
0.34569135308265686
0.10786812752485275
0.17188549041748047
0.2780555188655853
0.5689166784286499
0.8344910144805908
0.30774644017219543
0.18140612542629242
0.17489250004291534
0.2303975522518158
0.14710471034049988
0.14174994826316833
0.07917974889278412
0.13308052718639374
0.220392644405365
0.0631258562207222
0.09221683442592621
0.26914089918136597
0.6453225612640381
0.8729789853096008
0.11345501244068146
0.47095125913619995
0.03469238057732582
0.15407304465770721
0.10872182250022888
0.45203226804733276
0.5836389660835266
0.04036705940961838
0.053623490035533905
0.318937748670578
0.12484049797058105
0.2839227318763733
0.19067606329917908
0.38987547159194946
0.2459283322095871
0.33706048130989075
0.3097119629383087
0.09566115587949753
0.8263399600982666
0.3778713047504425
0.03857570141553879
0.14927421510219574
0.0991927832365036
0.4067517817020416
0.062023550271987915
0.0522729828953743
0.24535197019577026
0.2710573077201843
0.3722726106643677
0.31910625100135803
0.2259286344051361
0.07034808397293091
0.3415243625640869
0.13579797744750977
0.17670144140720367
0.09445202350616455
0.552975594997406
0.1223297119140625
0.20841102302074432
0.15108591318130493
0.09523064643144608
0.2744946777820587
0.323643296957016
0.2518440783023834
0.11225968599319458
0.1482834368944168
1.1133116483688354
0.22176827490329742
0.0745076984167099
0.23644843697547913
0.07828390598297119
0.24013517796993256
0.10175816714763641
0.36835214495658875
0.04753818362951279
0.4757629334926605
0.19417758285999298
0.08913686126470566
0.10235875844955444
0.07886844873428345
0.6079652905464172
0.3803848326206207
0.2506312429904938
0.08551362156867981
0.24025219678878784
0.14057543873786926
0.1089305654168129
0.034071072936058044
0.13389143347740173
0.47415024042129517
0.024633832275867462
0.05964592099189758
0.1573418378829956
0.7271703481674194
0.10886076092720032
0.19369632005691528
0.1402353197336197
0.03128546476364136
0.17281104624271393
0.05982620641589165
0.13678205013275146
0.16364699602127075
0.1500748246908188
0.09390517324209213
0.1240949034690857
0.10255646705627441
0.29240500926971436
0.08516252785921097
0.10920172929763794
0.03979878127574921
0.047368090599775314
0.06385378539562225
0.014796041883528233
0.3453982472419739
0.5046299695968628
0.043723978102207184
0.0385955348610878
0.1533430516719818
0.06746914237737656
0.05755644291639328
0.05502408742904663
1.2074931859970093
0.052664853632450104
0.1746809184551239
0.3718026280403137
0.2381671816110611
0.2962162494659424
0.07496973872184753
0.14112921059131622
0.09293759614229202
0.02883424051105976
0.42219921946525574
0.24093353748321533
0.09191514551639557
1.3256490230560303
0.14532411098480225
0.46521440148353577
0.32147863507270813
0.7596465349197388
0.09946545213460922
0.07320679724216461
0.07221202552318573
0.252013623714447
0.12946254014968872
0.17445524036884308
0.09148485213518143
0.3386549949645996
0.06983806192874908
0.08012226969003677
0.19456440210342407
0.14505688846111298
0.10915006697177887
1.2962888479232788
0.22575317323207855
0.19446635246276855
0.1801028996706009
0.08060833066701889
0.25345465540885925
0.30629071593284607
0.18047866225242615
0.2615545094013214
1.5580683946609497
0.1518172323703766
0.03771839290857315
0.34292522072792053
0.7658267617225647
0.12985441088676453
0.15145744383335114
0.32258889079093933
0.04372931271791458
0.038267750293016434
0.08931592851877213
0.17539657652378082
0.2540343701839447
0.1722337007522583
0.24467343091964722
0.1652500480413437
0.3585957884788513
0.17325958609580994
0.18587236106395721
0.19376212358474731
0.07509001344442368
0.09105183184146881
0.13270588219165802
0.03229627013206482
0.06518570333719254
0.09629403054714203
0.05744192376732826
0.6818647384643555
0.040011730045080185
0.35656097531318665
0.846490204334259
0.13307411968708038
1.94614839553833
0.3779754042625427
0.6567522287368774
0.0667102262377739
0.12792204320430756
0.2368759661912918
0.20718896389007568
0.3774135112762451
0.40059950947761536
0.1393454521894455
0.3544524312019348
0.12715202569961548
0.2797970771789551
0.5318048596382141
0.15437562763690948
0.6297518014907837
0.3678893446922302
0.0888025313615799
0.5072373151779175
0.35137292742729187
0.11935333907604218
0.2151123434305191
0.023395365104079247
0.7132349610328674
0.062103673815727234
0.3849780559539795
0.12678934633731842
0.0722045749425888
0.18511933088302612
0.2011551707983017
0.15067699551582336
0.3593025803565979
0.08338312804698944
0.3649396300315857
0.3108333945274353
0.3785058856010437
0.20064185559749603
0.32567161321640015
0.05243649706244469
0.08966398239135742
0.1375301331281662
0.13783703744411469
0.10034409910440445
0.20036068558692932
0.07473340630531311
0.18790119886398315
0.15917328000068665
0.1677911877632141
0.04106001928448677
0.05274258181452751
0.23218481242656708
0.13026590645313263
0.06223668158054352
1.0282455682754517
0.05375321954488754
0.03727612644433975
0.07553963363170624
0.0611831396818161
0.11593741178512573
0.277829110622406
0.2339477688074112
0.8128780126571655
0.4772476553916931
0.11859656870365143
0.1398228108882904
0.4441409409046173
0.08587474375963211
0.13624651730060577
0.21536310017108917
0.12537463009357452
0.1537669152021408
0.09097680449485779
0.12042880803346634
0.2891080379486084
0.5987334251403809
0.036130618304014206
0.23426663875579834
0.49466174840927124
0.17052578926086426
0.11863727867603302
0.23677943646907806
0.23712323606014252
0.1866106241941452
0.19235172867774963
0.07048019766807556
0.04148360341787338
0.4961760640144348
0.21415363252162933
0.2078598141670227
0.06968209147453308
0.19998112320899963
0.06801497936248779
0.20441661775112152
0.17144924402236938
0.3739871084690094
0.5318118333816528
0.37205594778060913
0.13192075490951538
0.6001749634742737
0.05638547241687775
0.1797109842300415
0.015218659304082394
0.041854288429021835
0.14219485223293304
0.537129282951355
1.1273521184921265
0.03355741873383522
0.39683645963668823
0.21244312822818756
0.2699171304702759
0.08188478648662567
0.3748973608016968
0.054918333888053894
0.31011930108070374
0.12241681665182114
0.24406209588050842
0.17694252729415894
0.14438199996948242
0.3920614719390869
0.1642540544271469
0.3322458267211914
0.06424680352210999
0.1866949200630188
0.07749902456998825
0.07018525153398514
0.07637308537960052
0.18251612782478333
0.35414057970046997
0.18523401021957397
0.04568115249276161
0.052663009613752365
0.2553771436214447
0.1268991231918335
0.11652222275733948
0.29078492522239685
0.17773066461086273
0.14615517854690552
0.05726068094372749
0.16950003802776337
0.0278113204985857
0.08937268704175949
0.6827296018600464
0.5742660164833069
0.10913141816854477
0.0695696622133255
0.09276940673589706
0.13432055711746216
0.16966572403907776
0.15631434321403503
0.26232558488845825
0.15471579134464264
1.1102365255355835
0.0875336155295372
0.160517156124115
0.19221745431423187
0.09196891635656357
0.3615621030330658
0.6906262636184692
0.4809662401676178
0.11906946450471878
0.44006723165512085
0.12897998094558716
0.22620169818401337
0.7695983052253723
0.17156274616718292
0.08675868064165115
0.9825878739356995
0.1741051822900772
0.08515988290309906
0.22995592653751373
0.5611441135406494
0.05402325838804245
0.13048744201660156
1.2464579343795776
0.5987383127212524
0.2554072439670563
0.11490759253501892
0.1956561654806137
0.12369459867477417
0.23062367737293243
0.047172971069812775
0.06810760498046875
0.12471460551023483
0.127822145819664
0.18784189224243164
0.32498493790626526
0.6016194224357605
0.051702830940485
0.32406318187713623
0.40923070907592773
0.1479235291481018
0.0627976581454277
0.530955970287323
0.06020243465900421
0.16535307466983795
0.2083086371421814
0.14487537741661072
0.09179546684026718
0.1755034178495407
0.7896755933761597
0.0652652233839035
0.46776601672172546
0.118733249604702
0.5379501581192017
0.04953627660870552
0.15619954466819763
0.1953659951686859
0.17430859804153442
0.06601879745721817
0.1365685760974884
0.3022986650466919
0.1262047290802002
0.04074393957853317
0.18404728174209595
0.6235743165016174
0.5511953830718994
0.10845402628183365
0.016788119450211525
0.18666401505470276
0.08393434435129166
0.10162597894668579
0.2931145131587982
0.05892248451709747
0.17461878061294556
0.5372227430343628
0.15791575610637665
0.1409454494714737
0.23476073145866394
0.20373287796974182
0.03768978267908096
0.07313773036003113
0.21927817165851593
0.183916375041008
0.11365387588739395
0.12244628369808197
0.10548163950443268
0.05713439732789993
0.31014329195022583
0.04461398720741272
0.05127689242362976
0.07560423761606216
0.11098629236221313
0.21542516350746155
0.29854944348335266
0.16413724422454834
0.6917155385017395
0.4076516926288605
0.14799603819847107
0.06512507051229477
0.19902624189853668
0.24142704904079437
0.04557795822620392
0.09254749864339828
0.3841324746608734
0.17587746679782867
1.2108808755874634
0.0330495648086071
0.7035014629364014
0.20272158086299896
0.06644439697265625
0.05193076655268669
0.08255528658628464
0.2596341073513031
0.4558585286140442
0.1249343752861023
0.16015088558197021
0.056150805205106735
0.17372778058052063
0.2503473460674286
0.07112439721822739
0.17075790464878082
0.11222394555807114
0.04119550809264183
0.2817029654979706
0.21840624511241913
1.011871337890625
0.15272828936576843
0.22238852083683014
0.16042166948318481
0.05042561516165733
0.05432663485407829
0.3159017562866211
0.15992629528045654
0.1194181963801384
0.6300305724143982
0.1963483691215515
0.7636062502861023
0.38836371898651123
1.143970251083374
0.0880448967218399
0.03983711823821068
0.24795590341091156
0.2174815684556961
0.03966739401221275
0.1020980179309845
0.03642779216170311
0.05976632982492447
0.07649177312850952
0.12581096589565277
0.2262161523103714
0.15908922255039215
0.4592403173446655
0.2246512919664383
0.1128828376531601
0.03797378018498421
0.17563171684741974
0.13486236333847046
0.03784962743520737
0.14665554463863373
0.13293226063251495
0.07637807726860046
0.1671244353055954
0.060707446187734604
2.0885422229766846
0.09707541018724442
0.07682882249355316
0.0779096782207489
0.3246644139289856
0.11305059492588043
0.21274018287658691
0.10453992336988449
0.05597919598221779
0.6126344799995422
0.1891300231218338
0.10287569463253021
0.33326777815818787
0.09895195066928864
0.13851389288902283
0.19317680597305298
0.4628854990005493
0.6226211786270142
0.3618296980857849
0.10610155761241913
0.591934084892273
0.2626323103904724
0.1047750934958458
0.06399109959602356
0.18346372246742249
0.20068494975566864
0.2631937861442566
0.1165366917848587
0.4212466776371002
0.1784815937280655
0.5129040479660034
0.10830321907997131
0.08786746859550476
0.2063000500202179
0.12047738581895828
0.04564580321311951
0.12716372311115265
0.6119148135185242
0.5629794597625732
0.3346617519855499
0.08462633192539215
0.25760042667388916
0.11431238800287247
0.46499550342559814
0.06695301085710526
0.10220839828252792
0.23771701753139496
0.06646258383989334
0.9459181427955627
0.19932374358177185
0.31910207867622375
0.5489464998245239
0.06806731969118118
0.13072443008422852
0.059798434376716614
0.05983815714716911
0.16628271341323853
0.4787499010562897
0.451190710067749
0.4652271270751953
0.2561901807785034
0.26514533162117004
0.1978791207075119
0.20045316219329834
0.13500989973545074
0.4796362817287445
0.18492653965950012
0.15268643200397491
0.1141008511185646
0.6131577491760254
0.055033136159181595
0.09176965057849884
0.07792947441339493
0.4329965114593506
0.08835513889789581
0.17515186965465546
0.452745646238327
0.03468254208564758
0.8042060136795044
0.3053223192691803
0.07638238370418549
0.31961777806282043
0.17552299797534943
0.2633254826068878
0.23501688241958618
0.2738136053085327
0.09414470195770264
0.361097514629364
0.3587748110294342
0.13098078966140747
0.11125395447015762
0.08273705095052719
0.2570243179798126
1.0865904092788696
0.15105947852134705
0.08853358030319214
0.022975612431764603
0.2660333514213562
0.06894732266664505
0.09894277155399323
0.05355661362409592
0.23639057576656342
0.468063622713089
0.10836805403232574
0.08436446636915207
0.12974636256694794
0.13399668037891388
0.05982746556401253
0.05997614562511444
0.20271086692810059
0.09572628140449524
0.29075923562049866
0.0440414696931839
0.7240590453147888
0.4795985221862793
0.6133660078048706
0.07581855356693268
0.07762345671653748
0.08407802879810333
0.7346507906913757
0.06229868531227112
0.07409204542636871
0.09377050399780273
0.33212119340896606
0.06963426619768143
0.2338690161705017
0.1753641664981842
0.14660468697547913
0.12896257638931274
0.16960091888904572
0.09404481202363968
0.44377776980400085
0.14553268253803253
0.059978142380714417
0.07914329320192337
0.18252728879451752
0.40286996960639954
0.42451706528663635
0.0796687975525856
0.3557972013950348
0.07341145724058151
0.13675500452518463
0.15585561096668243
0.11388473957777023
0.6367812752723694
0.3616988956928253
0.09885028749704361
0.12058841437101364
0.13156944513320923
0.03527750447392464
0.10104848444461823
0.22940844297409058
0.18966981768608093
0.05885244160890579
0.04471253231167793
0.05443382263183594
0.23759721219539642
0.3067742586135864
0.16221345961093903
0.268779456615448
0.13899478316307068
0.17948320508003235
0.06597312539815903
0.32304301857948303
0.6616368293762207
0.6971389651298523
0.05290267989039421
0.06393823772668839
0.16433139145374298
0.28951093554496765
0.03008619323372841
0.09634409099817276
0.5292720794677734
0.5499606728553772
0.05253775045275688
0.10200541466474533
0.40772727131843567
0.1810217797756195
0.41655996441841125
0.10775497555732727
0.18670445680618286
0.17904244363307953
0.4406883716583252
0.07864030450582504
0.21710336208343506
0.12138615548610687
0.12556849420070648
0.24990399181842804
0.47693708539009094
0.40694695711135864
0.17933432757854462
0.10084142535924911
0.09619252383708954
0.13858908414840698
0.08214735239744186
0.05592997744679451
0.05295729264616966
0.04548724740743637
0.13965722918510437
0.11370102316141129
0.19705644249916077
0.21766987442970276
0.13748055696487427
0.6008365750312805
0.04422185570001602
0.37490126490592957
0.15096275508403778
0.031034283339977264
0.06656115502119064
0.03924736753106117
0.8558030128479004
0.09237852692604065
0.20449700951576233
0.2188011109828949
0.056735534220933914
0.06674539297819138
0.07203193008899689
0.0889892429113388
0.6539847254753113
0.2307935506105423
0.4461953043937683
0.029562385752797127
0.2082320749759674
0.28611645102500916
0.05533377081155777
0.3222384750843048
0.11746105551719666
0.1255936175584793
0.11016012728214264
0.0509832464158535
0.05294734984636307
0.5533966422080994
0.1087333932518959
0.32548338174819946
0.08442018926143646
0.2572636008262634
0.2188567817211151
0.37293392419815063
0.20217964053153992
0.301914244890213
0.13558019697666168
0.25615715980529785
0.2567066252231598
0.3215618133544922
0.1339237540960312
0.10804374516010284
0.22250844538211823
0.09291437268257141
0.09622476249933243
0.04044745862483978
0.11497746407985687
0.12702201306819916
0.03236997500061989
0.6247649788856506
0.1463693231344223
0.05109231919050217
0.06803739815950394
0.06727053970098495
0.14546823501586914
0.17608542740345
0.27884387969970703
0.07483669370412827
0.3385734558105469
0.12341464310884476
0.13727571070194244
0.07564236968755722
0.10966144502162933
0.1820395439863205
0.11533622443675995
0.04895554855465889
0.07090189307928085
0.08900884538888931
0.07695839554071426
0.03832010552287102
0.4590652585029602
0.06814491748809814
0.36554476618766785
0.6353592872619629
0.4785113036632538
0.3416944444179535
0.11261994391679764
0.0794912576675415
0.1576899141073227
0.17844444513320923
0.7685001492500305
0.03392207995057106
0.3742297291755676
0.2546060383319855
0.12463261187076569
0.18100950121879578
0.2651904821395874
0.23382723331451416
0.08704042434692383
0.4975382685661316
0.5012194514274597
0.06613457202911377
0.280717134475708
0.15469489991664886
0.1396220177412033
0.42893293499946594
1.0831056833267212
0.10456828027963638
0.4267387092113495
0.06852345913648605
0.03129621222615242
0.077779620885849
0.05225474759936333
0.04088537395000458
0.28506770730018616
0.29843220114707947
0.11272077262401581
0.0846741572022438
0.37252098321914673
0.07710058987140656
0.6819503903388977
0.05586129054427147
0.19912011921405792
0.08726998418569565
0.3453558087348938
0.07474561780691147
0.18716342747211456
0.26920032501220703
0.2963937520980835
0.09581762552261353
0.20717094838619232
0.22140389680862427
0.519664466381073
0.07214675098657608
0.6511452198028564
0.18411970138549805
0.09617406874895096
0.1475602686405182
0.029493341222405434
0.1040092408657074
0.8307514190673828
0.08476316928863525
0.04224558174610138
0.12672023475170135
0.07610221952199936
0.22200922667980194
0.0655856803059578
0.4070262312889099
0.041657425463199615
0.05814192444086075
0.14016957581043243
0.2264297753572464
0.1757589727640152
0.17044241726398468
0.05712905898690224
0.15696224570274353
0.05690235272049904
0.060081761330366135
0.17200146615505219
0.0946137085556984
0.2227482795715332
0.15378133952617645
0.13750839233398438
0.4497992992401123
0.6628822088241577
0.0763373002409935
0.17640578746795654
0.8646742105484009
0.060247790068387985
0.028972549363970757
0.9828585982322693
0.26090842485427856
0.05975530669093132
0.08624376356601715
0.22984321415424347
0.16667959094047546
0.14263151586055756
0.09682014584541321
0.09689777344465256
0.055290088057518005
0.11813075840473175
0.24966083467006683
0.3674895465373993
0.08858761936426163
0.06915587186813354
0.2686653435230255
0.11909346282482147
0.16705721616744995
0.14485906064510345
0.18766656517982483
0.4951646327972412
0.29297930002212524
0.24450401961803436
0.338051974773407
0.12609635293483734
0.17115278542041779
0.07571443915367126
0.2117820680141449
0.06705817580223083
0.16463108360767365
0.03885268792510033
0.13148903846740723
0.08518488705158234
1.4482775926589966
0.17374873161315918
0.015769749879837036
0.2610684633255005
0.02284642867743969
0.10359630733728409
0.08982072025537491
0.024011891335248947
0.39316269755363464
0.6226134896278381
0.3166508078575134
0.0246508177369833
0.1531192809343338
0.30762872099876404
0.10594548285007477
0.14449277520179749
0.09711454063653946
0.12400707602500916
0.42802694439888
0.18399269878864288
0.21456937491893768
0.12450313568115234
0.05487631633877754
0.11808960884809494
0.11293651908636093
0.19783934950828552
0.7042952179908752
0.13160285353660583
0.14497658610343933
0.14279933273792267
0.052192382514476776
0.2126368135213852
0.2428252100944519
0.3824954330921173
0.3893887400627136
0.06934445351362228
0.29732802510261536
0.3489166796207428
0.20956440269947052
0.09447558224201202
0.2512819766998291
0.340353399515152
0.0632239505648613
0.09596965461969376
0.08308755606412888
0.17328475415706635
0.04555884376168251
1.2970144748687744
0.2040369212627411
0.27912405133247375
0.03786014765501022
0.06055646762251854
0.20127704739570618
0.09762243181467056
0.4769749939441681
0.31207990646362305
0.07170164585113525
0.11210210621356964
0.20117917656898499
0.0895887091755867
0.24585433304309845
0.2676614820957184
0.13103550672531128
0.17962194979190826
0.10933537036180496
0.2214546501636505
0.11641456931829453
0.04189319536089897
0.13680414855480194
0.03338783606886864
0.14516672492027283
0.26126980781555176
0.36851367354393005
0.118064746260643
0.5545700192451477
0.13566195964813232
0.15646524727344513
0.12129982560873032
0.26441580057144165
0.5646713972091675
0.06204691156744957
0.13774825632572174
0.10247592628002167
0.5649025440216064
0.025203149765729904
0.09698069095611572
0.10674483329057693
0.09674913436174393
0.8883600234985352
0.710536539554596
0.751247227191925
0.20829550921916962
0.11270706355571747
0.244394451379776
0.21379032731056213
0.3775820732116699
0.42442548274993896
0.151826411485672
0.7292486429214478
0.1198032945394516
0.4249582290649414
0.12536978721618652
0.32671380043029785
0.13011372089385986
0.4419507682323456
0.4544917941093445
0.5413211584091187
0.2946036159992218
0.28628358244895935
0.35075023770332336
0.09657090157270432
0.25235605239868164
0.12104558944702148
0.1584983915090561
0.060311608016490936
0.08497044444084167
0.09485717862844467
0.13435062766075134
0.05214996263384819
0.11657006293535233
0.19474081695079803
0.08060650527477264
0.1145850196480751
0.5375856161117554
0.9504349231719971
0.07636109739542007
0.17791888117790222
0.036862581968307495
0.08212465792894363
0.10475540161132812
0.6557096242904663
0.07056863605976105
0.028344402089715004
0.06082532927393913
0.13410714268684387
0.1886906772851944
0.08973542600870132
0.03288708254694939
0.7341271638870239
1.461174488067627
0.06472549587488174
0.12120039016008377
0.12318281829357147
0.1323007345199585
0.0985746756196022
0.10606168210506439
0.34188371896743774
0.2943589687347412
0.13135381042957306
0.25216567516326904
0.15042011439800262
0.13443467020988464
0.40605810284614563
0.22595828771591187
0.18800146877765656
0.16364148259162903
0.02178793027997017
0.1506008803844452
0.10994832217693329
0.16391026973724365
0.03822382539510727
0.5723531246185303
0.49945682287216187
0.5036967396736145
0.05439628288149834
0.023329420015215874
0.14196568727493286
0.09467940777540207
1.273158311843872
0.09801274538040161
0.039521895349025726
0.057379234582185745
0.07977260649204254
0.060609009116888046
0.485496461391449
0.1129089966416359
0.2856863737106323
0.27383941411972046
0.14737899601459503
0.05176630616188049
0.0985969826579094
0.342985063791275
0.033899787813425064
0.12930947542190552
0.13513289391994476
0.12399501353502274
0.07143113017082214
0.11511244624853134
0.09816419333219528
0.058937814086675644
0.11578229814767838
1.1223875284194946
0.28426533937454224
0.2337050437927246
0.08328511565923691
0.05400034040212631
0.3976157009601593
0.25793957710266113
0.2129821926355362
0.10550146549940109
0.10784027725458145
0.30389925837516785
0.21875999867916107
0.3561357259750366
0.06312035769224167
0.6699607372283936
0.38173919916152954
0.49817684292793274
0.5878363847732544
0.20554213225841522
0.2106524109840393
0.5400304198265076
0.18822604417800903
0.08836006373167038
0.11944704502820969
0.17476679384708405
0.1049712523818016
0.36981379985809326
0.1091904491186142
0.06733504682779312
0.17255429923534393
0.24237848818302155
0.3470495641231537
0.2259337306022644
0.22149138152599335
0.16014647483825684
0.05634075775742531
0.03936324268579483
0.042850736528635025
0.7347996830940247
0.06991828233003616
0.018851622939109802
0.2329230159521103
0.06579999625682831
0.047876354306936264
0.28518790006637573
0.11050105839967728
0.05498595908284187
0.10658981651067734
0.09461898356676102
0.02508395165205002
0.05466561019420624
0.024368057027459145
1.7360798120498657
0.35947269201278687
0.028235748410224915
0.04345747083425522
0.11991491168737411
0.33441439270973206
0.14874181151390076
0.1758144497871399
1.492933988571167
0.6647874116897583
0.0823376476764679
0.05243145674467087
0.4187964200973511
0.22170838713645935
0.10470329225063324
0.2026100754737854
0.22512748837471008
0.13209056854248047
0.16376207768917084
0.2086486518383026
0.3277139663696289
0.2384069263935089
0.2653478980064392
0.21436047554016113
0.07496652752161026
0.03601576387882233
0.16350050270557404
0.03309919312596321
0.07998493313789368
0.06548241525888443
0.055348850786685944
0.07517997920513153
0.02139013260602951
0.2975296676158905
0.08304228633642197
1.8919256925582886
0.028490496799349785
1.5291626453399658
0.8987827897071838
0.607035756111145
0.05500536784529686
0.33551356196403503
0.35500359535217285
0.13343994319438934
0.09023448824882507
0.06126529350876808
0.16759978234767914
0.19745811820030212
0.12573109567165375
0.1122753769159317
0.16926319897174835
0.7086515426635742
0.23403529822826385
0.668438196182251
0.5914182662963867
0.28349605202674866
0.46592915058135986
0.35508495569229126
0.48085495829582214
0.17280185222625732
0.15025486052036285
0.40557828545570374
0.07191414386034012
0.26021653413772583
0.08820775151252747
0.09726572036743164
0.07105626910924911
0.05747005343437195
0.09523947536945343
0.05727531760931015
0.6925175189971924
0.1840699464082718
0.10179826617240906
0.07748845964670181
0.5050757527351379
0.10489213466644287
0.10142645984888077
0.3902011513710022
0.10039122402667999
0.20266695320606232
0.18445298075675964
0.060089465230703354
0.23927633464336395
0.059300731867551804
0.11535794287919998
0.6286770105361938
0.1227300614118576
0.057176556438207626
0.29433026909828186
0.2575729787349701
0.2638992667198181
0.24165195226669312
0.24041615426540375
0.17600739002227783
0.07510167360305786
0.08411545306444168
0.2850707173347473
0.10977578163146973
0.1241651177406311
0.07944121956825256
1.0909056663513184
0.4959358274936676
0.17312142252922058
0.06898384541273117
0.040876470506191254
0.11046864837408066
0.07190785557031631
0.10824321210384369
0.12733842432498932
0.18042750656604767
0.26362621784210205
0.10273749381303787
0.2320701628923416
0.11000971496105194
0.06710529327392578
0.07974180579185486
0.13093294203281403
0.05805717781186104
0.040369898080825806
0.07421015202999115
0.27520591020584106
0.06510029733181
0.1811690330505371
0.15158376097679138
0.2717631161212921
0.20302774012088776
0.07850414514541626
0.04838244989514351
0.10904978960752487
0.4362485706806183
0.12168163806200027
1.5637893676757812
0.04125118628144264
0.35676664113998413
0.49456098675727844
0.09643904119729996
0.1617518812417984
0.27718880772590637
0.3651510775089264
0.14599831402301788
0.5427486896514893
0.4406491219997406
0.2492477297782898
0.23660852015018463
0.28468242287635803
0.09663047641515732
0.24711456894874573
0.13201268017292023
0.10780499130487442
0.2572695314884186
0.036126621067523956
0.3440670371055603
0.10263561457395554
0.23489601910114288
0.08078398555517197
0.6411781311035156
0.20433343946933746
0.07313729077577591
0.0403665229678154
0.1545248180627823
0.05304180830717087
0.09252060949802399
0.15985216200351715
0.15285217761993408
0.038585320115089417
1.758890986442566
0.08322980254888535
0.03355902060866356
0.1752013862133026
0.23710159957408905
1.330340027809143
0.07960439473390579
0.3646525740623474
0.3292625844478607
0.11818099021911621
0.20324155688285828
0.5266644358634949
0.15427450835704803
0.04315744340419769
0.1748175323009491
0.22317694127559662
0.046547841280698776
0.10740134119987488
0.1274367868900299
0.1364104151725769
0.2483498901128769
0.2834295928478241
0.32684868574142456
0.06121068075299263
0.5175852179527283
0.586149275302887
0.03784382343292236
0.19674113392829895
0.5900126695632935
0.10062060505151749
0.055188778787851334
0.20142677426338196
0.12095491588115692
0.16246283054351807
0.5167089104652405
0.19291168451309204
0.22124823927879333
0.044534508138895035
0.18269506096839905
0.19127140939235687
0.07026305794715881
0.3745219111442566
0.10653042048215866
0.12074379622936249
0.5586603283882141
0.08217478543519974
0.2343684583902359
0.5311769247055054
0.23702557384967804
0.07572970539331436
0.17118068039417267
0.1802714467048645
0.2614053189754486
0.08612477779388428
0.09326266497373581
0.22971932590007782
0.08898396044969559
0.0831892192363739
0.045697301626205444
0.12553070485591888
0.2671685516834259
0.10651862621307373
0.09796949476003647
0.4109482765197754
0.07902993261814117
0.12771941721439362
0.13598337769508362
0.03575046733021736
0.0934600830078125
0.021797798573970795
0.02274061180651188
0.038660429418087006
0.055355772376060486
0.34287068247795105
0.9089449048042297
0.13230834901332855
0.10368754714727402
0.6122748851776123
0.06801220774650574
0.18112631142139435
0.14496856927871704
0.17244237661361694
0.13702143728733063
0.46411770582199097
0.08360721915960312
0.28351977467536926
0.04102322831749916
0.17471666634082794
0.04455135017633438
0.9557927250862122
0.25089818239212036
0.08063258975744247
0.4489856958389282
0.04162395000457764
1.26308274269104
0.20069649815559387
0.049373358488082886
0.05395389348268509
0.20353436470031738
0.7737537622451782
1.1081898212432861
0.36635273694992065
0.01701122149825096
0.24346190690994263
0.4318252205848694
0.7605923414230347
0.03439522534608841
0.49390819668769836
0.10380447655916214
0.12834155559539795
0.21632596850395203
0.13499054312705994
0.28010350465774536
0.1442982703447342
0.2578892409801483
0.03634754568338394
0.38212859630584717
0.03337734192609787
0.029955729842185974
0.07723847776651382
0.07516588270664215
0.16561122238636017
0.04648534953594208
0.239176943898201
0.07739444077014923
1.012439250946045
0.06510716676712036
0.2804892063140869
0.32312390208244324
0.05972769111394882
0.18877634406089783
0.10392298549413681
0.5676025152206421
0.024326110258698463
0.2269151359796524
0.15025967359542847
0.2015029937028885
0.21497011184692383
0.6117815971374512
0.07250374555587769
0.20828233659267426
0.390383243560791
0.12501783668994904
0.34645500779151917
0.23237833380699158
0.4555269479751587
0.12704499065876007
0.21686698496341705
0.07314034551382065
0.19115519523620605
0.06209450960159302
0.2692781686782837
0.16646236181259155
0.1809409260749817
0.23463043570518494
0.06804119795560837
0.3391108810901642
0.1059945747256279
0.07353311032056808
0.21834403276443481
0.0362362340092659
0.10766569525003433
0.29341796040534973
0.06262197345495224
0.3361421823501587
0.09182144701480865
0.3207748532295227
0.08277422934770584
0.2165672481060028
0.11435770988464355
0.34253090620040894
0.2223014086484909
1.0972965955734253
0.06596629321575165
0.125731959939003
0.5029473304748535
0.2726142406463623
0.5682246088981628
0.1285713165998459
0.48725783824920654
0.09614633768796921
0.31958577036857605
0.2347438633441925
0.2743261158466339
0.07469060271978378
0.11368875205516815
0.09364751726388931
0.1588035374879837
0.39523571729660034
0.04167719557881355
0.23280274868011475
0.2725808322429657
0.03742573782801628
0.13907726109027863
0.8391167521476746
0.07972646504640579
0.3550833463668823
0.056660473346710205
0.8180049061775208
0.07241328805685043
0.16785693168640137
0.06016191095113754
0.07357670366764069
0.03271028399467468
0.10134179145097733
0.171981081366539
0.22478392720222473
0.06335345655679703
0.14064034819602966
0.04700553044676781
0.42887601256370544
0.11169028282165527
0.04041288420557976
0.2742432653903961
0.03436467796564102
0.06379266083240509
0.07400109618902206
0.21256303787231445
0.7521050572395325
0.14108872413635254
0.81153804063797
0.06433162838220596
0.0922948345541954
0.2743745446205139
0.23289193212985992
0.08928878605365753
0.11066872626543045
0.45044833421707153
0.3499467968940735
0.05743369087576866
0.48381277918815613
0.39313679933547974
0.18654181063175201
0.3734924793243408
0.10999086499214172
0.30165162682533264
0.16339676082134247
0.11487267911434174
0.05670790374279022
0.041413482278585434
0.2858867645263672
0.16583310067653656
0.1116117313504219
0.4438737630844116
0.23846213519573212
0.4066990613937378
0.21790166199207306
0.04070945456624031
0.2625090181827545
0.1560700684785843
0.14759881794452667
0.10253476351499557
0.32964828610420227
0.23523305356502533
0.1527569741010666
0.418067067861557
0.15062296390533447
0.2784246504306793
0.09922429174184799
0.18261738121509552
0.5593893527984619
0.35711607336997986
1.2221778631210327
0.16231971979141235
0.13042579591274261
0.9026206731796265
0.05336882919073105
0.21718232333660126
0.19406062364578247
0.028050780296325684
0.2351265251636505
0.20502382516860962
0.19143666326999664
0.07151985168457031
0.4669130742549896
0.10046941787004471
0.7789962887763977
0.14661724865436554
0.1572398543357849
0.17371726036071777
0.47210198640823364
0.548730731010437
0.3313239812850952
0.09842819720506668
0.09568552672863007
0.18130049109458923
0.5452463030815125
0.26176273822784424
0.5213849544525146
0.09169501811265945
0.24502083659172058
0.2008437067270279
0.09314572811126709
0.14694416522979736
0.039811231195926666
0.1591523289680481
0.31892549991607666
0.09248539805412292
0.2044508159160614
0.13431337475776672
0.24122126400470734
0.047917842864990234
0.1608152687549591
0.13971546292304993
0.12628357112407684
0.13039657473564148
0.04689255729317665
0.3329210877418518
0.15511788427829742
0.3168424069881439
1.1090097427368164
0.04218857362866402
0.44623973965644836
0.4258779287338257
0.1259704828262329
0.29050981998443604
0.16495747864246368
0.17296791076660156
0.09286294877529144
0.37725886702537537
0.2534911632537842
0.2619255781173706
0.15064801275730133
0.2883804738521576
0.2912850081920624
0.12666833400726318
0.26574817299842834
0.5574371814727783
0.041952069848775864
0.14024262130260468
0.1147325187921524
0.18197444081306458
0.07682756334543228
0.11230424791574478
0.15953339636325836
0.12859392166137695
0.04895778000354767
0.06467709690332413
0.03335285559296608
0.06735717505216599
0.2624724805355072
0.3642989695072174
0.32049360871315
0.23310332000255585
0.1726800948381424
0.0846080631017685
0.23365196585655212
0.05189236253499985
0.4391608238220215
0.08606602251529694
0.0482780747115612
0.20475764572620392
0.38173139095306396
0.9109650254249573
0.15509237349033356
0.22125785052776337
0.09629690647125244
0.07365357130765915
0.2634296119213104
0.16563574969768524
0.05703142657876015
0.7399775981903076
0.20207194983959198
0.10151005536317825
0.3554036617279053
0.2564327120780945
0.1106410101056099
0.4628138542175293
0.31158456206321716
0.4202471971511841
0.2732791304588318
0.11840797960758209
0.16454970836639404
0.03569524735212326
0.06795897334814072
0.44976526498794556
0.5260712504386902
0.18410784006118774
0.05113550275564194
0.2542022168636322
0.1458643078804016
0.05387233570218086
0.1421547532081604
0.1075962707400322
0.07901646196842194
1.2894548177719116
0.03210153803229332
0.047389376908540726
0.028304481878876686
0.1794518232345581
0.06771671026945114
0.07967978715896606
0.23178993165493011
0.22494027018547058
0.3923015892505646
0.09651253372430801
0.07365205138921738
0.10503891110420227
0.44656142592430115
0.09112312644720078
0.10691402107477188
0.24084606766700745
0.10333447903394699
0.23758046329021454
0.027859294787049294
0.10545771569013596
0.16690748929977417
0.164028137922287
0.19134663045406342
0.1237892284989357
0.2463262379169464
0.3385114073753357
0.6827800869941711
0.17182956635951996
0.066885806620121
0.19940389692783356
0.15323498845100403
0.3340974450111389
0.3110807240009308
0.18195344507694244
0.4094415605068207
1.0464552640914917
0.11363675445318222
0.23016095161437988
0.03393847867846489
0.15878094732761383
0.17546068131923676
0.047907810658216476
0.1528579741716385
0.1439836323261261
0.11452683061361313
0.8309046626091003
0.0376138798892498
0.08924445509910583
0.06365447491407394
0.6398689150810242
0.11045287549495697
0.1033979207277298
0.15042707324028015
0.07837800681591034
0.04322424903512001
0.08269868046045303
0.8348438143730164
0.4099264442920685
0.6714704632759094
0.16090825200080872
0.044881291687488556
0.12023095041513443
0.25317785143852234
0.12580004334449768
0.10286469757556915
0.2796708047389984
0.3142538070678711
0.11841940879821777
0.03753211721777916
0.13013267517089844
0.06933354586362839
0.20484863221645355
0.18793736398220062
0.059107787907123566
0.9345192909240723
0.5610066056251526
0.2020282745361328
0.2545023262500763
0.2569615840911865
0.09784766286611557
0.14990006387233734
0.08757389336824417
0.0724780261516571
0.06335040926933289
0.32655349373817444
0.19386103749275208
0.13406693935394287
0.7296782732009888
0.32044997811317444
0.18224720656871796
0.4267767071723938
0.04253130406141281
0.28938135504722595
0.24590106308460236
0.13559241592884064
0.04946605861186981
0.05820757895708084
0.0780375599861145
0.05607520788908005
0.04447808861732483
0.0560082271695137
0.07995414733886719
0.06479938328266144
0.13108740746974945
0.3045632839202881
0.029396191239356995
0.060666050761938095
0.06294716894626617
0.020067283883690834
0.043385617434978485
0.25091299414634705
0.3365492522716522
0.23522387444972992
0.06607840955257416
0.5199205875396729
1.1825755834579468
0.041467566043138504
0.039051156491041183
0.30430418252944946
0.29050499200820923
0.4285411536693573
0.06352758407592773
0.09406856447458267
0.20727001130580902
0.5703833699226379
0.3911358714103699
0.08798184245824814
0.6251183152198792
0.3505980372428894
0.11730456352233887
0.17881539463996887
0.2958611845970154
0.34785497188568115
0.26466503739356995
0.5551013946533203
0.39061230421066284
0.18609599769115448
0.08102511614561081
0.23863458633422852
0.681151270866394
0.3476288914680481
0.13914154469966888
0.26387420296669006
0.3388265073299408
0.06264030933380127
0.11887819319963455
0.021194325760006905
0.031879983842372894
0.12316352128982544
0.31309452652931213
0.14067134261131287
0.027925219386816025
0.06967954337596893
0.061220165342092514
0.10732931643724442
0.04377742111682892
0.5868150591850281
0.0899285152554512
0.24248632788658142
0.09096841514110565
0.024598192423582077
0.4716885983943939
0.09031980484724045
0.25089678168296814
0.12306249886751175
0.1385698765516281
0.15863405168056488
0.1407204568386078
0.19398295879364014
0.027806634083390236
0.07474780827760696
0.11466525495052338
0.6961841583251953
0.05791758745908737
0.026174848899245262
0.3131260573863983
0.11259938776493073
0.10661933571100235
0.06979344040155411
0.08056339621543884
0.19176100194454193
0.05854681879281998
0.17682981491088867
0.11906479299068451
0.07413914799690247
0.16037549078464508
0.018952161073684692
0.3404230773448944
0.025058791041374207
0.06680382788181305
0.06445004791021347
0.06599386036396027
0.06532178819179535
0.06601171940565109
0.5780889391899109
0.0589352510869503
0.0676453709602356
0.15670688450336456
0.15167656540870667
0.061635665595531464
0.4152192175388336
0.04206547141075134
0.0713786631822586
0.05455486476421356
0.1045239195227623
0.20100288093090057
0.4299289584159851
0.22002367675304413
0.17186222970485687
0.1105026826262474
0.6554063558578491
0.05604048818349838
0.06443220376968384
0.051176171749830246
0.11873434484004974
0.5888361930847168
0.421419620513916
0.10319911688566208
0.08320453017950058
0.17861652374267578
0.48920300602912903
0.19438475370407104
0.44409099221229553
0.28979378938674927
0.07835888117551804
0.05416363477706909
0.3171212077140808
0.24363265931606293
0.5436769127845764
0.12598684430122375
0.1180167943239212
0.07978659123182297
0.12128161638975143
0.04243393614888191
0.07861198484897614
0.14093589782714844
1.1429808139801025
0.16620498895645142
0.49687063694000244
0.030666351318359375
0.40028056502342224
0.25098487734794617
0.04621291905641556
0.11041371524333954
0.07870109379291534
0.16928595304489136
0.10287145525217056
0.20188720524311066
0.0873289555311203
0.3903123736381531
0.7501450181007385
0.12358859181404114
0.3100680410861969
0.23002900183200836
0.42115291953086853
0.04068559408187866
0.15343767404556274
0.26384690403938293
0.07571239769458771
0.1777483969926834
0.23663920164108276
0.03754573315382004
0.06636533886194229
0.3078726828098297
0.02606605738401413
1.2916052341461182
0.1114329919219017
0.04485145956277847
0.05159185826778412
0.7281400561332703
0.8908796906471252
0.08015886694192886
0.5206953883171082
0.08343139290809631
0.2303609848022461
0.20730961859226227
0.09359775483608246
0.1340884268283844
0.09809804707765579
0.45623621344566345
0.05462610349059105
0.2469455748796463
0.17955200374126434
0.2519889771938324
0.11134736239910126
0.26350823044776917
0.08759694546461105
0.051089007407426834
0.12052988260984421
0.4686356782913208
0.20516318082809448
0.5194604992866516
0.2608623504638672
0.1318972259759903
0.18385113775730133
0.11546081304550171
0.10220307856798172
0.028572777286171913
0.049306150525808334
0.4190517067909241
0.285490483045578
0.0755080059170723
0.11668495833873749
0.48066121339797974
0.11562854796648026
0.47577837109565735
0.19080014526844025
0.17095300555229187
0.43304431438446045
0.2495003044605255
0.06088126078248024
0.09541314840316772
0.06322013586759567
0.2621230483055115
0.12311229109764099
0.13260944187641144
0.17204365134239197
0.061495762318372726
0.10119157284498215
0.08187300711870193
0.05723815783858299
0.30297014117240906
0.13894951343536377
0.04191534221172333
0.17469406127929688
0.10947950184345245
0.08895327895879745
0.03178854286670685
0.06364702433347702
0.08321034908294678
0.03604917228221893
0.07537000626325607
0.1954750418663025
0.17786374688148499
1.2991901636123657
0.06415759027004242
0.1896740049123764
0.4200643002986908
0.049943096935749054
0.0396919921040535
1.9377940893173218
0.07512228935956955
0.07387376576662064
0.15321679413318634
0.4765353798866272
0.4498126804828644
0.25697019696235657
1.109055995941162
0.29978519678115845
0.2396472543478012
0.3235197067260742
0.11277153342962265
0.36940351128578186
0.34906458854675293
0.3132492005825043
0.21982431411743164
0.12073872983455658
0.23553460836410522
0.3958160877227783
0.245836079120636
0.08977487683296204
0.1997956931591034
0.27030515670776367
0.21618600189685822
0.26193055510520935
0.024221209809184074
0.9876625537872314
0.26241329312324524
0.07678987830877304
0.21469467878341675
0.1573706567287445
0.11263774335384369
0.10281313210725784
0.18360795080661774
0.2479032427072525
0.09266015142202377
0.11020953953266144
0.3725367784500122
0.3393939435482025
0.21990424394607544
0.29405415058135986
0.056233666837215424
0.20888695120811462
0.35073500871658325
0.08948776870965958
0.11400246620178223
0.03141447529196739
0.6689398288726807
0.05905427783727646
0.025865312665700912
0.14405463635921478
0.6761801838874817
0.04999477043747902
0.15912862122058868
0.03445595130324364
0.19915907084941864
0.8424026966094971
0.11236408352851868
0.38509881496429443
0.6797666549682617
0.07096998393535614
0.09993626177310944
0.13530206680297852
0.11692050844430923
0.889690101146698
0.159881129860878
0.23159533739089966
0.3760642409324646
0.948957085609436
0.09387051314115524
0.10684444010257721
0.1932601034641266
0.15523681044578552
0.06318405270576477
0.4237062931060791
0.20663464069366455
0.10658031702041626
0.3046503961086273
0.43824565410614014
0.09661806374788284
0.33422958850860596
0.06071220710873604
0.17323409020900726
0.13112157583236694
0.03896429389715195
0.05112885683774948
0.06897945702075958
0.8609219789505005
0.051883939653635025
0.12866510450839996
0.2121998518705368
0.3213515877723694
0.10516271740198135
0.18504025042057037
0.06833239644765854
0.09995315223932266
0.10424488037824631
0.08027874678373337
0.12093999981880188
0.031082957983016968
0.04358229041099548
0.11490260809659958
0.06502259522676468
0.03372560068964958
0.02739349938929081
0.8518787622451782
0.0686601772904396
0.10411137342453003
0.07301349937915802
0.22312358021736145
0.15274010598659515
0.4201107919216156
0.11713339388370514
0.06014498323202133
0.08729817718267441
0.39118096232414246
0.11988278478384018
0.23901131749153137
0.059340208768844604
0.08179067820310593
0.06646212935447693
0.22040189802646637
0.0858137384057045
0.10609361529350281
0.3016604781150818
0.09723147004842758
0.11072447150945663
0.16576088964939117
0.0325363390147686
0.05952996015548706
0.12801788747310638
0.29202035069465637
0.14353178441524506
0.6132028698921204
0.04857282340526581
0.0804479643702507
0.06510761380195618
0.5652424693107605
0.11679995805025101
0.09616757929325104
0.03868018463253975
0.2903668284416199
0.11475109308958054
0.06687856465578079
0.09055212140083313
0.09721553325653076
0.11947043240070343
0.03402332589030266
0.35297566652297974
0.7841277122497559
0.08230229467153549
0.04428974539041519
0.20110629498958588
0.20608939230442047
0.3382236659526825
0.16120536625385284
0.15134556591510773
0.07623199373483658
0.12781865894794464
0.1612081229686737
0.0822351723909378
0.1877824366092682
0.10700153559446335
0.11004989594221115
0.036112230271101
0.10991598665714264
0.05938972532749176
1.1729968786239624
0.06327475607395172
0.5566921830177307
0.1691957265138626
0.23196351528167725
0.18041230738162994
0.08682282269001007
0.04164985567331314
0.40278828144073486
0.1703101098537445
0.12099137902259827
0.0990203320980072
0.3123553693294525
0.058723386377096176
0.0699644610285759
0.44007280468940735
0.11764968186616898
0.3194221556186676
0.1389925479888916
0.7863380908966064
0.12340529263019562
0.12837180495262146
0.06595408171415329
0.1681368499994278
0.10392819344997406
0.1347523033618927
0.1082901805639267
0.2695721983909607
0.21441650390625
0.140902578830719
0.1972319781780243
0.13904644548892975
0.09955056756734848
0.19877997040748596
0.11957155168056488
0.12589089572429657
0.04546692594885826
0.2634487748146057
0.7122586965560913
0.05334523320198059
0.13157875835895538
0.28076595067977905
0.2663452923297882
1.4386210441589355
0.12426725775003433
0.10876862704753876
0.1346360594034195
0.7973846197128296
0.6410574316978455
0.48998695611953735
0.7776171565055847
0.23817889392375946
0.6874809265136719
0.4436001777648926
0.5195450782775879
0.20081289112567902
0.2514927089214325
0.25768372416496277
0.3477206528186798
0.35561424493789673
0.17767255008220673
0.4398932158946991
0.025605706498026848
0.06683936715126038
0.39807894825935364
0.09820346534252167
0.12183167785406113
0.3767870366573334
0.06428511440753937
0.5716341137886047
0.2517467737197876
0.35769155621528625
0.22234955430030823
0.12259425967931747
0.5549119710922241
0.11349716782569885
0.12070710211992264
0.614172637462616
0.47142401337623596
0.9637563228607178
0.16038824617862701
0.16385243833065033
0.053209807723760605
0.9166572093963623
0.40410199761390686
0.2636752724647522
0.5805290341377258
0.712292492389679
0.2564738988876343
0.8120224475860596
0.2528741657733917
0.2062927633523941
0.5950190424919128
0.09220699965953827
0.24907289445400238
0.5507977604866028
0.08561926335096359
0.22194291651248932
0.13818158209323883
0.058787278831005096
0.057086031883955
0.15935835242271423
0.16368988156318665
0.14659157395362854
0.21387235820293427
0.08831412345170975
0.13939951360225677
0.06769400835037231
0.027490392327308655
0.16439563035964966
0.13046346604824066
0.14221064746379852
0.041491907089948654
2.3521244525909424
0.04153035208582878
0.03749700263142586
0.08245965093374252
0.04844532534480095
0.04752427339553833
0.2710922360420227
0.027555150911211967
0.4610060453414917
0.19116239249706268
0.2182098627090454
0.035741906613111496
0.09945052862167358
0.09192655980587006
0.049788061529397964
0.0532202422618866
0.09464099258184433
0.12081286311149597
0.2312351018190384
0.06945627927780151
0.5546317100524902
0.03648868575692177
0.21958698332309723
0.16662688553333282
0.20368894934654236
0.4943414330482483
0.051468949764966965
0.38779109716415405
0.5922444462776184
0.08824626356363297
0.29620233178138733
0.16155751049518585
0.2199145406484604
0.12135908752679825
0.10291671752929688
0.5519803762435913
0.33809998631477356
0.11985988169908524
0.03627433255314827
1.0397677421569824
0.37635862827301025
0.2905169427394867
0.11039496958255768
0.12523937225341797
0.0817549079656601
1.3660662174224854
0.08605682104825974
0.11866894364356995
1.0683428049087524
0.2436717003583908
0.554425835609436
0.5958720445632935
0.27548542618751526
0.18722034990787506
0.06035510078072548
0.10839606821537018
0.08463110029697418
0.22760775685310364
0.1422813981771469
0.07259237766265869
0.15165191888809204
0.10438801348209381
0.08573846518993378
0.17375291883945465
0.061685800552368164
0.20905902981758118
0.14293186366558075
0.15750305354595184
0.2441253364086151
0.06830637156963348
0.2495684027671814
0.1583985984325409
0.45874130725860596
0.2187996506690979
0.38399162888526917
0.12911877036094666
0.2612769901752472
0.055727269500494
0.13594627380371094
0.12301135063171387
0.0364452488720417
0.12418771535158157
0.7728323340415955
0.4475807845592499
0.4982112646102905
1.1298136711120605
0.0482536181807518
0.08652136474847794
0.5654149055480957
0.07063581049442291
0.06335373222827911
0.24887125194072723
0.30505073070526123
0.10023923218250275
0.2663508355617523
0.0701729953289032
0.42216435074806213
0.06928718090057373
0.10568466782569885
0.26396065950393677
0.19315606355667114
0.6752487421035767
0.7501775622367859
0.15067021548748016
0.06951027363538742
0.03987456485629082
0.05021832883358002
0.705394983291626
0.05079909414052963
0.05875773727893829
0.6763577461242676
0.3984907269477844
0.7663441896438599
0.04654233157634735
0.2981331944465637
0.3260810077190399
0.12756630778312683
0.09919960796833038
0.09016887843608856
0.1636570543050766
0.050706036388874054
0.2465081661939621
0.22304144501686096
0.34590256214141846
0.7077959775924683
0.18439577519893646
0.2671872675418854
0.5603064894676208
0.06916750967502594
0.166121706366539
0.31633931398391724
0.045260462909936905
0.34104448556900024
0.09586408734321594
0.10178792476654053
0.33484387397766113
0.03713933005928993
0.2002984583377838
0.2662995159626007
0.06182656064629555
0.04703770577907562
0.44168955087661743
0.608630895614624
0.2556602358818054
0.20593741536140442
0.115479476749897
0.6224330067634583
0.08862344920635223
0.20534315705299377
0.20735307037830353
0.10810258239507675
0.23329125344753265
0.05520039051771164
0.30009809136390686
0.05330859124660492
0.0842060074210167
0.14038610458374023
0.800430178642273
0.13142234086990356
0.3242484927177429
0.09281089901924133
0.9281222224235535
0.07085341960191727
0.03718635439872742
0.4621133804321289
0.12179501354694366
0.10141610354185104
0.19130058586597443
0.06085298955440521
0.12240998446941376
0.2584550678730011
0.3218795955181122
0.12705036997795105
0.1796676516532898
0.44014716148376465
0.10300006717443466
0.26639214158058167
0.3620101511478424
0.06384624540805817
0.08591252565383911
0.09173816442489624
0.13576948642730713
0.09342992305755615
0.147063210606575
0.13447517156600952
0.14678499102592468
0.11128409206867218
0.10367848724126816
0.23808981478214264
0.12848493456840515
0.3058070242404938
0.15576811134815216
0.4599069356918335
0.04430019482970238
0.15753161907196045
0.40441814064979553
0.1403093785047531
0.2181381732225418
0.14737001061439514
0.021912934258580208
0.07731794565916061
0.1556764543056488
0.253255158662796
0.04572129622101784
0.15299731492996216
0.7180054187774658
0.13013505935668945
0.09444507956504822
0.04948627948760986
0.13365620374679565
0.7855163812637329
0.09455541521310806
0.042233288288116455
0.052728623151779175
0.0791977271437645
0.08285100758075714
0.09249387681484222
0.15122845768928528
0.1605171263217926
0.06883066147565842
0.17384399473667145
0.18880890309810638
0.09426978975534439
0.05950148031115532
0.06254545599222183
0.04693666100502014
0.14559626579284668
0.10435093939304352
0.02272735722362995
0.15806014835834503
0.0681261494755745
0.1032557487487793
1.4796428680419922
0.1234700158238411
0.03456028178334236
0.11719612777233124
0.28267040848731995
0.060535069555044174
0.050535399466753006
0.035917747765779495
0.05694226548075676
0.08880949020385742
0.15345317125320435
0.11566603928804398
0.26619693636894226
0.8305106163024902
0.155695840716362
0.12390335649251938
0.1685638427734375
0.25619685649871826
0.06001000851392746
0.07438717782497406
0.23542124032974243
0.3072747588157654
0.21567699313163757
0.2698163092136383
1.5328929424285889
0.1572645604610443
1.2410225868225098
0.3329779803752899
0.061621926724910736
0.18757236003875732
0.49871981143951416
0.08565018326044083
0.09990961849689484
0.2539260685443878
0.1087130457162857
0.23919238150119781
0.08896877616643906
0.18317320942878723
0.07118293642997742
0.033555127680301666
0.06827355176210403
0.05210928991436958
0.03938768059015274
0.04248782992362976
0.3323233723640442
0.1483842432498932
0.08043237030506134
0.09600227326154709
0.047971274703741074
0.08098933845758438
0.89973384141922
0.13833871483802795
0.05954122170805931
0.036537040024995804
0.056039340794086456
0.37112852931022644
0.1287764459848404
0.11898890137672424
0.06762709468603134
0.14155809581279755
0.0729699656367302
0.1328607201576233
0.047469738870859146
0.13700219988822937
0.15248815715312958
0.024927491322159767
0.26057639718055725
0.18142662942409515
0.3492695689201355
0.05603593587875366
0.07868359237909317
0.14224518835544586
0.41136112809181213
0.12664687633514404
0.21127255260944366
0.10859096050262451
0.09635746479034424
0.15817052125930786
0.2713054418563843
0.10328351706266403
0.6044055223464966
0.13896310329437256
0.09587489813566208
0.11562101542949677
0.7547083497047424
0.4599253237247467
0.40388187766075134
0.16643120348453522
0.5608438849449158
0.19626814126968384
0.05606773495674133
0.08802535384893417
0.1392773985862732
0.7779386043548584
0.17666980624198914
0.13825523853302002
0.23998558521270752
0.15443578362464905
0.9841994047164917
0.35974204540252686
0.2354423701763153
0.22397372126579285
0.35393550992012024
0.18372778594493866
0.3239269554615021
0.33701738715171814
0.12948836386203766
0.38587620854377747
0.10503196716308594
0.22138851881027222
0.14938868582248688
0.14521244168281555
0.1313449889421463
0.09485878795385361
0.04331892728805542
0.11888942867517471
0.04506058618426323
0.2803817689418793
0.417395681142807
1.0053868293762207
0.07686693966388702
0.03316637501120567
0.09028229117393494
0.41278254985809326
0.36425307393074036
0.1976153701543808
0.18687154352664948
0.09743796288967133
0.13901162147521973
0.07971322536468506
0.06711022555828094
0.14264221489429474
0.23428378999233246
0.11996684223413467
0.0709465965628624
0.38114574551582336
0.05002611130475998
0.19072608649730682
0.18894003331661224
0.12863752245903015
0.044223517179489136
0.07203570753335953
0.04806690290570259
0.07272674143314362
0.048485513776540756
0.13921479880809784
0.09789004921913147
0.7042661905288696
0.07836612313985825
0.06459130346775055
1.1347684860229492
0.03184809908270836
0.07189814746379852
0.41202494502067566
0.11319193989038467
1.0309526920318604
0.9031228423118591
0.18879657983779907
0.0783916637301445
0.15483058989048004
0.1411842703819275
0.03548296540975571
0.658536970615387
0.445026695728302
0.2928806245326996
0.15124830603599548
0.12246052175760269
0.6423380970954895
0.4787454605102539
0.398103266954422
0.4324430525302887
0.30311882495880127
0.1697865128517151
0.13450151681900024
0.3025617301464081
0.09589336067438126
0.13441361486911774
0.5029497146606445
0.3002014458179474
0.2310645431280136
0.15679773688316345
0.044314537197351456
0.15490563213825226
0.12372555583715439
0.050975676625967026
0.028044506907463074
1.0473973751068115
0.1568669080734253
0.11065957695245743
0.4562113285064697
0.10338673740625381
0.3300386667251587
0.14422622323036194
0.17326033115386963
0.10476569831371307
0.8604525327682495
0.14674271643161774
0.6241521239280701
0.10001736134290695
0.062464598566293716
0.23840589821338654
0.046797942370176315
0.14709576964378357
0.09359531849622726
0.3560082018375397
0.6182942390441895
0.35909712314605713
0.40965232253074646
0.1682077795267105
0.31602469086647034
0.16875693202018738
0.2345246523618698
0.2522437870502472
0.4712074100971222
0.3432132601737976
0.07586339861154556
0.08982249349355698
0.05299481004476547
1.0208758115768433
0.3192718029022217
0.35472777485847473
0.2965346574783325
0.2108011692762375
0.09996631741523743
0.3438352346420288
1.543756365776062
0.0442454069852829
0.22875280678272247
0.3666682839393616
0.18343116343021393
0.495551735162735
0.09021968394517899
0.14310312271118164
0.24784378707408905
0.2583586275577545
0.17339523136615753
0.22639711201190948
0.15775680541992188
0.14096957445144653
0.06461828202009201
0.06810237467288971
0.10282272845506668
0.9469085931777954
0.14859096705913544
0.5180110335350037
0.08961347490549088
0.07539264857769012
0.7357645034790039
0.1209530234336853
0.3268677592277527
0.17288140952587128
0.3410963714122772
0.09948614239692688
0.24114643037319183
0.10237543284893036
0.5978975296020508
0.08069564402103424
0.21606966853141785
0.5292129516601562
0.06850247830152512
0.07138326019048691
0.2205192595720291
0.39984405040740967
0.09680820256471634
0.21956898272037506
0.06218980625271797
0.33654072880744934
0.18536706268787384
0.16854950785636902
0.3118452727794647
0.26136961579322815
0.1512121707201004
0.2565006911754608
0.17275668680667877
0.11212221533060074
0.09898197650909424
0.06396478414535522
0.36661770939826965
0.06698887795209885
0.07294420897960663
0.3288955092430115
0.5542004704475403
0.04351594299077988
0.09742038697004318
0.0649275854229927
0.7261884808540344
0.10877929627895355
0.09499796479940414
0.21145381033420563
0.09886610507965088
0.058987878262996674
0.9682708978652954
0.035870131105184555
0.035200752317905426
0.2782687246799469
0.24585658311843872
0.32219189405441284
0.16821908950805664
0.19085203111171722
0.02069036290049553
0.10711180418729782
0.4740598499774933
0.13984347879886627
0.20708253979682922
0.23324887454509735
0.321856290102005
0.06580137461423874
0.11381500959396362
0.172761470079422
0.15519823133945465
0.07106713205575943
0.11703193187713623
0.0814996212720871
0.3147982954978943
0.6610202789306641
0.031009918078780174
0.5723673701286316
0.08148480206727982
0.7515420913696289
1.0222504138946533
0.11444924026727676
0.06513179838657379
0.5617870092391968
0.15469716489315033
0.5165796875953674
0.06513365358114243
0.07610129565000534
0.5063537955284119
0.1403040587902069
0.1737184226512909
0.12483175843954086
0.10851915925741196
0.2043788582086563
0.13983571529388428
0.03929435461759567
0.12404237687587738
0.6073799133300781
0.06445595622062683
0.5389989018440247
0.14668568968772888
0.06738758087158203
0.14475859701633453
0.0766967236995697
0.2555055022239685
0.05395932495594025
0.20026865601539612
0.05815843865275383
0.4915523827075958
0.026467222720384598
0.2626609206199646
0.14480824768543243
0.5345519781112671
0.12472458183765411
0.0801699161529541
0.04044681414961815
0.09431049227714539
0.2308683544397354
0.15062949061393738
0.03495471179485321
0.0513606071472168
0.08989765495061874
1.2704803943634033
0.2352602481842041
0.2140350341796875
0.12516118586063385
0.0504595972597599
0.34088951349258423
0.11949775367975235
0.04068365320563316
0.1739865094423294
0.2827857434749603
0.1891360878944397
0.15458858013153076
0.27131760120391846
0.27047044038772583
0.04415443539619446
0.24071043729782104
0.628265917301178
0.21339501440525055
0.07645786553621292
0.24301224946975708
0.07493044435977936
0.14103244245052338
0.2533188760280609
0.06110743433237076
0.09301578998565674
0.04924694821238518
0.03423098847270012
1.2444171905517578
0.16037419438362122
0.14937713742256165
0.4612926244735718
0.04132223129272461
0.12116403132677078
0.030092058703303337
0.09923610836267471
0.260658860206604
0.04820464551448822
1.3751367330551147
0.4384329617023468
0.20032404363155365
0.7935842275619507
0.17990820109844208
0.09230085462331772
0.3943260610103607
0.19390158355236053
0.16146212816238403
0.05107782408595085
0.06755750626325607
0.2089722603559494
0.09517716616392136
0.2459767758846283
0.0774107426404953
0.046845581382513046
0.7973085641860962
0.1886943131685257
0.3477565348148346
0.0860927402973175
0.5635467767715454
0.1821441501379013
0.12668581306934357
0.032180413603782654
0.19448432326316833
0.2809489071369171
0.17964887619018555
0.192184716463089
0.1796455830335617
0.6537638306617737
0.7743622660636902
0.198622927069664
0.7701942920684814
0.0823197141289711
0.3053559958934784
0.2800721228122711
0.09702714532613754
0.13176734745502472
0.07532455027103424
0.2899409830570221
0.13875551521778107
0.07707644253969193
0.22475582361221313
0.08853795379400253
0.0964098572731018
0.27575764060020447
0.2979636788368225
0.05638039484620094
0.1063045859336853
0.047085605561733246
0.026448821648955345
0.5336892008781433
0.16002433001995087
0.27554890513420105
0.2827385365962982
0.47848865389823914
0.07460353523492813
0.13167992234230042
0.6757394075393677
0.042037419974803925
0.9652706980705261
0.05910404399037361
0.1757550686597824
0.17746268212795258
0.06164985150098801
0.1895683854818344
0.08770225942134857
0.20697622001171112
0.14827610552310944
0.4599784016609192
0.30008935928344727
0.2827095091342926
0.1756647825241089
0.3388744294643402
0.18686465919017792
0.1330634504556656
0.034984298050403595
0.22865194082260132
0.07094161957502365
0.20501892268657684
0.15477165579795837
0.2122095227241516
0.09844400733709335
0.06595908850431442
0.17857448756694794
0.1269514113664627
0.2207545042037964
0.04511088877916336
0.11123571544885635
0.1798895001411438
0.18440529704093933
0.07687728106975555
0.09705154597759247
0.8580433130264282
0.09449650347232819
0.39305374026298523
0.37105095386505127
0.02344602346420288
0.08950761705636978
0.060653164982795715
0.12367751449346542
0.14024384319782257
0.09737817198038101
0.2941599488258362
0.22269189357757568
0.13247963786125183
0.2804497480392456
0.06749574095010757
0.24296747148036957
0.06411412358283997
0.042987607419490814
0.06253378093242645
0.1569603979587555
0.12272044271230698
1.0140631198883057
0.0557873398065567
0.38498538732528687
0.06291701644659042
0.40532031655311584
0.06521386653184891
0.22461439669132233
0.18113970756530762
0.3014071583747864
0.02958199381828308
0.06112900376319885
0.08036410808563232
0.2056715339422226
0.08684296905994415
0.08179166913032532
0.10069061070680618
0.11373787373304367
0.13755330443382263
0.2026183158159256
0.09855237603187561
0.05622974783182144
0.0876864567399025
0.13947729766368866
0.07674267143011093
0.10515518486499786
0.07999075204133987
0.07087861001491547
0.10633022338151932
0.036971550434827805
0.4046343266963959
0.11078497022390366
0.12770554423332214
0.05849487707018852
0.03922265022993088
0.09111899882555008
0.04881470277905464
0.022824252024292946
0.7029691338539124
0.19558551907539368
0.3940283954143524
0.03187740594148636
0.3733426034450531
0.04704969376325607
0.06694186478853226
1.120885968208313
0.13141107559204102
0.08205951750278473
0.5634115934371948
0.13136981427669525
0.29713162779808044
0.07878232002258301
0.03325795382261276
0.1495686173439026
0.27542373538017273
0.10374806821346283
0.19186629354953766
0.9793496131896973
0.3988921344280243
0.17339545488357544
0.35409781336784363
0.2930245101451874
0.1591411978006363
0.10048405081033707
0.24505257606506348
0.044369373470544815
0.06689504534006119
0.315239816904068
0.38763946294784546
0.6913031935691833
0.17835088074207306
0.4207164943218231
0.07408274710178375
0.08182122558355331
0.06436694413423538
0.06619948893785477
0.07084942609071732
0.21789179742336273
0.4395364224910736
0.271409809589386
0.06992457062005997
0.0713035836815834
0.3496735394001007
0.14242638647556305
0.18756569921970367
0.21042001247406006
0.21775493025779724
0.062402185052633286
0.08538997173309326
0.07418569177389145
0.06986326724290848
1.1193746328353882
0.0989353209733963
0.22734752297401428
0.43633535504341125
0.058966342359781265
0.04112772271037102
0.6692829132080078
0.04533959925174713
0.02619822323322296
0.1494792401790619
0.22808964550495148
0.09607966989278793
0.5325846672058105
0.061209775507450104
0.02285042591392994
0.19714760780334473
0.195466086268425
0.1520283967256546
0.15797528624534607
0.3443368077278137
0.25290727615356445
0.4328235387802124
0.10788470506668091
0.16948923468589783
0.6460752487182617
0.3465503454208374
0.2814188003540039
0.40079355239868164
0.1364007592201233
0.2531949281692505
0.1598784178495407
0.16255837678909302
0.09717091172933578
0.2056923359632492
0.29944127798080444
0.2283143252134323
0.2733003497123718
0.03784226253628731
0.039751797914505005
0.10450318455696106
0.08331306278705597
0.28915899991989136
0.09196845442056656
0.12171100825071335
0.08511222898960114
0.8462737798690796
0.053624022752046585
0.16018982231616974
0.05933704227209091
0.35419923067092896
0.08349194377660751
0.04165412113070488
0.12787042558193207
0.8216938972473145
0.24690289795398712
0.2678619623184204
0.0828794315457344
0.07641618698835373
0.2311898171901703
0.2617948353290558
0.0522780641913414
0.12419804185628891
0.12869328260421753
0.5173625946044922
0.12619157135486603
0.10070186853408813
0.35591843724250793
0.34766238927841187
0.3746011555194855
0.13327284157276154
0.3578641414642334
0.09738362580537796
0.16558429598808289
0.1637464016675949
0.20193050801753998
0.08280972391366959
0.3161245584487915
0.1726492941379547
0.16131462156772614
0.16464991867542267
0.3107779026031494
0.1660865992307663
0.09685202687978745
0.034772876650094986
0.05582395941019058
0.03926233947277069
0.09881527721881866
0.8315243124961853
0.01581171154975891
0.45533037185668945
0.04057653248310089
0.06867142021656036
0.19385148584842682
0.11007670313119888
0.22084970772266388
0.9909762740135193
0.08781853318214417
0.04793167486786842
0.0378589928150177
0.058784421533346176
0.14618197083473206
0.1524011194705963
0.2433343231678009
0.0815572515130043
0.04229741543531418
0.23377147316932678
0.11467736214399338
0.12955881655216217
0.07036112248897552
0.13428853452205658
0.09660752862691879
0.1283218413591385
0.0807427391409874
0.1386440098285675
0.0940154492855072
0.1063729003071785
0.6573383808135986
0.21908967196941376
0.22824572026729584
0.8972821831703186
0.04842944070696831
0.17599186301231384
0.03024323657155037
0.15991829335689545
0.4232899248600006
0.03190883621573448
0.5385864973068237
0.2365874946117401
0.04315872862935066
0.33144861459732056
0.11170639097690582
0.24708129465579987
0.3429470658302307
0.4212547838687897
0.3963448107242584
0.18369807302951813
0.07664918154478073
0.5128172039985657
0.15961340069770813
0.2382776290178299
0.24184072017669678
0.1880682110786438
0.21988368034362793
0.393083781003952
1.258364200592041
1.1548759937286377
0.44335976243019104
0.3592219650745392
0.126553475856781
0.15930919349193573
0.10741467028856277
0.35319697856903076
0.4115544259548187
0.21280576288700104
0.5538315773010254
0.18405532836914062
0.11411811411380768
0.26855820417404175
0.14064404368400574
0.1263388693332672
0.32774314284324646
0.14133122563362122
0.04303829371929169
0.5549925565719604
0.09708359837532043
0.3648832440376282
0.023631809279322624
0.029054364189505577
0.7598747611045837
0.030587036162614822
0.2232639640569687
0.2954864799976349
0.07831685990095139
0.10621480643749237
0.0931376963853836
0.024971118196845055
1.0723648071289062
0.19650575518608093
0.04556998237967491
0.3210073411464691
0.16863687336444855
0.07523932307958603
0.40402621030807495
0.32406508922576904
0.37540221214294434
0.08359594643115997
0.130820170044899
0.06717216968536377
0.15034091472625732
0.04876447841525078
0.7067694067955017
0.11084164679050446
0.17929430305957794
0.23712870478630066
0.1017288789153099
0.05290014669299126
0.0628424882888794
0.08968006074428558
0.10047022253274918
0.17894455790519714
0.07135214656591415
0.11997170001268387
0.14986662566661835
0.15566448867321014
0.5939854383468628
0.058094751089811325
0.26698094606399536
0.04400039091706276
0.10448024421930313
0.10590197145938873
0.22167861461639404
0.119797483086586
0.06708069145679474
0.11669930070638657
0.6715943217277527
0.14871156215667725
0.17285296320915222
0.06650300323963165
0.3810538053512573
0.12291867285966873
0.10282137244939804
0.1053963378071785
0.04944596812129021
0.19594433903694153
0.039977360516786575
0.13944706320762634
0.09511111676692963
0.1413303017616272
0.03418514132499695
0.09217314422130585
0.02969702146947384
0.26479604840278625
0.9611943364143372
0.5969093441963196
0.06135942041873932
0.19267892837524414
0.17540845274925232
0.3404120206832886
0.045346613973379135
0.23825080692768097
0.07726456224918365
0.24075119197368622
0.22946688532829285
0.1454201191663742
0.05696394667029381
0.21482789516448975
0.06259726732969284
0.39989930391311646
0.3294782340526581
0.1687345653772354
0.07620761543512344
0.1047641783952713
0.1707443743944168
0.055906761437654495
0.08630827069282532
0.06614264845848083
0.0649694949388504
0.6611669659614563
0.3788395822048187
0.07665003091096878
0.038485974073410034
0.5154119729995728
0.07028957456350327
0.036818116903305054
0.06958413869142532
0.09810972958803177
0.6520287394523621
0.9378173351287842
0.04426500201225281
0.04737408459186554
0.21311087906360626
0.13916422426700592
0.11922554671764374
0.3753737509250641
0.0330323725938797
0.097019724547863
0.033185746520757675
0.3304296135902405
0.03865653648972511
0.4106622040271759
0.1514822542667389
0.15416468679904938
0.21728515625
0.04664928466081619
0.05270378291606903
0.10662084817886353
0.06847597658634186
0.04745807498693466
0.39077234268188477
0.5530081987380981
0.05440261587500572
0.1402622014284134
0.3346014618873596
0.4294310510158539
0.16358700394630432
0.1513158082962036
0.2480919361114502
0.7058805227279663
0.09684891253709793
0.23743857443332672
0.21110638976097107
0.10711224377155304
0.3148263990879059
0.23872260749340057
0.4117189347743988
0.14145544171333313
0.5840176343917847
0.18011677265167236
0.16778290271759033
0.07942187041044235
0.08068309724330902
0.1858178973197937
0.32860228419303894
0.19113300740718842
0.18409015238285065
0.1575344055891037
0.09481316059827805
0.4718794822692871
0.2605736255645752
0.1009029746055603
0.030338125303387642
0.09801753610372543
0.42738232016563416
0.10191642493009567
0.16186527907848358
0.036537881940603256
0.3032528758049011
0.3365573287010193
0.5752446055412292
0.23912714421749115
0.31782224774360657
0.149637833237648
0.2362883985042572
0.5286164879798889
0.126641184091568
0.07662100344896317
0.18286572396755219
0.03429911285638809
0.07790075987577438
0.2526865303516388
0.237794890999794
0.09076845645904541
0.18747280538082123
0.1765695959329605
0.04972861334681511
0.33689016103744507
0.16905388236045837
0.05366845056414604
0.25094711780548096
1.2367479801177979
0.09134772419929504
0.2865176796913147
0.21322765946388245
0.10812833160161972
0.20743945240974426
0.1280393749475479
0.15055584907531738
0.044088877737522125
0.054223913699388504
0.07325752079486847
0.058385491371154785
0.2653893828392029
0.04059463366866112
0.15132750570774078
0.09891984611749649
0.0686601996421814
0.06659329682588577
0.10362211614847183
0.09521789103746414
0.22414015233516693
0.10104295611381531
0.3430144786834717
0.07438067346811295
0.36794328689575195
0.1868414729833603
0.09221561253070831
0.1089790016412735
0.07662542909383774
0.05824294313788414
0.05615155026316643
0.15110598504543304
0.13884702324867249
0.07448740303516388
0.03969862684607506
0.9673845171928406
1.2582910060882568
0.08433450758457184
0.052623242139816284
0.09038520604372025
0.03389781340956688
0.11826395988464355
0.23014935851097107
0.31444066762924194
0.25509995222091675
0.29766035079956055
0.3188929259777069
0.4069196283817291
0.1957048922777176
0.024176906794309616
0.1659272462129593
0.1740207076072693
0.3805009424686432
0.056771960109472275
0.07922124117612839
0.05315709114074707
0.0854000374674797
0.17135177552700043
0.03845863416790962
0.09721696376800537
0.9183919429779053
0.18511450290679932
1.7753105163574219
0.20829597115516663
0.1479794681072235
0.07309101521968842
0.1284436732530594
0.15002880990505219
0.06596701592206955
0.2179608792066574
0.0865427777171135
0.05164704471826553
0.05848700553178787
0.031429361552000046
0.4710350036621094
0.0917433425784111
0.10692808777093887
0.1082296222448349
0.10506594181060791
0.23785030841827393
0.10939066857099533
0.027856258675456047
0.04126058891415596
0.0954950824379921
0.03309988975524902
0.07395573705434799
0.3298339545726776
1.0146445035934448
0.2112819254398346
0.034869104623794556
0.06747701019048691
0.09429223090410233
0.1104835569858551
0.06349597126245499
0.19838249683380127
0.6362709999084473
1.5958068370819092
0.26048535108566284
0.3083157539367676
0.28696972131729126
0.08167922496795654
0.6719957590103149
0.2696036994457245
0.16846129298210144
0.5203084945678711
0.46301913261413574
0.37700754404067993
0.23394329845905304
0.130526602268219
0.03096536174416542
0.4131494164466858
0.1758224070072174
0.07750783860683441
0.6187250018119812
0.17719806730747223
0.1489836424589157
0.16261984407901764
0.4326034188270569
0.04240456596016884
0.27643975615501404
0.12135002017021179
0.05019456893205643
0.17176781594753265
0.2773846685886383
0.10096879303455353
0.11325031518936157
0.20587509870529175
0.02353662997484207
0.07986980676651001
0.10617685317993164
0.030939491465687752
0.22130239009857178
0.09740181267261505
0.2186502367258072
0.2630942761898041
0.2230597287416458
0.11115922778844833
0.3313572108745575
0.19732527434825897
0.030401354655623436
0.18189078569412231
0.788161039352417
0.16353216767311096
0.3033669590950012
0.15813207626342773
0.06985265016555786
0.1487770527601242
0.03427409008145332
0.18801073729991913
0.039485588669776917
0.055440548807382584
0.08041470497846603
0.10523815453052521
0.07365930825471878
0.8348163962364197
0.25202617049217224
0.33209946751594543
0.06766470521688461
0.054451871663331985
0.4010428190231323
0.16416937112808228
0.06297552585601807
0.13436971604824066
0.06343650817871094
0.23178590834140778
0.03492695093154907
0.034079425036907196
0.14795126020908356
1.030811071395874
0.0378943607211113
0.04373509809374809
0.08483181148767471
0.2599717080593109
0.07469498366117477
0.15481992065906525
0.10370355099439621
1.1230031251907349
0.7179688215255737
0.03273341432213783
0.08766704052686691
0.3240866959095001
0.7283123135566711
0.11793871968984604
0.16073937714099884
0.10117144137620926
0.05144183337688446
0.04299169033765793
0.060959942638874054
0.1735854148864746
0.16552574932575226
0.11412075161933899
0.07197718322277069
0.26305845379829407
0.21775785088539124
0.13136014342308044
0.08411066979169846
0.13466551899909973
0.0833682119846344
0.12079047411680222
0.2356983870267868
0.0632464736700058
0.23242200911045074
0.898602306842804
0.8142303228378296
0.1880510151386261
0.09467555582523346
0.07636082917451859
0.4532276391983032
0.07745084166526794
0.08479414135217667
0.05981060490012169
0.038486406207084656
0.06718291342258453
0.04685428738594055
0.04377013444900513
0.1049572229385376
0.10376197099685669
0.08048934489488602
0.12352678179740906
0.1089157685637474
0.13513676822185516
0.37773528695106506
0.12176359444856644
0.0444982647895813
0.6190645098686218
0.05308394506573677
0.16089791059494019
0.1432446539402008
0.10821644961833954
0.9167062044143677
0.33511531352996826
0.25218650698661804
0.09699106961488724
0.10186342149972916
0.09636154025793076
0.11074724048376083
0.4126827120780945
0.3087886869907379
0.06963321566581726
0.9756779074668884
0.0970042422413826
0.2581179141998291
0.09612240642309189
0.28545907139778137
0.12188705801963806
0.18161416053771973
0.10636188834905624
0.23067298531532288
0.20944638550281525
0.1812165528535843
0.09642084687948227
0.4619445204734802
0.8214704990386963
0.08548027276992798
0.05048992484807968
0.07471901923418045
0.036010172218084335
0.42204970121383667
0.5570740699768066
0.21417175233364105
0.10482320189476013
0.03301228582859039
0.6196152567863464
0.3167836666107178
0.1771438717842102
0.15194560587406158
0.20198361575603485
0.13161949813365936
0.3433119058609009
0.22537542879581451
0.0993313416838646
0.06835070252418518
0.21117651462554932
0.2584405541419983
0.09819262474775314
0.11698640882968903
0.9453743696212769
0.06084894388914108
0.17534928023815155
0.04654516652226448
0.11981872469186783
0.06195903941988945
0.12940239906311035
0.25871679186820984
0.21985062956809998
0.5724077820777893
0.2722555100917816
0.05485764145851135
0.08341729640960693
0.16653713583946228
0.26737892627716064
0.20655471086502075
0.18272946774959564
0.15011142194271088
0.07047557085752487
0.061821483075618744
0.061941955238580704
0.42561835050582886
0.10769829899072647
0.04653266444802284
0.335877001285553
0.11394072324037552
0.10796815156936646
0.3776586949825287
0.09426536411046982
0.7952464818954468
0.1633172184228897
0.11334013193845749
0.3342478573322296
0.08433661609888077
0.08115982264280319
0.29339808225631714
0.2103085219860077
0.0949656218290329
0.0370401069521904
0.13033629953861237
0.07084646075963974
0.07092595845460892
0.27013224363327026
0.16169902682304382
0.1196862980723381
0.08541412651538849
0.4129197299480438
0.18881939351558685
0.7920258641242981
0.2648080885410309
0.19283811748027802
0.3338471055030823
0.24473416805267334
0.11706836521625519
0.1090969443321228
0.051186222583055496
0.1967228353023529
0.23326177895069122
0.10764215886592865
0.12007559835910797
0.07006274163722992
0.08201102167367935
0.041366465389728546
0.3857654333114624
0.02775423787534237
0.07975256443023682
0.03839880973100662
0.046724047511816025
0.034291576594114304
0.026551757007837296
0.09069079905748367
0.07393460720777512
0.10208973288536072
0.7102516293525696
0.06846562027931213
0.0933721661567688
0.06288903206586838
0.07645557820796967
0.04757358133792877
0.10612321645021439
0.15949603915214539
0.09515060484409332
0.10105834901332855
0.37144267559051514
0.06548365950584412
0.08464453369379044
0.1205708459019661
0.814488410949707
0.05790375918149948
0.09561805427074432
0.15742023289203644
0.33853793144226074
0.09150807559490204
0.10573465377092361
0.05331083759665489
0.15983529388904572
0.06516671180725098
0.27943524718284607
0.033718597143888474
0.062340281903743744
0.09142020344734192
0.10192228853702545
0.24817675352096558
0.763129472732544
0.0751185491681099
0.11200816184282303
0.0504390187561512
0.07168404012918472
0.16452021896839142
0.04275378957390785
0.12946128845214844
0.023976806551218033
0.7997210621833801
0.07926913350820541
0.24602358043193817
0.06435826420783997
0.16699537634849548
0.16247357428073883
0.05463270843029022
0.17179445922374725
0.09919293224811554
0.22092938423156738
0.11211569607257843
0.47235107421875
0.1409311294555664
0.23399154841899872
1.070460557937622
0.0887281522154808
0.8049532771110535
0.045724835246801376
0.19435372948646545
0.027491191402077675
0.2954968810081482
0.16110165417194366
0.13327153027057648
0.14726434648036957
0.7109411358833313
0.1499631553888321
0.07267162203788757
0.13596764206886292
0.2126009166240692
0.243595153093338
0.203682541847229
0.24484306573867798
0.3249064087867737
0.1347777247428894
0.058951858431100845
0.12776100635528564
0.6453036069869995
0.435234010219574
0.05852460116147995
0.12451763451099396
0.7990323305130005
0.08919750899076462
0.10614556819200516
0.0948602482676506
0.16336098313331604
0.3802615702152252
0.10117518156766891
0.08499734848737717
0.1177610531449318
0.0681171715259552
0.03251266852021217
0.7335271239280701
0.1422508955001831
0.09681583940982819
0.17222003638744354
0.151733860373497
0.13008707761764526
0.2972220778465271
0.04230266436934471
0.13630783557891846
0.5646986365318298
0.29841306805610657
0.17421245574951172
0.17129260301589966
0.2592625916004181
0.08397982269525528
0.4228207767009735
0.11522221565246582
0.10505068302154541
0.21585111320018768
0.6005923748016357
0.08330988883972168
0.09732666611671448
0.09265287965536118
0.2637585401535034
0.09358629584312439
0.580832839012146
0.2287602424621582
0.20870789885520935
0.11199025809764862
0.09739216417074203
0.0805349126458168
0.24749377369880676
0.29189878702163696
0.04188143089413643
0.2192746102809906
0.05319090560078621
0.08692547678947449
0.39999645948410034
0.14918789267539978
0.5217954516410828
1.1295613050460815
0.08606749027967453
0.5686257481575012
0.2384290248155594
0.24844476580619812
0.11200594156980515
0.1342775672674179
0.2137652337551117
0.27069059014320374
0.3172639310359955
0.7815392017364502
0.34573253989219666
0.15487274527549744
0.27246230840682983
0.2660946547985077
0.2368951141834259
0.18111862242221832
0.21490578353405
0.821103572845459
0.06559184193611145
0.16949689388275146
0.3925202190876007
0.41305941343307495
0.1518416404724121
0.7205830812454224
0.6620556712150574
0.18187889456748962
0.16485169529914856
0.6376180052757263
0.12157358229160309
0.16873778402805328
0.030701931565999985
0.12145859003067017
0.23217792809009552
0.3915345370769501
0.12004196643829346
0.1075209230184555
0.19691109657287598
0.059998925775289536
0.10062048584222794
0.2078849971294403
0.04723042622208595
0.06442157179117203
0.09844815731048584
0.023769106715917587
0.3850497901439667
0.03558528795838356
0.05351214483380318
0.0355784110724926
0.30177566409111023
0.7389451265335083
0.2753002941608429
0.8486925363540649
0.3729071617126465
0.16815780103206635
0.18546739220619202
0.20542286336421967
0.033241916447877884
0.15546263754367828
0.2862178087234497
0.6754846572875977
0.2783299386501312
0.32276371121406555
0.09056307375431061
0.04008207842707634
0.1871371567249298
0.5370103716850281
0.27828019857406616
0.13558390736579895
0.09570890665054321
0.140245258808136
0.214397132396698
0.09050791710615158
0.07263835519552231
0.26975879073143005
1.102252721786499
0.09706219285726547
0.0295645073056221
0.1257990002632141
0.14461255073547363
0.30105751752853394
0.07414714246988297
0.18634147942066193
0.3010292947292328
0.03530724719166756
0.3842511475086212
0.28175896406173706
0.3754999339580536
0.22232434153556824
0.15974096953868866
0.09495365619659424
0.09548300504684448
0.04870926961302757
0.0732041746377945
0.02613508515059948
0.44657957553863525
0.31404170393943787
0.06833462417125702
0.5447487235069275
0.15318045020103455
0.22248084843158722
0.49355223774909973
0.04394153505563736
0.0699884444475174
0.8964945077896118
0.2697613835334778
0.08270461112260818
0.13746173679828644
0.367188423871994
0.13643372058868408
0.1044912338256836
0.09213737398386002
0.10706476867198944
0.26794037222862244
0.05807989835739136
0.16535186767578125
0.235673189163208
0.05979740992188454
0.06898505985736847
0.089354008436203
0.07374942302703857
0.39905834197998047
0.058867428451776505
0.03835773095488548
0.04211525246500969
0.16679920256137848
0.04072568193078041
0.04710134118795395
0.21911385655403137
1.3093231916427612
0.3290625512599945
0.0383746512234211
0.3078567385673523
0.1046750470995903
0.22291918098926544
0.3359372317790985
0.04432577267289162
0.10448219627141953
0.39789238572120667
0.11783087998628616
0.22147870063781738
0.03066624328494072
0.4264160096645355
0.38435906171798706
0.29037249088287354
0.440080463886261
0.10605116933584213
0.2021487057209015
0.09530805051326752
0.08813676238059998
0.12212169915437698
0.4425298571586609
0.24465785920619965
0.1582527756690979
0.3056116998195648
0.10038413107395172
0.2932898998260498
1.105650782585144
0.27941861748695374
0.09079769998788834
0.15570805966854095
0.24573080241680145
0.0983474925160408
0.38726136088371277
0.05718833953142166
0.07479320466518402
0.4892958998680115
0.06121523305773735
0.11568109691143036
0.2010817676782608
0.1090029627084732
0.16790765523910522
0.24933187663555145
0.18958701193332672
0.04250070080161095
0.0840621292591095
0.08957985043525696
0.16391585767269135
0.10920357704162598
0.08073880523443222
0.06086957827210426
0.10874702036380768
0.11928851157426834
0.28773510456085205
0.07537035644054413
0.06207584589719772
0.08723782747983932
0.1027887761592865
0.6881370544433594
0.051411911845207214
0.7931237816810608
0.8661511540412903
0.2186046838760376
0.23094035685062408
0.24531704187393188
0.2262144535779953
0.14050637185573578
0.5315517783164978
0.2025650143623352
0.1461862325668335
0.0832100659608841
0.21156874299049377
0.4957152307033539
0.3579787611961365
0.1795642226934433
0.052598852664232254
0.12874402105808258
0.22668112814426422
0.18945549428462982
0.2091096192598343
0.25089770555496216
0.04501611366868019
0.0236712247133255
0.16766397655010223
0.4378325045108795
0.29942482709884644
0.11960653960704803
0.07237750291824341
0.37407004833221436
0.06425023078918457
0.9642416834831238
0.04235762357711792
0.23797519505023956
0.061159227043390274
0.28339192271232605
0.07381360977888107
0.64737868309021
0.08875343948602676
0.12459935992956161
0.10491534322500229
0.31887492537498474
0.11728031933307648
0.10778973251581192
0.2057855874300003
0.10117548704147339
0.0407162643969059
0.2324615716934204
0.08110737055540085
0.20366419851779938
0.1184154748916626
0.6095455884933472
0.3932660222053528
0.41442421078681946
0.15150436758995056
0.140830397605896
0.7280018329620361
0.2315705567598343
0.2148686945438385
1.213446021080017
0.085785411298275
0.3928946256637573
0.0464741550385952
0.22228646278381348
0.6191262006759644
0.31743791699409485
0.29580435156822205
0.19004914164543152
0.21211588382720947
0.04146737605333328
0.18654586374759674
0.16897651553153992
0.30690616369247437
0.1057235449552536
0.04597819969058037
0.244556725025177
0.06711018085479736
0.06563860177993774
0.06220638379454613
0.19684511423110962
0.1865246593952179
0.089427649974823
0.27706411480903625
0.4654822051525116
0.06977090984582901
0.05711177736520767
0.33709296584129333
0.16703256964683533
0.05812360718846321
0.0961335152387619
0.09969000518321991
0.04595823585987091
0.39639320969581604
0.1569325029850006
0.07024983316659927
0.12785394489765167
0.08714264631271362
0.837941586971283
0.09819447994232178
0.23853011429309845
0.24429000914096832
0.34375765919685364
0.0923197790980339
0.213486909866333
0.16756269335746765
0.47174763679504395
0.08902924507856369
1.165441632270813
0.1379631608724594
0.16918280720710754
0.044055525213479996
0.2542138695716858
0.04970148950815201
0.12186940759420395
0.317416787147522
0.3703984320163727
0.13822391629219055
0.49713781476020813
0.3713226914405823
0.05384714901447296
0.44204989075660706
0.08664512634277344
0.08586014807224274
0.0980377048254013
0.40465202927589417
0.1542864739894867
0.0780259445309639
0.10250787436962128
0.1824474334716797
0.08138853311538696
0.24894551932811737
0.04124819114804268
0.10327519476413727
0.06701718270778656
0.08193653076887131
0.19294169545173645
0.18941375613212585
0.14684484899044037
0.19780218601226807
0.09410411864519119
0.13497522473335266
0.6652129888534546
0.04761071130633354
0.8413670659065247
0.05727297067642212
0.33726629614830017
0.05844138190150261
0.19570766389369965
0.03195693716406822
0.6622226238250732
0.1521122306585312
0.1908494532108307
0.26988303661346436
0.03483748808503151
0.19223666191101074
0.17024880647659302
0.11667642742395401
0.08333182334899902
0.16507281363010406
0.060195714235305786
0.25623127818107605
0.03149352967739105
0.2323785126209259
0.13209591805934906
0.03958171233534813
0.46877753734588623
0.19510771334171295
0.4473755657672882
0.27926260232925415
0.4054800271987915
0.04199135676026344
0.03668391704559326
0.0895371213555336
0.029568197205662727
0.056067850440740585
0.06898603588342667
0.027918212115764618
0.0752192884683609
1.108449935913086
0.044542454183101654
0.643318235874176
0.5770180225372314
0.8472794890403748
0.06477039307355881
0.06360434740781784
0.19522763788700104
0.29600533843040466
0.15825854241847992
0.23923155665397644
0.3714887499809265
0.13566486537456512
0.22053076326847076
0.12022288143634796
0.23566795885562897
0.08384937793016434
0.07498849928379059
0.06722752004861832
0.39761584997177124
0.17578203976154327
0.2777229845523834
0.08795052021741867
0.13610555231571198
0.2239908128976822
0.04880230501294136
0.08002088218927383
0.04351885989308357
0.16510921716690063
0.2335413247346878
0.16623124480247498
0.38817980885505676
0.12753775715827942
0.1455993354320526
0.032111942768096924
0.025971969589591026
0.14560653269290924
0.04027828201651573
0.6502164006233215
0.11373987793922424
0.08147641271352768
0.14410550892353058
0.0327727235853672
0.10208941996097565
0.08746232837438583
0.1010742112994194
0.9860011339187622
0.12937870621681213
0.1590820699930191
0.06391236186027527
0.2807820737361908
0.06876996904611588
0.278798907995224
0.1424303501844406
0.4512624442577362
0.275736540555954
0.7726898193359375
0.18951578438282013
0.024125998839735985
0.10368625074625015
0.21289296448230743
0.15071989595890045
0.2659692168235779
0.1589783877134323
0.05803871899843216
0.09221123158931732
0.07267442345619202
0.0847773551940918
0.2649628221988678
0.15856431424617767
0.5836009383201599
0.36147791147232056
0.1345822960138321
0.041206780821084976
0.10912901163101196
0.8135612607002258
0.2640979290008545
0.12580302357673645
0.11329983919858932
0.1317674070596695
0.11448274552822113
0.06156107783317566
0.03147604689002037
0.7289482951164246
0.18312540650367737
0.10334877669811249
0.19200992584228516
0.11827485263347626
0.1699540913105011
0.07571816444396973
0.04005163908004761
0.0726853683590889
0.32586243748664856
0.43160301446914673
0.43628036975860596
0.2786182761192322
0.043195419013500214
0.10644125938415527
0.09153131395578384
0.12051422894001007
0.16654010117053986
0.12968286871910095
0.12143677473068237
0.9102416038513184
0.11607586592435837
0.49688515067100525
0.09542056173086166
0.08928423374891281
0.12630775570869446
0.07556230574846268
0.06609942764043808
0.13457801938056946
0.15315315127372742
0.2019973248243332
0.14010688662528992
0.1525140255689621
0.2798897624015808
0.5048924088478088
0.2277379333972931
0.5874428749084473
0.09963743388652802
1.1059987545013428
0.043792106211185455
0.5032165050506592
0.14609988033771515
0.1030772402882576
0.06881894916296005
0.06029972806572914
0.19959887862205505
0.18496985733509064
0.27336385846138
0.07489991933107376
0.20855343341827393
0.05463932827115059
0.19230303168296814
0.12469056993722916
0.09072922170162201
0.08151875436306
0.2139376699924469
0.12481492757797241
0.15652450919151306
0.0311933271586895
0.0634988322854042
0.16050483286380768
0.04380159080028534
0.0889880433678627
0.15435384213924408
0.023302841931581497
0.05539675056934357
0.04048911854624748
0.7068734169006348
0.7194358706474304
0.08538824319839478
0.1836407631635666
0.06028694286942482
0.10115663707256317
0.05944658815860748
0.02711089327931404
0.6942148208618164
0.5561270117759705
0.09898732602596283
0.06556303054094315
0.4063236117362976
0.14815817773342133
0.07000039517879486
0.15331681072711945
0.3225603401660919
0.09506388753652573
0.1702490895986557
0.0728040263056755
0.22242431342601776
0.2603580057621002
0.10321207344532013
0.15246710181236267
0.027736492455005646
0.14478720724582672
0.08608121424913406
0.14707492291927338
0.06404373794794083
0.6150267720222473
0.11151470988988876
0.26975390315055847
0.11165890842676163
0.04034525528550148
0.234513521194458
0.11583547294139862
0.9949460625648499
0.102016881108284
0.0549677349627018
0.11149733513593674
0.04353654012084007
0.1800505369901657
0.41812020540237427
0.061131156980991364
0.3585647642612457
0.16382059454917908
0.0884462371468544
0.2291392982006073
0.4652853310108185
0.26417437195777893
0.2021058350801468
0.226139098405838
0.05717717111110687
0.10006745904684067
0.09194845706224442
0.15451927483081818
0.799317479133606
0.1085999384522438
0.19258174300193787
0.09579627215862274
0.05101674422621727
0.0864652618765831
0.07552368938922882
0.13749592006206512
0.04238206893205643
0.28096699714660645
0.08200486749410629
0.24181142449378967
0.16547521948814392
0.18852105736732483
0.10767315328121185
0.05935285985469818
0.24056459963321686
0.6297617554664612
0.07575097680091858
0.01421535573899746
0.3917388617992401
0.7314228415489197
0.020443430170416832
0.08961585909128189
0.9300934076309204
0.1388598382472992
0.13599230349063873
0.1643192172050476
0.20601201057434082
1.6326693296432495
0.35198840498924255
0.9825720191001892
0.19050829112529755
0.12006694078445435
0.21239228546619415
0.04950340464711189
0.1695771962404251
0.2015039324760437
0.19080299139022827
0.04910512641072273
0.11293940246105194
0.03383234515786171
0.15378010272979736
0.32317665219306946
0.1396920382976532
0.20838738977909088
0.12622755765914917
0.1267295479774475
0.08364097028970718
0.1837894171476364
0.13074010610580444
0.035165704786777496
0.051885027438402176
0.10466250032186508
0.061452507972717285
1.2762025594711304
0.11525528132915497
0.43706151843070984
0.5887291431427002
0.274981826543808
0.4271371066570282
0.14553365111351013
0.06657539308071136
0.28618764877319336
0.28030261397361755
0.20691201090812683
0.08086878806352615
0.3376164436340332
0.3717861473560333
0.4211127758026123
0.2825259268283844
0.22508171200752258
0.12840160727500916
0.055771030485630035
0.24693536758422852
0.13297177851200104
0.13998210430145264
0.1893296092748642
0.470113068819046
0.7533051371574402
0.871031641960144
0.38748157024383545
0.18136325478553772
0.2762928009033203
0.030979610979557037
0.6788557171821594
0.35620641708374023
0.16637864708900452
0.1328069567680359
0.34837156534194946
0.2888854444026947
0.08516875654459
0.05680396407842636
0.08882155269384384
0.16966798901557922
0.04392171651124954
0.08167950063943863
0.028414195403456688
0.09095267206430435
0.04203886166214943
0.09204785525798798
0.046900417655706406
0.04430920630693436
1.119667887687683
0.05032826587557793
0.17253167927265167
0.11160092800855637
0.6280467510223389
0.5605782270431519
0.1413048654794693
0.05165621265769005
0.2228766530752182
0.31070569157600403
0.062004510313272476
0.09315186738967896
0.12331602722406387
0.11045055836439133
0.10116657614707947
0.307555228471756
0.19035516679286957
0.11314968019723892
0.19191263616085052
0.11325697600841522
0.2752673029899597
0.2330724596977234
0.36925163865089417
0.11154020577669144
0.032529380172491074
0.13373470306396484
0.043734971433877945
0.12219967693090439
0.23152275383472443
0.14483468234539032
0.18228717148303986
0.21081244945526123
0.3030611276626587
0.09902258217334747
0.13329479098320007
0.07035554945468903
0.11208189278841019
0.11485229432582855
0.17300796508789062
0.2449442744255066
0.02839452400803566
0.19433005154132843
0.10135538130998611
0.03921499475836754
0.5080755949020386
0.12000498920679092
1.0810502767562866
0.060965441167354584
0.16650792956352234
0.09312080591917038
0.16311444342136383
0.22038748860359192
0.15599948167800903
0.0263608880341053
0.0727597177028656
0.06190402805805206
0.22086632251739502
0.2459678202867508
0.027667028829455376
0.6486353874206543
0.04454159364104271
0.039256833493709564
0.05091334879398346
0.15120165050029755
0.026675887405872345
0.11430187523365021
0.18549023568630219
0.18616212904453278
0.16235332190990448
0.27411648631095886
0.041741687804460526
0.12871745228767395
0.11880961805582047
0.07520129531621933
1.2546619176864624
0.06989961117506027
0.24071601033210754
0.5374395251274109
0.10319637507200241
0.0541749969124794
0.34347620606422424
0.7067184448242188
0.3455512225627899
0.36770951747894287
0.10395341366529465
0.0274357907474041
0.546078622341156
0.3644682765007019
0.34182050824165344
0.11812151968479156
0.36505234241485596
0.2827449142932892
0.09239588677883148
0.07119771838188171
0.057785764336586
0.09623421728610992
0.15364615619182587
0.25523635745048523
0.4739855229854584
0.06721953302621841
0.07977575063705444
0.2321002334356308
0.0899106040596962
0.2742587924003601
0.14529021084308624
0.04294459894299507
0.19822417199611664
0.05695558339357376
0.17709870636463165
0.30513960123062134
0.2816213369369507
0.3503824472427368
0.1886177957057953
0.02350364625453949
0.0536920391023159
0.06855535507202148
0.08849205076694489
0.29300937056541443
0.6561528444290161
0.21085405349731445
0.09772604703903198
0.2834973931312561
1.3028653860092163
0.24307672679424286
0.19335883855819702
0.5559329390525818
0.20552361011505127
0.15281328558921814
0.14216648042201996
0.17798325419425964
0.21499599516391754
0.2241412103176117
0.2536022961139679
0.35438525676727295
0.19325417280197144
0.20773029327392578
0.1749231219291687
0.34456008672714233
0.06889508664608002
0.10502298176288605
0.25449085235595703
0.14361931383609772
0.15070860087871552
0.05963624268770218
0.02963804267346859
0.4730459451675415
0.06643383949995041
0.01890052668750286
0.03689860180020332
0.1418718695640564
0.08809005469083786
0.2422970086336136
0.272691935300827
0.03645274043083191
0.10876414179801941
0.04277418553829193
0.050077326595783234
0.07113707065582275
0.6836696863174438
0.15256081521511078
0.18212361633777618
0.03939975053071976
0.5371969938278198
0.28950825333595276
0.17247992753982544
0.2491065114736557
0.09565181285142899
0.019733965396881104
0.08600420504808426
0.16275162994861603
0.03625580295920372
0.05755401402711868
0.06549561768770218
0.03904757648706436
0.8253135681152344
0.3128910958766937
0.116910420358181
0.09914131462574005
0.6136175394058228
0.1299976408481598
0.05401567742228508
0.05803312733769417
0.032809484750032425
0.10788919776678085
0.251173734664917
0.15353219211101532
0.06800157576799393
0.2675098776817322
0.1837630718946457
0.36680880188941956
0.19615639746189117
0.053261883556842804
0.4278753697872162
0.09636532515287399
0.05439982935786247
0.0635996013879776
0.13328154385089874
0.03840656206011772
0.050403885543346405
0.6264150738716125
0.07099909335374832
0.22721703350543976
0.2807667553424835
0.07596325129270554
0.17910784482955933
0.08235014230012894
0.22951751947402954
0.30905452370643616
0.22706390917301178
0.05403716862201691
0.3608350455760956
0.5292829275131226
0.4866170883178711
0.10037339478731155
0.145762637257576
0.42216116189956665
0.1764202117919922
0.9869476556777954
0.3471579849720001
0.22936581075191498
0.1679387241601944
0.2374064177274704
0.27840375900268555
0.22824135422706604
0.16018031537532806
0.04518622159957886
0.07345853000879288
0.01912110485136509
0.10003428906202316
0.23878563940525055
0.2557278871536255
0.3828463852405548
0.16496537625789642
0.05146804079413414
0.31990140676498413
0.08552676439285278
0.08196404576301575
0.12082502245903015
1.7009042501449585
0.049554020166397095
0.30106595158576965
0.16929733753204346
0.03311245143413544
1.1440677642822266
0.030536070466041565
0.3403504490852356
0.13843375444412231
0.3850474953651428
0.15104098618030548
0.6224411129951477
0.15558631718158722
0.4492895305156708
0.18525123596191406
0.7109018564224243
0.17755421996116638
0.035251080989837646
0.40463051199913025
0.2571408748626709
0.525088906288147
0.28852033615112305
0.11208780109882355
0.17641356587409973
0.34720125794410706
0.2184981405735016
0.15134349465370178
0.22583183646202087
0.2284599244594574
0.5354920625686646
0.08604419231414795
0.1397642344236374
0.18298235535621643
0.07588185369968414
0.252763032913208
0.12107568979263306
0.8120778799057007
0.06266092509031296
0.16695688664913177
0.049008261412382126
0.09792385250329971
0.7080432772636414
0.24779509007930756
0.06112832948565483
0.35783812403678894
0.4113115072250366
0.13540585339069366
0.19940544664859772
0.718392014503479
0.27051079273223877
0.06350474804639816
0.37115657329559326
0.9686487317085266
0.10050063580274582
0.7498188018798828
0.05226844921708107
0.19361717998981476
0.4229898452758789
0.13085539638996124
0.2450149804353714
0.13629423081874847
0.11768804490566254
0.4120265543460846
0.40378740429878235
0.6776057481765747
0.5403203368186951
0.10731992870569229
0.053231131285429
0.06015103682875633
0.07534253597259521
0.1874304711818695
0.20379433035850525
0.22078168392181396
0.05665759742259979
0.17133647203445435
0.08017972111701965
0.057652536779642105
0.47800809144973755
0.0772797092795372
0.4290940761566162
0.018088866025209427
0.29271966218948364
0.029794389382004738
0.16701675951480865
0.06031531095504761
0.04776882380247116
0.17712228000164032
0.26985225081443787
0.3221186101436615
0.09179339557886124
0.24110126495361328
0.07214721292257309
0.13877204060554504
0.10543219745159149
0.10175308585166931
0.17624598741531372
0.15575984120368958
0.27934780716896057
0.5190565586090088
0.049758430570364
0.15204167366027832
0.10117992013692856
0.16825246810913086
0.13876815140247345
0.1789371520280838
0.5858327746391296
0.20700521767139435
0.05071086436510086
0.06700543314218521
0.08190876245498657
0.2288404256105423
0.08692050725221634
0.042178720235824585
0.034885503351688385
0.11939320713281631
0.13934916257858276
0.8479816317558289
0.3065142333507538
1.6515345573425293
0.03917386010289192
0.3005024194717407
0.12175744026899338
0.28879114985466003
0.2263028770685196
0.10842104256153107
0.16593356430530548
0.410833477973938
0.6807729601860046
0.27532991766929626
0.31874173879623413
1.1308423280715942
0.25508248805999756
0.17389416694641113
0.11014428734779358
0.1872127652168274
0.05117330327630043
0.2540335953235626
0.5591114163398743
0.24293754994869232
0.962253212928772
0.19970393180847168
0.16190879046916962
0.38600555062294006
0.07029057294130325
0.03636973723769188
0.06335888803005219
0.0504709891974926
0.23516681790351868
0.1771557331085205
0.121785968542099
0.3047407269477844
0.12628419697284698
0.05462045595049858
0.134111687541008
0.12305089831352234
0.07722918689250946
0.1193193718791008
0.10052547603845596
0.24238885939121246
0.09806293249130249
0.25788265466690063
0.022047320380806923
0.7630321979522705
0.3898814022541046
0.2668687701225281
0.20173168182373047
0.2211034595966339
0.49841341376304626
0.20300830900669098
0.13986165821552277
0.2203909158706665
0.535383403301239
0.16934941709041595
0.35187050700187683
0.3761911988258362
0.18234938383102417
0.12975800037384033
0.049152616411447525
0.1808994710445404
0.09646700322628021
0.09525639563798904
0.749958336353302
0.07765429466962814
0.17621487379074097
0.24868997931480408
0.17176920175552368
0.14737817645072937
0.09292558580636978
1.0809788703918457
0.25173211097717285
0.23413531482219696
0.08954469859600067
0.535798192024231
0.17279769480228424
0.09150175005197525
0.13211365044116974
0.3259110748767853
0.22061482071876526
0.34475040435791016
0.20063017308712006
0.37688562273979187
0.10306484252214432
0.2118571698665619
0.4152228832244873
0.07949310541152954
0.08916745334863663
0.10395259410142899
0.0472247451543808
0.17071539163589478
0.2364404946565628
0.08690699934959412
0.07251781225204468
0.14956772327423096
0.6961408257484436
0.13305890560150146
0.07716706395149231
0.24253524839878082
0.05077597126364708
0.11996129155158997
0.6789038777351379
0.618422269821167
0.6231067180633545
0.1008201614022255
0.14515863358974457
0.07637602090835571
0.22360384464263916
0.18544115126132965
0.037720248103141785
0.07762501388788223
0.10631999373435974
0.30396050214767456
0.21361315250396729
0.2395988404750824
0.23430578410625458
0.14614585041999817
0.24148714542388916
0.17796292901039124
0.1729992926120758
0.13580147922039032
0.2503854036331177
0.23357880115509033
0.2968493402004242
0.39715418219566345
0.14458973705768585
0.09881425648927689
0.09113405644893646
0.32697197794914246
0.05447860062122345
0.31852346658706665
0.08414240926504135
0.07378813624382019
0.2359573245048523
0.19145087897777557
0.5274261832237244
0.05227123945951462
0.23570451140403748
1.0127044916152954
0.13693147897720337
0.06911945343017578
0.20421795547008514
0.17012356221675873
0.11106467247009277
0.2858831584453583
0.456136018037796
0.2658432424068451
0.2721351087093353
0.17507553100585938
0.21460287272930145
0.056920237839221954
0.32313215732574463
0.6767529845237732
0.15909263491630554
0.04383019730448723
0.054261259734630585
0.04171084985136986
0.08320818096399307
0.06686879694461823
0.3680449426174164
1.245422601699829
0.02893209084868431
0.02282213605940342
0.6917023062705994
0.07870380580425262
0.21619437634944916
0.07137182354927063
0.108087457716465
0.7531625032424927
0.21617889404296875
0.08870471268892288
0.2142201066017151
0.6845363974571228
0.45722323656082153
0.7779492735862732
0.3167808949947357
0.16534440219402313
0.4661978483200073
0.2638014554977417
0.27334684133529663
0.2518250048160553
0.5386419892311096
0.05568423867225647
0.041892196983098984
0.49838417768478394
0.21011623740196228
0.24361926317214966
0.2674853503704071
0.044756341725587845
0.25636807084083557
0.15955133736133575
0.046555813401937485
0.15556471049785614
0.1658370941877365
0.08150870352983475
0.03467005491256714
0.08112670481204987
0.09002742916345596
0.12744425237178802
0.14159443974494934
0.027334190905094147
0.02370617538690567
0.04154176637530327
0.14554354548454285
0.08534170687198639
1.5520765781402588
0.07972981035709381
0.7534890174865723
0.027634436264634132
0.7267094254493713
0.4223463833332062
0.15315456688404083
0.07080424576997757
0.0550876222550869
0.30181682109832764
0.1398811936378479
0.09859685599803925
0.19875504076480865
0.7374933362007141
0.05615730956196785
0.07882638275623322
0.3188450336456299
0.11818278580904007
0.3108028173446655
0.47942909598350525
0.3031845688819885
0.1762544810771942
0.16081354022026062
0.31473246216773987
0.14097663760185242
0.06792072206735611
0.054862670600414276
0.13775940239429474
0.20967118442058563
0.1517280787229538
0.1136726513504982
0.06250036507844925
0.048543013632297516
0.3429303467273712
0.0478556863963604
0.46182000637054443
0.7295424342155457
0.6264351010322571
0.29062846302986145
0.24585546553134918
0.3674771189689636
0.12742339074611664
0.1403408944606781
0.11129128187894821
0.16549399495124817
0.0643261969089508
0.5234028100967407
0.12707069516181946
0.048430658876895905
0.34738925099372864
0.08928690105676651
0.1120084896683693
0.03821910172700882
0.09898589551448822
0.08305347710847855
0.05574091523885727
0.09482397139072418
0.06395585089921951
0.2683529853820801
0.08688262850046158
0.042422905564308167
0.3371817171573639
0.0814671590924263
0.09602152556180954
0.10043736547231674
0.2053685188293457
0.9054633378982544
0.10780549049377441
0.5307744145393372
0.13564160466194153
0.0759030282497406
0.023970216512680054
0.18382716178894043
0.055708616971969604
0.4302231967449188
0.13610215485095978
0.09885352849960327
0.06537766009569168
0.1630091518163681
0.36606431007385254
0.20600807666778564
0.3895878195762634
0.2037392109632492
0.1701342612504959
0.06274708360433578
0.1683841198682785
0.13519588112831116
0.037574686110019684
0.031156698241829872
0.24501024186611176
0.0316043458878994
0.06091732159256935
0.0726306289434433
0.024761268869042397
0.07980435341596603
0.06463508307933807
0.2876109778881073
0.0949028879404068
0.48470789194107056
0.027765680104494095
0.11968743801116943
0.3921496570110321
0.06434784084558487
0.08648659288883209
0.13175009191036224
0.2703547775745392
0.1415373980998993
0.11787057667970657
0.12680378556251526
0.07159373909235
0.5665251612663269
0.07303004711866379
0.17985637485980988
0.12377282232046127
0.05846072733402252
0.062207646667957306
0.034649547189474106
0.0458647720515728
0.10427822917699814
0.20146192610263824
0.06055903062224388
1.1839163303375244
0.0505189374089241
0.0799621120095253
0.06651860475540161
0.08697347342967987
0.4841185510158539
0.9454602003097534
0.14008735120296478
0.03816523775458336
0.07018616050481796
0.18168312311172485
0.10268688946962357
0.2501230537891388
0.23214741051197052
0.20174255967140198
0.047632522881031036
0.10258730500936508
0.4445764124393463
0.10189414769411087
0.49903494119644165
0.05777819827198982
0.10443847626447678
0.10123945027589798
0.04524945095181465
0.09384702146053314
0.3203186094760895
0.13893647491931915
0.09920487552881241
0.048244696110486984
0.3136899471282959
0.04742387682199478
0.13029611110687256
0.3649663031101227
0.344378799200058
0.24793782830238342
0.15948311984539032
0.6142558455467224
0.12007631361484528
0.034984178841114044
0.10809561610221863
0.0897202268242836
0.07265865057706833
0.1432725489139557
0.06928981840610504
0.10974488407373428
0.31244832277297974
0.2831736207008362
0.3701747953891754
0.34617605805397034
0.24605360627174377
0.9852967262268066
0.297774076461792
0.1083078607916832
0.23803500831127167
0.21610121428966522
0.1835443079471588
0.14484697580337524
0.04915667697787285
0.07046308368444443
0.10496848821640015
0.10730038583278656
0.14830495417118073
0.136164590716362
0.7269443869590759
0.01957671344280243
1.1980111598968506
0.03037230670452118
0.09747261554002762
0.11885436624288559
0.29004403948783875
0.27748480439186096
0.046789396554231644
0.279298335313797
0.07151848822832108
0.05952516198158264
0.061860885471105576
0.09833163768053055
0.12246125191450119
0.13326288759708405
0.16849200427532196
0.10381996631622314
0.14244557917118073
0.13601195812225342
0.3162539601325989
0.4314865171909332
0.13979120552539825
0.10631265491247177
0.21489086747169495
0.05945400148630142
0.07745766639709473
0.25573694705963135
0.14274075627326965
0.07603852450847626
0.07736065983772278
0.0672021433711052
0.05260321497917175
0.1539325714111328
0.11478637158870697
0.0896802619099617
0.03865879401564598
0.20382526516914368
0.16958408057689667
0.028651097789406776
0.06583604961633682
0.09268113970756531
0.08487305790185928
0.03495413810014725
0.1308554708957672
0.1341163069009781
0.1186879575252533
0.07977598905563354
0.11521001905202866
0.032172296196222305
0.22185729444026947
0.035476040095090866
0.2941773235797882
0.08728224784135818
0.12392915785312653
0.12268199026584625
0.8948941230773926
0.2641255855560303
0.08148126304149628
0.07304482907056808
0.12787064909934998
0.09871917217969894
0.17368027567863464
0.1269272118806839
0.5422315001487732
0.07552408427000046
0.275404691696167
0.16489611566066742
0.03286103904247284
0.09433121979236603
0.036157459020614624
0.20591486990451813
0.27545103430747986
0.2922811806201935
0.11281304806470871
0.25892797112464905
0.03978024423122406
0.0577596053481102
0.10947272926568985
0.2100219875574112
0.02456500194966793
0.4102189838886261
0.12362128496170044
0.03971651941537857
1.3395273685455322
1.0110276937484741
0.05074511840939522
0.35292553901672363
0.09843244403600693
0.2631218731403351
1.1017202138900757
0.04345232993364334
0.29244980216026306
0.11373710632324219
0.3163507878780365
0.185157909989357
0.24237053096294403
0.04004792869091034
0.0692044273018837
0.08232849091291428
0.1210155114531517
0.09544634819030762
0.13501501083374023
0.09965100139379501
0.11707890033721924
0.05248553305864334
0.3387868404388428
0.05251423269510269
0.030014775693416595
0.9827348589897156
0.0946548730134964
1.2466669082641602
0.07187570631504059
0.050082676112651825
0.26960375905036926
0.04389989376068115
0.24658583104610443
0.11194551736116409
0.7253066301345825
0.03280375152826309
0.0644381120800972
0.1539056897163391
0.5805199146270752
0.16629216074943542
0.2935523986816406
0.14086399972438812
0.7335913181304932
0.3715369999408722
0.04516686126589775
0.3256114721298218
0.11028189212083817
0.03631215915083885
0.1211259737610817
0.06868822872638702
0.515491247177124
0.060040075331926346
0.07335464656352997
0.11304350197315216
1.5082100629806519
0.34882885217666626
0.23347297310829163
0.17714042961597443
0.3880998492240906
0.1499340981245041
0.12350086122751236
0.11623041331768036
0.09867619723081589
0.2755059003829956
0.644433856010437
0.6675033569335938
0.2541523873806
0.09089718759059906
0.11896488070487976
0.13405536115169525
0.047600358724594116
0.0866793692111969
0.3061589300632477
0.20989945530891418
0.22826047241687775
0.2593012750148773
0.07031112909317017
0.48391520977020264
0.13063493371009827
0.06195833534002304
0.2704901397228241
0.08759355545043945
0.13609705865383148
0.07303308695554733
0.1273195594549179
0.29350027441978455
0.2423328012228012
0.14388112723827362
0.03419695049524307
0.097731813788414
0.0994495376944542
0.12687109410762787
0.06518828123807907
0.06032348424196243
0.16991430521011353
0.03814703971147537
0.48369646072387695
0.04199730604887009
1.0756372213363647
0.08042330294847488
0.026039956137537956
0.4230777323246002
0.25683167576789856
0.07906918972730637
0.10933154076337814
0.0858159139752388
0.24184072017669678
0.20853714644908905
0.5087107419967651
0.4765682518482208
0.13554710149765015
0.17522811889648438
0.14635597169399261
0.1703845113515854
0.5552617311477661
0.3894215226173401
0.23722614347934723
0.5276514291763306
0.32099494338035583
0.20276866853237152
0.11859332025051117
0.059967540204524994
0.20395509898662567
0.17714063823223114
0.13562937080860138
0.11230809986591339
0.18569055199623108
0.0899927094578743
0.04998365789651871
0.03990744799375534
0.11631850153207779
0.16178293526172638
0.6565532088279724
0.3540642261505127
0.4038594663143158
0.07751012593507767
0.10053322464227676
0.1476019322872162
0.08235050737857819
0.11047203093767166
0.1090550646185875
0.03861656039953232
0.16492873430252075
0.06924455612897873
0.05994977802038193
0.1158936396241188
0.46994462609291077
0.04004816338419914
0.08322560042142868
0.26933470368385315
0.3823065757751465
0.5920143127441406
0.12083496898412704
0.11787819862365723
0.14394007623195648
0.1440007984638214
0.32373344898223877
0.2767605483531952
0.18314129114151
0.13287131488323212
0.09455645829439163
0.21998871862888336
0.10441845655441284
0.12899662554264069
0.025781944394111633
0.16094282269477844
0.06100844591856003
0.23345263302326202
0.17720383405685425
0.183785542845726
0.07719749212265015
0.06495094299316406
0.07957850396633148
0.09237334877252579
1.0142277479171753
0.02406848780810833
0.3146553337574005
0.10815764218568802
0.19962568581104279
0.08313357084989548
0.39458271861076355
0.6693191528320312
1.3826605081558228
0.7819318771362305
0.22611361742019653
0.28975600004196167
0.4203408658504486
0.2621208131313324
0.48207053542137146
0.1932072639465332
0.21101562678813934
0.19576075673103333
0.0691060870885849
0.496024489402771
0.2353242188692093
0.4218003749847412
0.5880656838417053
0.17253243923187256
0.3948349356651306
0.20904408395290375
0.5511494278907776
0.11871449649333954
0.06718701869249344
0.03826160356402397
0.08075527101755142
0.03682548552751541
0.05286933481693268
0.6604331731796265
0.054996732622385025
0.8973488211631775
0.0806472972035408
0.019771022722125053
0.06142125651240349
0.025956740602850914
0.172827810049057
0.8041019439697266
0.31522703170776367
0.09625831991434097
0.09626313298940659
0.06259235739707947
0.036359112709760666
0.19199661910533905
0.775622546672821
0.1355641782283783
0.03052114136517048
0.35576677322387695
0.17048528790473938
0.26906514167785645
0.10602377355098724
0.3462248742580414
0.15575534105300903
0.199705570936203
0.10105643421411514
0.09084418416023254
0.21900875866413116
0.10906679183244705
0.12277360260486603
0.09330826252698898
0.14659914374351501
0.16864052414894104
0.08346840739250183
0.05850154161453247
0.33432453870773315
0.10618475079536438
0.04484666511416435
0.142046257853508
0.38172826170921326
0.10528138279914856
0.13078588247299194
0.056113556027412415
0.1811223030090332
0.8400838375091553
0.046469248831272125
0.07775601744651794
0.14973759651184082
0.1465364247560501
0.1643495410680771
0.03719374164938927
0.26746490597724915
0.13276779651641846
0.10560587793588638
0.15725646913051605
0.07891678810119629
0.09915556758642197
0.16666486859321594
0.05489093437790871
0.10444626212120056
0.1811079978942871
0.07513607293367386
0.21122455596923828
0.10176222026348114
0.15224376320838928
0.07975468784570694
0.819762110710144
0.354696661233902
0.19763915240764618
0.10989456623792648
0.06465186923742294
0.07519461214542389
0.35392528772354126
0.029966270551085472
0.17787645757198334
0.09467718005180359
0.2077603042125702
0.03981905058026314
0.3158223628997803
0.09771884232759476
0.03239404037594795
0.17352363467216492
0.08712238818407059
0.08856348693370819
0.10982096940279007
0.22136618196964264
0.09896360337734222
0.08758145570755005
0.13967493176460266
0.4344780147075653
0.41125497221946716
0.09295365959405899
0.10817453265190125
0.07565455138683319
0.12534961104393005
0.14863871037960052
0.12352883070707321
0.04980471357703209
0.15801428258419037
0.08333253860473633
0.11726349592208862
0.19302260875701904
0.10796704888343811
0.10745017975568771
1.0234493017196655
0.04581637308001518
0.16899119317531586
0.20910625159740448
0.03874634951353073
0.055767517536878586
0.33088406920433044
0.21279364824295044
0.05402224138379097
0.34134945273399353
0.031447526067495346
0.05867154523730278
0.15161675214767456
0.19912618398666382
0.25391530990600586
0.46335917711257935
0.6511682271957397
0.15442685782909393
0.11257109045982361
0.2509997487068176
0.3734551668167114
0.09656329452991486
0.24739661812782288
0.09826438874006271
0.04468497261404991
0.3384750485420227
0.1709383726119995
0.06053365394473076
0.18352697789669037
0.3044014871120453
0.06408604234457016
0.08652608096599579
0.327389657497406
0.06787925958633423
0.12518984079360962
0.4062142074108124
0.08159017562866211
0.37575894594192505
0.08492310345172882
0.3484928607940674
0.30794233083724976
0.14833176136016846
0.20717160403728485
0.21760708093643188
0.23402716219425201
0.1383882313966751
0.14894409477710724
0.07916512340307236
0.17288661003112793
0.40964657068252563
0.12106665968894958
0.0450873039662838
0.12283413112163544
0.033274244517087936
0.10778547078371048
0.11162624508142471
0.5307342410087585
0.06376859545707703
0.43335098028182983
1.2921137809753418
0.03675185889005661
0.12635844945907593
0.046451061964035034
0.07169842720031738
0.7574814558029175
0.290314644575119
0.18894682824611664
0.05413603410124779
0.12085288017988205
0.7689472436904907
0.1285237967967987
0.4105280041694641
0.20561479032039642
0.1517796516418457
0.15884804725646973
0.400529682636261
0.1968902200460434
0.19973792135715485
0.17056123912334442
0.4991752803325653
0.14594446122646332
0.10694172233343124
0.10228999704122543
0.2335246056318283
0.09539845585823059
0.11377492547035217
0.19667917490005493
0.05063055083155632
0.15844236314296722
0.6720316410064697
0.04556882381439209
0.13964314758777618
0.0608709454536438
0.04859565943479538
0.14286844432353973
0.1311744898557663
0.4165157079696655
0.09996875375509262
0.16409505903720856
0.0762084349989891
0.42389628291130066
0.09088823944330215
0.21509769558906555
0.11598721891641617
0.40498703718185425
0.12356631457805634
0.07404518872499466
0.10885312408208847
0.12640352547168732
0.08462534099817276
0.02290450967848301
0.4222191274166107
0.027486424893140793
0.5794591307640076
0.12938466668128967
0.18007758259773254
0.04896990954875946
0.20510722696781158
0.25152748823165894
0.5919877886772156
0.04505651444196701
0.05713438615202904
1.2913283109664917
0.0504426583647728
0.12602803111076355
0.1521308869123459
0.1230711117386818
0.04998192563652992
0.10477447509765625
0.25461244583129883
0.13677017390727997
0.0957350954413414
0.07032903283834457
0.09298436343669891
0.05299564078450203
0.2909206748008728
0.11756700277328491
0.0438544824719429
0.05905066430568695
0.07716591656208038
0.032193731516599655
0.05564473569393158
0.03357686847448349
0.4616714119911194
0.0966719314455986
0.04976901784539223
0.0290397759526968
0.08184253424406052
0.32467368245124817
0.08130146563053131
0.2402166724205017
0.07596735656261444
0.06697209179401398
0.3172709345817566
0.989791750907898
0.16024963557720184
0.04323561117053032
0.1118767037987709
0.37584424018859863
0.04410243779420853
0.1657591313123703
0.28609737753868103
0.158608540892601
0.1844784915447235
0.263278067111969
0.31447455286979675
0.40264880657196045
0.3292013108730316
0.16224323213100433
0.39390942454338074
0.16215667128562927
0.12066945433616638
0.1043609008193016
0.14178460836410522
0.6848140358924866
0.03624223545193672
0.19444531202316284
0.10784594714641571
0.03826453909277916
0.18748587369918823
0.06536386907100677
0.8769470453262329
0.14835527539253235
0.0729445144534111
0.6497425436973572
0.08931015431880951
0.12783336639404297
0.4802195727825165
0.2100009173154831
0.22348636388778687
0.1741008311510086
0.20691755414009094
0.07347147166728973
0.24952523410320282
0.43495920300483704
0.1671338826417923
0.4192134737968445
0.20635341107845306
0.1512034386396408
0.09428880363702774
0.16421498358249664
0.12904629111289978
0.07455264776945114
0.44251689314842224
0.7091012597084045
0.08877615630626678
0.26060017943382263
0.30074116587638855
0.09116459637880325
0.035160575062036514
0.24686114490032196
0.19906596839427948
0.8869812488555908
0.12136862426996231
0.10745438933372498
0.11085382103919983
0.2871468663215637
0.2938024699687958
0.16338887810707092
0.04959642514586449
0.04354385286569595
0.09582415223121643
0.04899897798895836
0.05235406383872032
0.09581676125526428
0.09109476208686829
0.2821533977985382
0.21732577681541443
0.038589414209127426
0.07363282144069672
0.5118306875228882
0.07131606340408325
0.04660523682832718
0.04615071415901184
0.5064589977264404
0.0970604196190834
0.7936410903930664
0.17621144652366638
0.44854646921157837
0.0653042122721672
0.15510553121566772
0.1005530133843422
0.2500152289867401
0.19348090887069702
0.08766824007034302
0.18006546795368195
0.09725547581911087
0.20467261970043182
0.1124553456902504
0.1774941384792328
0.3508417010307312
0.042177051305770874
0.1990433782339096
0.11879091709852219
0.3194049894809723
0.25792908668518066
0.24059677124023438
0.25147947669029236
0.03524857014417648
0.02437441423535347
0.07677754014730453
0.028565457090735435
0.03806905448436737
0.3399285078048706
0.08294931799173355
0.037920091301202774
0.17231924831867218
0.2564462721347809
0.7194827795028687
0.49645110964775085
0.1881307065486908
0.07642585039138794
0.10175170004367828
0.2006472796201706
0.0917661115527153
0.8961674571037292
0.2107664942741394
0.2201676219701767
0.09449837356805801
0.03435944393277168
0.1185021921992302
0.4193952679634094
0.2521905303001404
0.1431972086429596
0.10781281441450119
0.06049048900604248
0.11812020093202591
0.5446406006813049
0.11703784018754959
0.057545799762010574
0.05391157045960426
0.1370922029018402
0.034090008586645126
0.05403716862201691
0.09512842446565628
0.07138006389141083
0.24883337318897247
0.18671084940433502
0.39458516240119934
0.04675161466002464
0.08594561368227005
0.1212974339723587
0.4177217185497284
0.07213416695594788
0.07477303594350815
0.07573383301496506
0.4637531042098999
0.24291479587554932
0.2659256160259247
0.18905241787433624
0.03685171902179718
0.10852678120136261
0.6491667032241821
0.17277924716472626
0.3226492702960968
0.25862884521484375
0.22081905603408813
0.16877436637878418
0.24542532861232758
0.2966644763946533
0.06798744946718216
0.3257296085357666
0.38701096177101135
0.31559810042381287
0.04825994744896889
0.05726742371916771
0.16756954789161682
0.4053226709365845
0.12717747688293457
0.15128551423549652
0.2269490361213684
0.17930060625076294
0.2501815855503082
0.05222277715802193
0.13638854026794434
0.05801871046423912
0.14481061697006226
0.13652637600898743
0.3799726963043213
0.23206786811351776
0.11722826957702637
0.04596240818500519
0.8885746598243713
0.09610046446323395
0.8746790885925293
0.16713957488536835
1.4669151306152344
0.03535659238696098
0.061073850840330124
0.35024890303611755
0.10123144090175629
0.15624143183231354
0.2842727601528168
0.0797504410147667
0.27463749051094055
0.06305505335330963
0.1678159236907959
0.05969957262277603
0.15533265471458435
0.07211947441101074
0.10059904307126999
0.03543815761804581
0.2177865356206894
0.06313809752464294
0.20074933767318726
0.10675735771656036
0.08819480985403061
0.33647629618644714
0.5607438087463379
0.08367608487606049
0.6410387754440308
0.04158048704266548
0.8083752989768982
0.4570155739784241
0.04159494861960411
0.06335674226284027
0.04939207062125206
0.2636156380176544
0.047932401299476624
0.08696027845144272
0.11022942513227463
0.2400638312101364
0.17655828595161438
0.17280980944633484
0.41607406735420227
0.10544141381978989
0.1114276796579361
0.04225452244281769
0.08279777318239212
0.22408577799797058
0.07894277572631836
0.050022050738334656
0.13231921195983887
1.0800491571426392
0.28143852949142456
0.09285030514001846
0.13722014427185059
0.17451457679271698
0.07542166858911514
0.0551760233938694
0.07977903634309769
0.13724172115325928
0.04811561480164528
0.08198783546686172
0.07116185128688812
0.02511446923017502
0.11111772060394287
0.05455585941672325
0.9384692907333374
0.10167645663022995
0.6208392381668091
0.1494026631116867
0.24522113800048828
0.10696204751729965
0.0761338472366333
0.5513911843299866
0.09991781413555145
0.4456297755241394
0.13182321190834045
0.15501506626605988
0.0773477852344513
0.13309088349342346
0.12005789577960968
0.09015848487615585
0.24800367653369904
0.1011548712849617
0.04861081391572952
0.21549808979034424
0.49791571497917175
0.0784124881029129
0.17177927494049072
0.04972469434142113
0.31587499380111694
0.05566931143403053
0.059326183050870895
0.22619974613189697
0.44615790247917175
0.15445339679718018
0.029701435938477516
0.12240773439407349
0.20756733417510986
0.03447350859642029
0.02872716821730137
0.030691295862197876
0.10940427333116531
0.03065556287765503
0.05825995281338692
0.1381688266992569
0.08228025585412979
0.15369027853012085
0.1594560295343399
1.4144871234893799
0.30852967500686646
0.036196816712617874
0.044614650309085846
0.13811616599559784
0.09227332472801208
0.04016849398612976
0.09251347184181213
0.06807541102170944
0.5396327376365662
0.0488634891808033
0.05502806976437569
0.05518309026956558
0.18774430453777313
0.04249417409300804
0.9197468757629395
0.2254631221294403
0.06837312877178192
0.04269210249185562
0.19459837675094604
0.07476945221424103
0.21949228644371033
0.4548548758029938
0.20282815396785736
0.030439993366599083
0.1623499095439911
0.11879777163267136
0.11635777354240417
0.34078192710876465
0.13637672364711761
0.07060830295085907
0.5295456051826477
0.534900963306427
0.16135507822036743
0.07384327054023743
0.06294019520282745
0.12549015879631042
0.08912370353937149
0.0984303429722786
0.07180815935134888
0.7233538031578064
0.10664750635623932
0.10983622819185257
0.19358164072036743
0.08613304793834686
0.08337759226560593
0.11237318813800812
0.03195222094655037
0.18682101368904114
0.1261257529258728
0.07182742655277252
0.07992678135633469
0.04669712483882904
0.08812658488750458
0.1472395956516266
0.02693984843790531
0.022366756573319435
0.09678195416927338
0.03137979656457901
0.2753254473209381
0.04482404887676239
0.04857127368450165
0.049097441136837006
0.06409366428852081
0.0363285094499588
0.1335161030292511
0.11201293766498566
0.03591382876038551
0.5530766248703003
1.0420668125152588
0.04335329309105873
0.1292085349559784
0.033699292689561844
0.06541918963193893
0.19397519528865814
0.11396147310733795
0.3639363646507263
0.08737050741910934
0.5756658315658569
0.162074014544487
0.13252785801887512
0.19979266822338104
0.3806881010532379
0.2665947675704956
0.36134740710258484
0.16698065400123596
0.09968478232622147
0.20769132673740387
0.5235978960990906
0.3594813346862793
0.07740814983844757
0.11018908768892288
0.6288444399833679
0.30197739601135254
0.33839380741119385
0.08280234038829803
0.8975251913070679
0.37086278200149536
0.17936666309833527
0.12918409705162048
0.29817482829093933
0.18976256251335144
0.2627415060997009
0.29691773653030396
0.09254065155982971
0.3642626404762268
0.060575950890779495
0.12559594213962555
0.09587952494621277
0.21611420810222626
0.27560481429100037
0.8869228363037109
0.03074212186038494
0.032178279012441635
0.7889610528945923
0.06321044266223907
0.08051575720310211
0.06666119396686554
0.19149291515350342
0.20966635644435883
0.4537980258464813
0.2413671612739563
0.24202533066272736
0.08922911435365677
0.2283678650856018
0.4497164785861969
0.13653698563575745
0.03418723866343498
0.38002339005470276
0.209266796708107
0.623289942741394
0.23616142570972443
0.16578246653079987
0.17759054899215698
0.20847104489803314
0.2602594196796417
0.11811031401157379
0.1643838882446289
0.5660951733589172
0.2061820775270462
0.19227004051208496
0.26303622126579285
0.2896439731121063
0.1736646592617035
0.037727780640125275
0.06324739754199982
0.030042046681046486
0.08735945075750351
0.022511333227157593
0.08957703411579132
0.09562524408102036
0.38695448637008667
0.10632284730672836
0.07900464534759521
0.248527392745018
0.1401655673980713
1.091668725013733
0.02118188515305519
0.6617858409881592
0.039698753505945206
0.03695964440703392
0.5119734406471252
0.5268115997314453
0.10117589682340622
0.24715736508369446
0.19613082706928253
0.12734563648700714
0.30334779620170593
0.12382666021585464
0.09690811485052109
0.05382851883769035
0.21523417532444
0.15882523357868195
0.062167033553123474
0.40535488724708557
0.14721539616584778
0.13114598393440247
0.10102207958698273
0.25822222232818604
0.05646160617470741
0.29614582657814026
0.08209090679883957
0.17932917177677155
0.0809529647231102
0.17863532900810242
0.7821131348609924
0.10106785595417023
0.05683502182364464
0.060055993497371674
0.08959393948316574
0.07847017794847488
0.2669503390789032
0.06573819369077682
0.046713847666978836
0.6183351278305054
0.041130430996418
0.40655478835105896
0.6373111009597778
0.10634604096412659
0.2137942761182785
0.10699457675218582
0.27175942063331604
0.08959890156984329
0.16947004199028015
0.3637869954109192
0.21537841856479645
0.27204692363739014
0.22390912473201752
0.3009119927883148
0.17917019128799438
0.11300434172153473
0.15869149565696716
0.23071688413619995
0.9960364699363708
0.44361966848373413
0.1889560967683792
0.2494228035211563
0.048721082508563995
0.19531793892383575
0.20865453779697418
0.16064289212226868
0.20000168681144714
0.1038392037153244
0.20956522226333618
0.029311126098036766
0.2969816029071808
0.6642892360687256
0.10031895339488983
0.030686726793646812
0.08888055384159088
0.7158282995223999
0.15152870118618011
0.04101615771651268
0.0500369630753994
0.3312740623950958
0.1880509853363037
0.1261887103319168
0.1221996322274208
0.2538244426250458
0.04076232388615608
0.16904807090759277
0.3444371819496155
0.22279860079288483
0.09272725880146027
0.2123274803161621
0.33436664938926697
0.09810973703861237
0.05663953721523285
0.23560859262943268
0.06599854677915573
0.096669502556324
0.05056018754839897
0.123605877161026
0.11830132454633713
0.05291074141860008
0.033097077161073685
0.06926805526018143
0.04845156893134117
0.02851210907101631
0.01571812480688095
0.1398772895336151
0.1522136628627777
0.11592031270265579
0.23874254524707794
0.06140972673892975
1.615513801574707
0.08297811448574066
0.31173059344291687
0.0903104692697525
0.14998914301395416
0.06412996351718903
0.16920620203018188
0.30911117792129517
0.10431382805109024
0.04754428192973137
0.10386789590120316
0.08759964257478714
0.1477731466293335
0.7517856955528259
0.15854540467262268
0.07920372486114502
0.09729883074760437
0.08942767977714539
0.5743155479431152
0.13587939739227295
0.09287753701210022
0.5048015117645264
0.13000810146331787
0.24772563576698303
0.20508532226085663
0.06357508152723312
0.05828901380300522
0.11253727972507477
0.38675975799560547
0.1405981481075287
0.42341428995132446
0.700988233089447
0.11591786891222
0.17482677102088928
0.07744329422712326
0.25556445121765137
0.04524672031402588
0.2082747220993042
0.3305853307247162
0.39173072576522827
0.12992867827415466
0.2792893350124359
0.6460550427436829
0.13797390460968018
0.07241103798151016
0.0609792098402977
0.17147749662399292
0.12923964858055115
0.114373579621315
0.1949634850025177
0.025351539254188538
0.026071716099977493
0.07621762156486511
0.09050687402486801
0.46059656143188477
0.055397119373083115
0.550123929977417
0.022868115454912186
0.08442648500204086
0.1000862643122673
0.4441568851470947
0.027107249945402145
0.03981136530637741
0.191932812333107
0.19610905647277832
0.0930342748761177
0.7218798398971558
0.7768239974975586
0.08647219091653824
0.2943198084831238
0.30777353048324585
0.11637682467699051
0.07867433875799179
0.056204624474048615
0.053089745342731476
0.23577465116977692
0.6482806205749512
0.5913154482841492
0.3004683554172516
0.16402974724769592
0.10631649196147919
0.2637002766132355
0.5447349548339844
0.10604428499937057
0.08879619091749191
0.32803332805633545
0.032104186713695526
0.3947168290615082
0.7934829592704773
0.4207380712032318
0.5394260883331299
0.71061110496521
0.1416722685098648
0.22557245194911957
0.1104765236377716
0.0888594314455986
0.2791646420955658
0.11665789783000946
0.07837923616170883
0.20556657016277313
0.47260770201683044
0.30612725019454956
0.19376689195632935
0.6664349436759949
0.271140456199646
0.3681524991989136
0.13993920385837555
0.6865229606628418
0.6624387502670288
0.6816390156745911
0.853600263595581
0.12067291885614395
0.13088759779930115
0.08966253697872162
0.35214763879776
0.5002455711364746
0.44356223940849304
0.09420477598905563
0.06428732722997665
0.27456894516944885
0.22539186477661133
0.14118127524852753
0.17441809177398682
0.18836073577404022
0.05159837007522583
0.1440633088350296
0.7928969264030457
0.32030805945396423
0.23151850700378418
0.2660539448261261
1.207330584526062
0.17824766039848328
0.09503018856048584
0.11206105351448059
0.1777825653553009
0.148636594414711
0.35381096601486206
0.041120801120996475
0.25632086396217346
0.21122042834758759
0.07345778495073318
0.03575718402862549
0.031456779688596725
0.05031142011284828
0.2576479911804199
0.09343539923429489
0.10384388267993927
0.1839425265789032
0.031341005116701126
0.22027309238910675
0.11312549561262131
1.1146533489227295
0.7239714860916138
0.04446997120976448
0.28297632932662964
0.6013767719268799
0.15647700428962708
0.18319326639175415
0.11002812534570694
0.17276039719581604
0.20632147789001465
0.13556315004825592
0.26730552315711975
0.14128752052783966
0.15495693683624268
0.35057786107063293
0.1885838508605957
0.2371615171432495
0.16021335124969482
0.21663415431976318
0.07510903477668762
0.12060961872339249
0.4034534990787506
0.10910683125257492
0.1958106905221939
0.2639160454273224
0.06384462863206863
0.08837971091270447
0.0695614367723465
0.06558036059141159
0.147250235080719
0.1112748235464096
0.10919257253408432
0.07197141647338867
0.10693897306919098
0.05532398447394371
0.07880175113677979
0.06798510998487473
0.05398634076118469
0.24636738002300262
0.03342004492878914
0.06260982155799866
0.13225312530994415
0.03552231937646866
0.8934020400047302
0.10031773149967194
0.39786258339881897
0.12747180461883545
0.03047175519168377
0.10892515629529953
0.10154742002487183
0.02481781505048275
0.05513893812894821
0.10581651329994202
0.15016458928585052
0.09147028625011444
0.08479315042495728
0.09781260788440704
0.09461226314306259
0.14320319890975952
0.4480688273906708
0.03239608556032181
0.0636613667011261
0.03254367411136627
0.07968462258577347
0.3146129250526428
0.041989125311374664
0.17027783393859863
0.11298684775829315
0.18803921341896057
0.12194515019655228
0.6851280927658081
0.08656715601682663
0.22637519240379333
0.2887495458126068
0.379194438457489
0.04219832271337509
0.184718057513237
0.13377320766448975
0.09541910141706467
0.03139184042811394
0.33016228675842285
0.10947474092245102
0.03960477560758591
0.06650277972221375
0.10180289298295975
0.34238770604133606
0.03896680846810341
0.3376608192920685
0.4552229940891266
0.05511878430843353
0.07204200327396393
0.39721712470054626
0.06097543612122536
0.06944546103477478
0.11558583378791809
0.02595282904803753
0.09934555739164352
0.08075029402971268
0.08081979304552078
0.038386356085538864
0.690055787563324
0.11219971626996994
0.12136512249708176
0.06508377939462662
0.2125023901462555
0.14878414571285248
0.19085004925727844
0.030077043920755386
0.10296323895454407
0.2247428447008133
0.044746678322553635
0.1735042780637741
0.19662031531333923
0.07378381490707397
0.17708177864551544
0.10472536087036133
0.1631360501050949
0.13123777508735657
0.1546081304550171
0.044658463448286057
0.21449705958366394
0.3047844171524048
0.17857199907302856
0.14489969611167908
0.2058546394109726
0.2964472472667694
0.14088796079158783
0.14264360070228577
0.12186086177825928
0.09647136181592941
0.10984567552804947
0.06238085776567459
0.03508426249027252
0.24765899777412415
1.1573805809020996
0.06949019432067871
0.051134347915649414
0.052489299327135086
0.042721983045339584
0.07653428614139557
0.29072681069374084
0.052391551434993744
0.09768527746200562
0.20343664288520813
0.0486324205994606
0.19932536780834198
0.034264642745256424
0.22815553843975067
0.1421457976102829
0.1499568521976471
0.15861061215400696
0.12450707703828812
0.23748058080673218
0.09397327899932861
0.09985331445932388
0.30725014209747314
0.04082496091723442
0.12838628888130188
0.10877109318971634
0.0889589861035347
0.044686209410429
0.5682324171066284
0.8943167924880981
0.11944621056318283
0.21655087172985077
0.09862164407968521
0.5990512371063232
0.30855435132980347
0.5565678477287292
0.16693472862243652
0.09723571687936783
0.127528116106987
0.36149007081985474
0.12693706154823303
0.1237734854221344
0.12651430070400238
0.6306015253067017
0.17605234682559967
0.3644455075263977
0.18536342680454254
0.12050466239452362
0.2038927525281906
0.5723745226860046
0.035809651017189026
0.06268318742513657
0.13900473713874817
0.09503071010112762
0.041788067668676376
0.22520600259304047
0.06196426972746849
0.06710880249738693
0.10615475475788116
0.2580908536911011
0.3055427074432373
0.24009010195732117
0.6138630509376526
0.34072384238243103
0.027840664610266685
0.22720248997211456
0.10874704271554947
0.04378326237201691
0.11088040471076965
0.11805583536624908
0.2014365792274475
0.2878054976463318
0.06886757910251617
0.164170503616333
0.07640980184078217
0.05290333181619644
0.6179009079933167
0.12440162897109985
0.05246897414326668
0.15925540030002594
0.1787399798631668
0.056544188410043716
0.29578834772109985
0.027908392250537872
0.5159652233123779
0.01942596770823002
0.11193627864122391
0.3688185214996338
0.044510919600725174
0.11006864905357361
0.05193455517292023
0.1549408882856369
0.049262821674346924
0.061496250331401825
0.22597499191761017
0.10359638184309006
0.1006365418434143
0.048765867948532104
0.22502703964710236
0.20977753400802612
0.21109330654144287
0.05958478897809982
0.14065930247306824
0.12801600992679596
0.05931040644645691
0.12342135608196259
0.03893013298511505
0.24383778870105743
0.21505405008792877
0.2952418327331543
0.12441249936819077
0.0543215274810791
0.07014782726764679
0.03695403411984444
0.11770980805158615
0.16173632442951202
0.15463218092918396
0.7992253303527832
0.1749071180820465
0.31719666719436646
0.1517242044210434
0.46452170610427856
0.05507249757647514
0.04843827337026596
0.7091713547706604
0.04056244343519211
0.07263103872537613
0.09364285320043564
0.12560158967971802
0.21094714105129242
0.24329215288162231
0.23850418627262115
0.15528012812137604
1.0139857530593872
0.2952278256416321
0.37788212299346924
0.11872053146362305
0.24295637011528015
0.08661611378192902
0.27338486909866333
0.06655842065811157
0.16938966512680054
0.17887140810489655
0.09061107039451599
0.6292534470558167
0.09862808883190155
0.09681154787540436
0.1139533668756485
0.136172354221344
0.08212098479270935
0.19803930819034576
0.20273876190185547
0.10413718223571777
0.729070246219635
0.7180655598640442
0.06749887764453888
0.08614827692508698
0.31462544202804565
0.09865020215511322
0.5769457817077637
0.0687636137008667
0.09228149801492691
0.16048647463321686
0.07237837463617325
0.09322762489318848
0.541099488735199
0.07477547973394394
0.038873761892318726
0.13571420311927795
0.11813530325889587
0.24088212847709656
0.1554921418428421
0.15932711958885193
0.12070364505052567
0.6120824813842773
0.050664834678173065
0.17837360501289368
0.4361519515514374
0.21819213032722473
0.06857644766569138
0.053172141313552856
0.07174012809991837
0.1861381232738495
0.06909473985433578
0.09790801256895065
0.4376433491706848
0.05039123818278313
0.12397267669439316
0.15590900182724
0.09542936831712723
0.07773658633232117
0.49822548031806946
0.046942088752985
0.20547394454479218
0.8348972201347351
0.21393722295761108
0.04961201176047325
0.23971734941005707
0.10473254323005676
0.14095544815063477
0.233817920088768
0.05893785133957863
0.09874486178159714
0.19301362335681915
0.8435896039009094
0.042247526347637177
0.4062877595424652
0.11490287631750107
0.43245717883110046
0.11717160046100616
0.1112120971083641
0.21718241274356842
0.03916788846254349
0.10637617111206055
0.13043911755084991
0.026860035955905914
0.04451039806008339
0.13886021077632904
0.07101014256477356
0.3484293222427368
0.02358435094356537
0.5240764021873474
0.31373071670532227
0.07525929808616638
0.22603033483028412
0.06709566712379456
0.43700525164604187
0.3313784599304199
0.11099790036678314
0.40953966975212097
0.08047884702682495
0.12767766416072845
0.10607364028692245
0.16203686594963074
0.27846699953079224
0.13588854670524597
0.08651615679264069
0.6049360036849976
0.4562457501888275
0.07385630160570145
0.2295207977294922
0.09086540341377258
0.33277595043182373
0.13586632907390594
0.06543496996164322
0.1588744819164276
0.10983114689588547
0.15537779033184052
0.06615357846021652
0.1492866426706314
0.45379823446273804
0.1752432882785797
0.049513522535562515
0.13535398244857788
0.048844851553440094
0.12567943334579468
0.026118319481611252
0.06559701263904572
0.09404589235782623
0.17843201756477356
0.13519860804080963
0.1040874719619751
0.28229090571403503
0.1710139364004135
0.5560379028320312
0.07930558174848557
0.07239136844873428
0.3182753920555115
0.11736038327217102
0.19521725177764893
0.1767827719449997
0.18229325115680695
0.1688871532678604
0.04262087121605873
0.5221019387245178
0.16122588515281677
0.10296044498682022
0.1673724502325058
0.02848093770444393
0.21396830677986145
0.19530926644802094
0.11279673874378204
0.04061815142631531
0.0326179563999176
0.30997851490974426
0.10940790921449661
0.0785316601395607
0.036343786865472794
0.10626446455717087
0.04971759393811226
0.06525872647762299
0.04572195187211037
0.0292397141456604
0.0627976655960083
0.082603320479393
0.07121341675519943
0.4085501432418823
0.14708198606967926
0.34876829385757446
0.06972271203994751
0.385132372379303
0.06448657065629959
0.3085721731185913
0.11366000771522522
0.08236578106880188
0.1100003644824028
0.04895811155438423
0.24921153485774994
0.1707831472158432
0.14687499403953552
0.11177254468202591
0.2661314308643341
0.11691625416278839
0.22670668363571167
0.061310555785894394
0.0793033167719841
0.1112641841173172
0.2499576359987259
0.07111240178346634
0.22603890299797058
0.22953388094902039
0.16596972942352295
0.656028151512146
0.10383528470993042
0.09489139169454575
0.39329221844673157
0.07342015206813812
0.1545502096414566
0.11995236575603485
0.2525266110897064
0.12394803017377853
0.02891824208199978
0.16286294162273407
0.060927219688892365
0.1571534126996994
0.06985080242156982
0.3138923645019531
0.7680537700653076
0.07645773887634277
0.2633572816848755
0.2192995846271515
0.4620470702648163
0.13020214438438416
0.11124518513679504
0.10789807885885239
0.14249663054943085
0.09117555618286133
0.16350752115249634
0.14785625040531158
0.8491931557655334
0.10408144444227219
0.21284306049346924
0.14662030339241028
0.18596316874027252
0.06600487977266312
0.21424636244773865
0.2927953898906708
0.14961767196655273
0.0830882266163826
0.07556132972240448
0.033733196556568146
0.15801087021827698
0.07983437925577164
0.9847187995910645
0.02519327960908413
0.07256282866001129
0.6533790826797485
0.0927152931690216
0.18809741735458374
0.028709454461932182
1.1514936685562134
0.33329424262046814
0.1838574856519699
0.10361862182617188
0.10321035236120224
0.06828415393829346
0.12240111827850342
0.11451829224824905
0.11332022398710251
0.05777009204030037
0.09264809638261795
0.06954275816679001
0.04876236990094185
0.05393296852707863
0.19897158443927765
0.7090888023376465
0.12118251621723175
0.12718583643436432
0.04860563576221466
0.7510732412338257
0.07302112877368927
0.043332818895578384
0.041775792837142944
0.045371778309345245
0.08133503794670105
0.06604340672492981
0.11632341146469116
0.035813428461551666
0.5574097633361816
0.10570698976516724
0.057671841233968735
0.0646163821220398
0.10242675244808197
0.23741410672664642
0.10613463073968887
0.4014030992984772
0.0825531929731369
0.192034050822258
0.13963647186756134
0.035232193768024445
0.3101162612438202
0.24057993292808533
0.05025910586118698
0.13996383547782898
0.09423034638166428
0.11235702782869339
0.05445610359311104
0.10456737875938416
0.434135377407074
0.16745343804359436
0.19703903794288635
0.0977439358830452
0.11038447171449661
0.061700206249952316
0.03524526208639145
1.1813058853149414
0.0421491339802742
0.06748706102371216
0.3338507115840912
0.24148519337177277
0.07567761838436127
0.38669201731681824
0.21242909133434296
0.15884990990161896
0.0930255725979805
0.13559119403362274
0.19864730536937714
0.20723295211791992
0.2983349859714508
0.19879943132400513
0.08929567784070969
0.1576315462589264
0.04997538402676582
0.1665847897529602
0.09782852232456207
0.26056066155433655
0.10730216652154922
0.057822324335575104
0.0661994144320488
0.0796598494052887
0.07118111848831177
0.05094212293624878
0.07791353762149811
0.2908783555030823
0.08955935388803482
0.10162047296762466
0.23377498984336853
0.0391479916870594
0.0703463926911354
0.4214473068714142
0.50941002368927
0.30066460371017456
0.1181262657046318
0.10360685735940933
0.07851205766201019
0.15240837633609772
0.15299303829669952
0.15547047555446625
0.3637584149837494
0.2243456244468689
0.14429771900177002
0.07208766043186188
0.15283426642417908
0.10608270019292831
0.35925352573394775
0.05501577630639076
0.13172057271003723
0.3190262019634247
0.06748608499765396
0.12027683109045029
0.041644077748060226
0.19692495465278625
0.12632045149803162
0.46337440609931946
0.1539948731660843
0.040538277477025986
0.11223730444908142
0.040532976388931274
0.11284293979406357
0.123405322432518
0.06221136823296547
0.09313252568244934
0.028418831527233124
0.33216214179992676
0.24496737122535706
0.2505318522453308
0.0432698093354702
0.1208808571100235
0.132172629237175
0.10717922449111938
0.20235861837863922
0.07949081808328629
0.1514657437801361
0.08431021869182587
0.1658136248588562
0.12326691299676895
0.07714905589818954
0.16768357157707214
0.4417947232723236
0.06106266379356384
0.40299031138420105
0.0987815409898758
0.07751670479774475
0.3065646290779114
0.03272370994091034
0.10831252485513687
0.06129686161875725
0.07115720957517624
0.1139361783862114
0.49924784898757935
0.03344825655221939
0.05635552853345871
0.2343880832195282
0.32395869493484497
0.5726267695426941
0.23150914907455444
0.14023129642009735
0.13356351852416992
0.03158559650182724
0.11406052112579346
0.17154990136623383
0.21857638657093048
0.09614742547273636
0.2536274492740631
0.14855754375457764
0.940174400806427
0.04074990004301071
0.09554878622293472
0.3236675560474396
0.08704390376806259
0.11720232665538788
0.8785439133644104
0.04163418337702751
0.10437794774770737
0.09315229952335358
0.15377077460289001
0.026966305449604988
0.04347691684961319
0.04374682903289795
0.07230813056230545
0.08167560398578644
0.09543541073799133
0.0729445070028305
0.08879872411489487
0.22619223594665527
0.08703460544347763
0.09365564584732056
0.06784801185131073
0.1246580183506012
0.42377522587776184
0.10398649424314499
0.7363420724868774
0.4781621992588043
0.0647447481751442
0.21016080677509308
0.1003207117319107
0.09270953387022018
0.19002817571163177
0.06283055245876312
0.14990045130252838
0.18063580989837646
0.09550893306732178
0.16350989043712616
0.1508331000804901
0.09763085097074509
0.20791369676589966
0.10842907428741455
0.0493672639131546
0.20794808864593506
0.359196275472641
0.05529752001166344
0.28796637058258057
0.10956403613090515
0.04021994769573212
0.18613554537296295
0.5094267725944519
0.4460984766483307
0.05107486620545387
0.2579917013645172
0.3245738446712494
0.09459256380796432
0.21717220544815063
0.11407599598169327
0.1959809809923172
0.16236980259418488
0.14982208609580994
0.28361067175865173
0.199115589261055
0.15341828763484955
0.24371947348117828
0.10255087912082672
0.07627081125974655
0.06074175983667374
0.046333637088537216
0.03634663671255112
0.09099852293729782
0.12785550951957703
0.04514072835445404
0.071865975856781
0.2717723548412323
0.17596691846847534
0.13937002420425415
0.03447672724723816
0.08376137912273407
0.061242327094078064
0.12977825105190277
0.050626348704099655
0.04415959119796753
0.0826181024312973
0.05802128091454506
0.05703885480761528
1.2340015172958374
0.17069095373153687
0.040181633085012436
0.10260199755430222
0.06368789076805115
0.049198754131793976
0.17439553141593933
0.27037709951400757
0.48745444416999817
0.05461183935403824
0.24196000397205353
0.06748665124177933
0.17396746575832367
0.14392542839050293
0.30016809701919556
0.03935307636857033
0.23044657707214355
0.17237035930156708
0.0637265220284462
0.2674158215522766
0.2971688508987427
0.09052632004022598
0.027766337618231773
0.09196887165307999
0.018207821995019913
0.2429119497537613
0.08976317942142487
0.3033779263496399
0.03848782926797867
0.10412714630365372
0.08573608100414276
0.033012647181749344
0.02871198020875454
0.27904778718948364
0.5978593230247498
0.04733889549970627
0.2545432150363922
0.20029491186141968
0.13315023481845856
0.22406981885433197
0.12733498215675354
0.24970488250255585
0.20229291915893555
0.11130590736865997
0.15908221900463104
0.23512983322143555
0.07642703503370285
0.1580013632774353
0.09252972900867462
0.32880473136901855
0.10257694870233536
0.07392384856939316
0.1936097890138626
0.14705194532871246
0.2891842722892761
0.07231281697750092
0.1711132675409317
0.591715931892395
0.70399409532547
0.23141059279441833
0.373128205537796
0.06333642452955246
0.10405092686414719
0.7200183272361755
0.19839802384376526
0.621260404586792
0.26394087076187134
0.06014943867921829
0.18931488692760468
0.1971273571252823
0.13317567110061646
0.09541680663824081
0.15088939666748047
0.10135433077812195
0.8134680390357971
0.22145888209342957
0.08090467005968094
0.042290765792131424
1.0386289358139038
0.4182372987270355
0.6821425557136536
0.18489514291286469
0.07328961044549942
0.11980042606592178
0.14761514961719513
0.2707372009754181
0.6845389604568481
0.11646447330713272
0.0404915027320385
0.10443360358476639
0.272784948348999
0.09437962621450424
0.06309361755847931
0.13634607195854187
0.14125393331050873
0.22259540855884552
0.3049185574054718
0.1382218897342682
0.08107900619506836
0.09567912667989731
0.14877630770206451
0.09097358584403992
0.16203030943870544
0.6027863621711731
0.047346439212560654
0.06488333642482758
0.15986371040344238
0.06102363020181656
0.24461033940315247
0.16489744186401367
0.18530453741550446
0.22882917523384094
0.16753415763378143
0.08521728217601776
0.06057961285114288
0.3062899708747864
0.11618930101394653
0.3024957478046417
0.13007831573486328
0.0952519029378891
0.1415063738822937
0.07554610073566437
0.15777787566184998
0.07391999661922455
0.2443525791168213
0.18552757799625397
0.10244418680667877
0.06252193450927734
0.08592366427183151
0.6600969433784485
0.1715448647737503
0.1648399382829666
0.19839903712272644
0.16229796409606934
0.17825716733932495
0.08106788992881775
0.07353813201189041
0.15126556158065796
0.20084241032600403
0.021708540618419647
0.3696252703666687
0.12830565869808197
0.07711118459701538
0.09496960788965225
0.029914293438196182
0.030848706141114235
0.07964802533388138
0.050008632242679596
0.2543690800666809
0.1989431232213974
0.02604280412197113
0.05432670935988426
0.31795400381088257
0.11170240491628647
0.043406371027231216
0.24154575169086456
0.0617155060172081
0.05628347769379616
0.06399519741535187
0.1219794899225235
0.05851848050951958
0.05521733686327934
0.027371566742658615
0.09409768134355545
0.5914011597633362
0.44461512565612793
0.11582978069782257
0.14816096425056458
0.08224357664585114
0.045228440314531326
0.04638694226741791
0.06530744582414627
0.061326269060373306
0.3268510699272156
0.0751194953918457
0.4318609833717346
0.07049449533224106
0.2330261617898941
0.0743524432182312
0.09852500259876251
0.09438179433345795
0.16482172906398773
0.2841933071613312
0.2477360963821411
0.8982721567153931
0.18766173720359802
0.11050011962652206
0.4770376980304718
0.3954249918460846
0.16010265052318573
0.5764333605766296
0.216859370470047
0.1724673956632614
0.5075763463973999
0.5257921814918518
0.16358275711536407
0.19414818286895752
0.16847264766693115
0.18031778931617737
0.5892303586006165
0.04827387258410454
0.3600594997406006
0.2082923799753189
0.39044100046157837
0.07040780782699585
0.07498475164175034
0.0798342227935791
0.06509410589933395
0.03564870357513428
0.42209383845329285
0.05802995339035988
0.07706582546234131
0.21364618837833405
0.38795095682144165
0.34009891748428345
0.0681908056139946
0.08424035459756851
0.11427047848701477
0.13773643970489502
0.18882261216640472
0.05192052945494652
0.04928859323263168
0.46925657987594604
0.22796665132045746
0.1347571313381195
0.06031124293804169
0.08415845781564713
0.3979974687099457
0.054982904344797134
0.10544059425592422
0.10789725184440613
0.08952496200799942
0.038833316415548325
0.22947953641414642
0.13979916274547577
0.1815739870071411
0.03123893029987812
0.046618375927209854
0.10766831040382385
0.08548729866743088
0.1583402007818222
0.13788443803787231
0.04884884133934975
0.056585654616355896
0.07456018775701523
0.03442050516605377
0.5620145797729492
0.08487465977668762
0.23995135724544525
0.23675301671028137
0.23458388447761536
0.06891623139381409
0.27635276317596436
0.028303667902946472
0.770236611366272
0.0723985955119133
0.6735070943832397
0.20221154391765594
0.06532247364521027
0.191817507147789
0.20191249251365662
0.2954742908477783
0.1774241030216217
0.15967048704624176
0.09272745251655579
0.18806907534599304
0.2840494215488434
0.20645715296268463
0.2822805941104889
0.8090099096298218
0.11728832870721817
0.031135795637965202
0.06637749075889587
0.1659180074930191
0.08782263845205307
0.12623031437397003
0.10877487808465958
0.11692428588867188
0.1058311015367508
0.11381983011960983
0.0744260624051094
0.04611360654234886
0.03910163417458534
0.1078386902809143
0.04109136387705803
0.2576008439064026
0.289564311504364
0.07454996556043625
0.7082087993621826
0.15944911539554596
0.08257114142179489
0.04506440460681915
0.10842204093933105
0.42882001399993896
0.06633693724870682
0.1235380619764328
0.10546635836362839
0.08853846043348312
0.11500424146652222
0.1324169635772705
0.04510118439793587
0.09513626247644424
0.5970048904418945
0.04171013832092285
0.13386867940425873
0.18341673910617828
0.07426470518112183
0.05690574645996094
0.06590212136507034
0.03618378937244415
0.1219232976436615
0.43090662360191345
0.09761825948953629
0.13767939805984497
0.08526595681905746
0.2980235815048218
0.6092822551727295
0.031807996332645416
0.13543763756752014
0.06727344542741776
0.1875331550836563
0.19206146895885468
0.15777672827243805
0.10396542400121689
0.09962870925664902
0.24027074873447418
0.09015996754169464
0.7365196347236633
0.3335312604904175
0.050335876643657684
0.1618088036775589
0.15767495334148407
0.14983375370502472
0.10338737815618515
0.04363871365785599
0.15273654460906982
0.10688520222902298
0.07598603516817093
0.06148546561598778
0.44499480724334717
0.06388726085424423
0.15738539397716522
0.10563979297876358
0.033227019011974335
0.6760525107383728
0.17738565802574158
0.03433530777692795
0.04228094220161438
0.2718268036842346
0.3382508456707001
0.1114383265376091
0.060766637325286865
0.054262675344944
0.0937327891588211
0.20340417325496674
0.059548087418079376
0.15814463794231415
0.17834973335266113
0.06757906079292297
0.09180013835430145
0.1305759698152542
0.05737963691353798
0.1066388413310051
0.2780875563621521
0.053770337253808975
0.04955361783504486
0.392004132270813
0.04888058826327324
0.03950858861207962
0.05303923040628433
0.018595581874251366
0.11419421434402466
0.03743846341967583
0.03368428349494934
0.051041703671216965
0.07013991475105286
0.12066850066184998
0.03882203996181488
0.07193466275930405
0.2882278859615326
0.09098593890666962
0.07330112904310226
0.21664731204509735
0.1754506528377533
0.06257157027721405
0.05218422785401344
0.10628107935190201
0.30841562151908875
0.06640728563070297
0.1437724381685257
0.22238118946552277
0.08459251374006271
0.23594234883785248
0.35912156105041504
0.08631560206413269
0.47074803709983826
0.08850300312042236
0.1929183006286621
0.07994502037763596
0.1373448669910431
0.17610527575016022
0.13982614874839783
0.13804925978183746
0.20322255790233612
0.07443471997976303
0.04680101200938225
0.7147671580314636
0.10952164977788925
0.023399487137794495
0.03166607767343521
0.17158859968185425
0.24540136754512787
0.05810204893350601
0.3498912751674652
0.5964556932449341
0.027466988191008568
0.5706995725631714
0.66545569896698
0.07437793910503387
0.09968918561935425
0.0707828626036644
0.25365421175956726
0.14437270164489746
0.09868787229061127
0.047555167227983475
1.0888522863388062
0.0982750877737999
0.7526769042015076
0.04815448820590973
0.0789172574877739
0.048261575400829315
0.1275762915611267
0.1049681007862091
0.052728861570358276
0.3220706880092621
0.29433441162109375
0.05623558163642883
0.20383596420288086
0.33288484811782837
0.09643913060426712
0.1037297323346138
0.18898501992225647
0.823489248752594
0.20457661151885986
0.10054425150156021
0.24054189026355743
0.07104788720607758
0.15217484533786774
0.06113145500421524
0.1165638118982315
0.08009590953588486
0.08736304938793182
0.12475185096263885
0.12831445038318634
0.12537293136119843
0.193740576505661
0.24886855483055115
0.09511473774909973
0.11040128022432327
0.0580475814640522
0.33010706305503845
0.03125806152820587
0.05391024798154831
0.8964423537254333
0.10423846542835236
0.08217278867959976
0.17064467072486877
0.08591024577617645
0.15750689804553986
0.0839482992887497
0.07073722779750824
0.03757623955607414
0.7112036943435669
0.11384215950965881
0.1942625641822815
0.2637719213962555
0.07676061987876892
0.08308673650026321
0.135637566447258
0.12523475289344788
0.03944118693470955
0.05111746862530708
0.0664481520652771
0.26407837867736816
0.057916611433029175
0.24260985851287842
0.07430032640695572
0.06579148024320602
0.457692950963974
0.5058552622795105
0.13339196145534515
0.6522704362869263
0.44694626331329346
0.0402674563229084
0.2705100476741791
0.09413328766822815
0.17478567361831665
0.10876264423131943
0.18498288094997406
0.1797366589307785
0.11542178690433502
0.0760965347290039
0.07352856546640396
0.09526347368955612
0.10557714849710464
0.12363214045763016
0.12231868505477905
0.09386950731277466
0.17419086396694183
0.06936632096767426
0.13933172821998596
0.02708166465163231
0.32757508754730225
0.054002031683921814
0.44578519463539124
0.07681778073310852
0.6129966378211975
0.033522941172122955
0.10734744369983673
0.0358324833214283
0.3149808347225189
0.07306209206581116
0.09509050101041794
0.13975174725055695
0.13645759224891663
0.04955320060253143
0.3121761977672577
0.10328066349029541
0.13420984148979187
0.10716123878955841
0.6399027109146118
0.10429956763982773
0.10386350750923157
0.3618927299976349
0.17057980597019196
0.4566998779773712
0.11306075006723404
0.11311750113964081
0.1675688475370407
0.03856498375535011
0.14749518036842346
0.13251544535160065
0.13083474338054657
0.05507349222898483
0.08208462595939636
0.050859201699495316
0.04010266065597534
0.060398876667022705
0.45142796635627747
0.07591396570205688
0.02539290487766266
0.03704097121953964
0.1852666735649109
0.021745581179857254
0.08077327907085419
0.04345792904496193
0.093277707695961
0.020387927070260048
0.20792587101459503
0.11537174880504608
0.7598735690116882
0.029940351843833923
0.0810866504907608
0.2989603579044342
0.31562718749046326
0.14689920842647552
0.13927346467971802
0.27942222356796265
0.269838809967041
0.19160260260105133
0.2544146180152893
0.12011247128248215
0.22047387063503265
0.19225023686885834
0.23613795638084412
0.06135953217744827
0.15390656888484955
0.08358180522918701
0.1045592725276947
0.1277877688407898
0.24288830161094666
0.09865208715200424
0.10084640979766846
0.09253205358982086
0.09950564801692963
0.2488705962896347
0.23909428715705872
0.241946280002594
0.04158378019928932
0.2704145312309265
0.0914897546172142
0.05648136883974075
0.08927492797374725
0.28111255168914795
0.1314002126455307
0.30952680110931396
0.19661134481430054
0.043694138526916504
0.0580642931163311
0.05175170674920082
0.08318398147821426
0.22986777126789093
0.07050486654043198
0.05837401747703552
0.09356842190027237
0.16395190358161926
0.03816023841500282
0.5564017295837402
0.13810943067073822
0.16573214530944824
0.21343299746513367
0.056111302226781845
0.1273723542690277
0.16218352317810059
0.10790754109621048
0.057975657284259796
0.034547775983810425
0.04939590021967888
0.2530430555343628
0.07200893759727478
0.2576206624507904
0.06011137366294861
0.4046037793159485
0.0854216068983078
0.09766779839992523
0.07245340198278427
0.17068128287792206
0.11141369491815567
0.07894744724035263
0.04823742061853409
0.10006821900606155
0.029441064223647118
0.16359804570674896
0.4585089385509491
0.048794250935316086
0.28520795702934265
0.027770983055233955
0.08532344549894333
0.9143865704536438
0.04248147830367088
0.021825522184371948
0.1597415804862976
0.049333855509757996
0.20974630117416382
0.09096364676952362
0.23167197406291962
0.048520926386117935
0.10908332467079163
0.045355383306741714
0.20985287427902222
0.05845873802900314
1.2067221403121948
0.04301489144563675
0.15779203176498413
0.11278694868087769
0.17707151174545288
0.14123299717903137
0.03558461740612984
0.09481152892112732
0.09949905425310135
0.10443985462188721
0.08969627320766449
0.03097698837518692
0.5249027013778687
0.049845993518829346
0.4818965792655945
0.17730265855789185
0.13001354038715363
0.21580682694911957
0.15310822427272797
0.15189296007156372
0.14658451080322266
0.16253215074539185
0.24124686419963837
0.3290100395679474
0.06335827708244324
0.39729878306388855
0.05774512141942978
0.059399206191301346
0.20876888930797577
0.21183378994464874
0.09331075847148895
0.14653897285461426
0.049422118812799454
0.1333017796278
0.038346294313669205
0.03255697339773178
0.025646019726991653
0.07490960508584976
0.08669958263635635
0.08472326397895813
0.1625150889158249
0.25592195987701416
0.16828250885009766
0.3187699019908905
0.5094711780548096
0.15176936984062195
0.4874401390552521
0.6714879274368286
0.16491389274597168
0.27442261576652527
0.07118715345859528
0.1258455067873001
0.14303095638751984
0.21771791577339172
0.17629367113113403
0.24133671820163727
0.08905389159917831
0.13179543614387512
0.11680243909358978
0.33106163144111633
0.16845710575580597
0.4296930432319641
0.10711811482906342
0.030066918581724167
0.11241244524717331
0.05696292594075203
0.03529969975352287
0.05510915443301201
0.03259718418121338
0.27754390239715576
0.043623410165309906
0.05076977238059044
0.21327553689479828
0.5359345078468323
0.12865300476551056
0.15637896955013275
0.15631896257400513
0.09624839574098587
0.09505391120910645
0.08975443989038467
0.0993228405714035
0.07444094866514206
0.10779260098934174
0.39465439319610596
0.2142402082681656
0.16274350881576538
0.04592255502939224
0.18950824439525604
0.11796499043703079
0.13191437721252441
0.08908100426197052
0.23728600144386292
0.10409483313560486
0.45439237356185913
0.5389904975891113
0.10343608260154724
0.5952176451683044
0.12383746355772018
0.05987657979130745
0.13001616299152374
0.11941511183977127
0.08246847242116928
0.15524494647979736
0.07112253457307816
0.06116369366645813
0.07181884348392487
0.06331519782543182
0.03218035772442818
0.23532827198505402
0.16014420986175537
0.1619986593723297
0.10371824353933334
0.14319898188114166
0.6840032935142517
0.0394195131957531
0.030441265553236008
0.3328745663166046
0.03813790902495384
0.05529515817761421
0.15041662752628326
0.08737191557884216
0.13954593241214752
0.07932170480489731
0.5639702081680298
0.036790356040000916
0.05153724178671837
0.15807877480983734
0.08166902512311935
0.1651385873556137
0.2503989040851593
0.06913705170154572
0.06472312659025192
0.15251056849956512
0.12505775690078735
0.1368308812379837
0.05941632390022278
0.04302474111318588
0.13913576304912567
0.5111140608787537
0.08693280816078186
0.4325360357761383
0.09250672906637192
0.10597134381532669
0.10996810346841812
0.13879846036434174
0.03638148680329323
0.5185225009918213
0.06882304698228836
0.4499657154083252
0.034159306436777115
0.10983802378177643
0.07987939566373825
0.18913166224956512
0.14708532392978668
0.18803131580352783
0.10794442892074585
0.5476558208465576
0.17340993881225586
0.09987935423851013
0.06867155432701111
0.10991445183753967
0.08851826936006546
0.026235412806272507
0.04014568775892258
0.0661349818110466
0.11290917545557022
0.16974419355392456
0.16294682025909424
0.3173445761203766
0.32637840509414673
0.07726060599088669
0.1885063499212265
0.04388042911887169
0.06833730638027191
0.2051665037870407
0.07133407145738602
0.4430057406425476
0.0540611557662487
0.08703265339136124
0.35985448956489563
0.12160582840442657
0.12424051016569138
0.07638155668973923
0.16009697318077087
0.05287984013557434
0.31804409623146057
0.17434801161289215
0.1174190491437912
0.5672675371170044
0.2923881709575653
0.0355466865003109
0.08813304454088211
0.43001624941825867
0.12504208087921143
0.07110609859228134
0.04243036359548569
0.12916195392608643
0.0965089350938797
0.07285934686660767
0.17044517397880554
0.021497344598174095
0.10407324135303497
0.24219094216823578
0.1637125462293625
0.1345832794904709
0.07583402842283249
0.11003388464450836
0.060052499175071716
0.3777371942996979
0.10727851092815399
0.0989815816283226
0.12055058032274246
0.1657361537218094
0.05064169317483902
0.40459659695625305
0.07984111458063126
0.10222983360290527
0.2056168168783188
0.11197875440120697
0.1373010277748108
0.16520579159259796
0.6113966107368469
0.04108719527721405
0.16807888448238373
0.1354675441980362
0.507344663143158
0.06652205437421799
0.044260770082473755
0.08465705066919327
0.11343349516391754
0.049117449671030045
0.023798489943146706
0.040255431085824966
0.12179309129714966
0.7012215256690979
0.07515081763267517
0.21227791905403137
0.10705843567848206
0.08636730909347534
0.0643870159983635
0.13007593154907227
0.1194964349269867
0.06570647656917572
0.17553000152111053
0.4305008053779602
0.1176907941699028
0.028920359909534454
0.2062380313873291
0.08013423532247543
0.04173407331109047
0.08550805598497391
0.06215176731348038
0.5366702079772949
0.11125921458005905
0.19849567115306854
0.3472674787044525
0.11799564957618713
0.05040828883647919
0.06119384616613388
0.12878639996051788
0.1315915286540985
0.08141008019447327
0.07602226734161377
0.05093272402882576
0.3258775472640991
0.11125300079584122
0.04797976464033127
0.30264797806739807
0.07196880877017975
0.024046067148447037
0.22475305199623108
0.035749468952417374
0.29862117767333984
0.046533290296792984
0.05389336869120598
0.2681068181991577
0.05777369812130928
0.27566826343536377
0.6644883751869202
0.09211075305938721
0.054942838847637177
0.12088429927825928
0.06796243041753769
0.42002537846565247
0.05183832347393036
0.12833812832832336
0.06879203021526337
0.027021776884794235
0.03277399390935898
0.1403157263994217
0.07631893455982208
0.053123898804187775
0.4444277286529541
0.24772171676158905
0.19208812713623047
1.0964107513427734
0.06206629425287247
0.25774818658828735
0.11889543384313583
0.06908003985881805
0.27537769079208374
0.17478923499584198
0.17109167575836182
0.07149573415517807
0.20133639872074127
0.16041411459445953
0.17584750056266785
0.18499912321567535
0.03182210773229599
0.1544959396123886
0.27572792768478394
0.08415260165929794
0.08960478007793427
0.05258749797940254
0.1049257442355156
0.08594471216201782
0.3666941523551941
0.11782514303922653
0.07371632009744644
0.10787636786699295
0.023085081949830055
0.7078722715377808
0.48952528834342957
0.14044342935085297
0.4650540053844452
0.49249544739723206
0.24848802387714386
0.060993749648332596
0.3352525532245636
0.0944027379155159
0.5122551918029785
0.18085357546806335
0.14365683495998383
0.2046099752187729
0.43665164709091187
0.12271907925605774
0.1712660938501358
0.2735479474067688
0.10377751290798187
0.14036567509174347
0.3288990557193756
0.11830021440982819
0.0767919048666954
0.0798904150724411
0.11470866203308105
0.04667658731341362
0.12020339071750641
0.048713427037000656
0.1502675861120224
0.10726358741521835
0.1765209287405014
0.5511837005615234
0.30267298221588135
0.04487782344222069
0.055709417909383774
0.04745648801326752
0.262587308883667
0.06681700050830841
0.17298352718353271
0.04917323216795921
0.2426595687866211
0.060518164187669754
0.07496052980422974
0.44549423456192017
0.28050827980041504
0.1641034334897995
0.09516052901744843
0.020428311079740524
0.26806554198265076
0.19648277759552002
0.1889813393354416
0.0958302840590477
0.04459002614021301
0.2464742660522461
0.13318614661693573
0.35890674591064453
0.1140565425157547
0.07074052840471268
0.21423351764678955
0.20438186824321747
0.08333278447389603
0.7017168998718262
0.09484904259443283
0.23007148504257202
0.19448210299015045
0.042549315840005875
0.07248525321483612
0.05109052360057831
0.032868921756744385
0.06128762662410736
0.034310001879930496
0.05240723863244057
0.15131254494190216
0.08693323284387589
0.3281688392162323
0.1063685417175293
0.22935053706169128
0.18202324211597443
0.11006157845258713
0.05963791906833649
0.02521728165447712
0.08095768839120865
0.062065549194812775
0.048627566546201706
0.16650089621543884
0.2545042037963867
0.4724418818950653
0.046079788357019424
0.047909874469041824
0.03054634854197502
0.14567841589450836
0.1757359504699707
0.03625300154089928
0.09178776293992996
0.5997825264930725
0.07976726442575455
0.25090837478637695
0.17268915474414825
0.12591373920440674
0.15387628972530365
0.1423797458410263
0.12300683557987213
0.30258867144584656
0.3754575252532959
0.12574045360088348
0.3797494173049927
0.132284477353096
0.2746354639530182
0.09785867482423782
0.05021223425865173
0.12016870826482773
0.07099553942680359
0.7274278998374939
0.08087383955717087
0.34201592206954956
0.07748880982398987
0.23540717363357544
0.09461522847414017
0.49151384830474854
0.539846658706665
0.0392831489443779
0.05657476559281349
0.19755835831165314
0.2157069742679596
0.6811529397964478
0.05291125178337097
0.43647128343582153
0.16546684503555298
0.11575895547866821
0.2904287874698639
0.3198562562465668
0.23268774151802063
0.255178838968277
0.13674557209014893
0.1839442402124405
0.168405219912529
0.167413130402565
0.21995288133621216
0.13688412308692932
0.13007186353206635
0.1296299695968628
0.3562198281288147
0.08709830045700073
0.4564095139503479
0.23438391089439392
0.04027056321501732
0.07172343879938126
0.03798521310091019
0.07475729286670685
0.2644895315170288
0.022704878821969032
0.06540164351463318
0.06105085462331772
0.061708349734544754
0.048907458782196045
0.06956826895475388
0.03709572181105614
0.8122550845146179
0.027335699647665024
0.10113109648227692
0.04967794194817543
0.043015703558921814
0.4445761740207672
0.2598697543144226
0.1964409351348877
0.541770339012146
0.10193391889333725
0.08596303313970566
0.18943986296653748
0.19129791855812073
0.2862185835838318
0.06904972344636917
0.15171517431735992
0.4531795382499695
0.24564988911151886
0.18347308039665222
0.09410213679075241
0.18812106549739838
0.2496669888496399
0.17044898867607117
0.1737734079360962
0.12078013271093369
0.029429318383336067
0.06926493346691132
0.0620214082300663
0.4176979959011078
0.0344206802546978
0.3166978359222412
0.7777470350265503
0.1388077288866043
0.30622395873069763
0.030768321827054024
0.20108309388160706
0.19852913916110992
0.08608677983283997
0.07236623018980026
0.0525004081428051
0.09795749187469482
0.6133623123168945
0.07461591809988022
0.12870973348617554
0.05064632371068001
0.14579086005687714
0.18480058014392853
0.11581552773714066
0.0681525394320488
0.22698050737380981
0.07948695868253708
0.7634508609771729
0.2535077929496765
0.22016847133636475
0.11669626086950302
0.12423083186149597
0.14311280846595764
0.019802972674369812
0.03669252246618271
0.12008892744779587
0.2515472173690796
0.4292697608470917
0.04843396320939064
0.06935402750968933
0.06376032531261444
0.29305654764175415
0.1232934445142746
0.19296108186244965
0.05591489002108574
0.0826554074883461
0.07871878147125244
0.09706119447946548
0.061460740864276886
0.04959429055452347
0.22515292465686798
0.0735836923122406
0.14538545906543732
0.057239972054958344
0.13168156147003174
0.07128099352121353
0.24120701849460602
0.1734771728515625
0.04796970635652542
0.0876486524939537
0.1809278130531311
0.07296514511108398
0.07520375400781631
0.06964677572250366
0.1458616703748703
0.1185445562005043
0.046442873775959015
0.0730247050523758
0.061453331261873245
0.09578949213027954
0.13993820548057556
0.3876011073589325
0.047920651733875275
0.0654374361038208
0.07229063659906387
0.05115094035863876
0.0840931311249733
0.28250566124916077
0.22207967936992645
0.037438053637742996
0.07783037424087524
0.06542550772428513
0.04611425846815109
0.41380056738853455
0.046561066061258316
0.12382454425096512
0.1045440286397934
0.11697607487440109
0.08493730425834656
0.42505261301994324
0.4881756603717804
0.13349038362503052
0.13228446245193481
0.17290040850639343
0.075652576982975
0.09186326712369919
0.7257989048957825
0.17854167520999908
0.08328298479318619
0.12272296100854874
0.10650673508644104
0.11171944439411163
0.03544764965772629
0.1748349517583847
0.13410165905952454
0.23977257311344147
0.03722748905420303
0.2596076726913452
0.09453211724758148
0.031646110117435455
0.07722962647676468
0.032360855489969254
0.18215309083461761
0.05215058475732803
0.10648319870233536
0.1684148758649826
0.3529248833656311
0.07032236456871033
0.12773244082927704
0.11459897458553314
0.05401678383350372
0.09247702360153198
0.24939393997192383
0.17374567687511444
0.043958790600299835
0.13594044744968414
0.10812720656394958
0.10595125705003738
0.14418794214725494
0.10638215392827988
0.07920987159013748
0.11487448215484619
0.13845194876194
0.43402138352394104
0.06076434254646301
0.19938243925571442
0.08392984420061111
0.048226725310087204
0.062201157212257385
0.031099792569875717
0.08345974236726761
0.06903621554374695
0.0687810480594635
0.07000469416379929
0.13518962264060974
0.6547635793685913
0.042989760637283325
0.11909379810094833
0.08041035383939743
0.06584151089191437
0.08001827448606491
0.09257594496011734
0.22635048627853394
0.03503256291151047
0.8489877581596375
0.10924386978149414
0.08539921045303345
0.10404665023088455
0.035002030432224274
0.17273899912834167
0.10989489406347275
0.13871043920516968
0.0402645505964756
0.05431912839412689
0.4707494080066681
0.05789230763912201
0.0715479925274849
0.09948677569627762
0.05942874774336815
0.2976238429546356
0.04526308923959732
0.2994670271873474
0.10320054739713669
0.16971991956233978
0.11578097939491272
0.26654788851737976
0.10703278332948685
0.13886356353759766
0.07080308347940445
0.19927188754081726
0.0490587092936039
0.19322285056114197
0.4831404685974121
0.45953676104545593
0.24935851991176605
0.07678206264972687
0.08486548066139221
0.0591781847178936
0.20644862949848175
0.06097344681620598
0.036034245043992996
0.5638935565948486
0.21287181973457336
0.41068676114082336
0.2330634444952011
0.14108121395111084
0.4827876687049866
0.036023326218128204
0.0323096439242363
0.03714213892817497
0.05583818256855011
0.15984094142913818
0.06297758966684341
0.08558671921491623
0.3625985383987427
0.32752883434295654
0.06959081441164017
0.04932418093085289
0.4532790780067444
0.053804364055395126
0.11339718103408813
0.10327492654323578
0.062379270792007446
0.09483299404382706
0.10609904676675797
0.03790663555264473
0.044803887605667114
0.1272735595703125
0.2532678544521332
0.014239983633160591
0.07873339205980301
0.04563983157277107
0.08406633138656616
0.02101333811879158
0.15979376435279846
0.05768589302897453
0.03764333948493004
0.04424768686294556
0.12066055834293365
0.0409051887691021
0.05960182845592499
0.13033510744571686
0.1749855875968933
0.037181925028562546
0.23368221521377563
0.42824360728263855
0.07808350026607513
0.4774230420589447
0.06247147172689438
0.37761908769607544
0.05416066572070122
0.06307731568813324
0.26525452733039856
0.7052724361419678
0.10286682844161987
0.6926990747451782
0.061978209763765335
0.23347263038158417
0.08324284106492996
0.1528911143541336
0.08064817637205124
0.23223832249641418
0.15532580018043518
0.08033402264118195
0.1536978781223297
0.083025723695755
0.10350590199232101
0.11651957780122757
0.09104450792074203
0.07279311865568161
0.03900839015841484
0.4331180453300476
0.2986285090446472
0.0801287293434143
0.04587772116065025
0.055299315601587296
0.1152239441871643
0.0817149430513382
0.19545981287956238
0.06404957175254822
0.07357033342123032
0.08764280378818512
0.031943220645189285
0.148513525724411
0.13572381436824799
0.054090466350317
0.053957413882017136
0.12236808985471725
0.08683505654335022
0.19780266284942627
0.06607480347156525
0.03528968617320061
0.34917038679122925
0.035053811967372894
0.2702080011367798
0.026395296677947044
0.2853502631187439
0.06501366943120956
0.09207549691200256
0.18273654580116272
0.10012077540159225
0.14142660796642303
0.16037815809249878
0.5590130686759949
0.16478264331817627
0.49920985102653503
0.4649100601673126
0.10713152587413788
0.21541479229927063
0.24210621416568756
0.1199532225728035
0.06799788773059845
0.0385744608938694
0.06924808770418167
0.06644004583358765
0.07991152256727219
0.4605514109134674
0.22088295221328735
0.2788986265659332
0.06205836683511734
0.10856233537197113
0.23321518301963806
0.08531538397073746
0.12306123971939087
0.20239175856113434
0.10178419947624207
0.07454466074705124
0.1737452894449234
0.08234212547540665
0.31796106696128845
0.04146183282136917
0.061548519879579544
0.12114472687244415
0.058350980281829834
0.19636309146881104
0.0987374410033226
0.06354213505983353
0.278097540140152
0.26059359312057495
0.4285092055797577
0.42083740234375
0.37700560688972473
0.07851725816726685
0.12104111164808273
0.04628107324242592
0.1396205872297287
0.1148698702454567
0.12046273052692413
0.19626875221729279
0.1320182830095291
0.2606043517589569
0.05136053264141083
0.1174049898982048
0.1901138871908188
0.6770371198654175
0.08694777637720108
0.06233620271086693
0.6752158999443054
0.22201550006866455
0.022835630923509598
0.023319292813539505
0.10845666378736496
0.12657661736011505
0.23548443615436554
1.0014653205871582
0.059076566249132156
0.09253071993589401
0.19976532459259033
0.14930546283721924
0.15848419070243835
0.13545994460582733
0.15472206473350525
0.15944235026836395
0.21059152483940125
0.03713295981287956
0.12987834215164185
0.06810970604419708
0.09368110448122025
0.4502032697200775
0.18521957099437714
0.13131573796272278
0.34267768263816833
0.06059399992227554
0.04754524305462837
0.28847166895866394
0.047030847519636154
0.04272347688674927
0.04077427461743355
0.5461835861206055
0.041163120418787
0.12275784462690353
0.12470213323831558
0.04971938580274582
0.041603948920965195
0.1299954354763031
0.1582421064376831
0.17405752837657928
0.0735979899764061
0.06769532710313797
0.17557880282402039
0.09175882488489151
0.08084579557180405
0.06601517647504807
0.029961468651890755
0.07737036049365997
0.04847327247262001
0.2530818283557892
0.09677071124315262
0.17586572468280792
0.5705394744873047
0.07617264986038208
0.04938768967986107
0.3856971561908722
0.0871422067284584
0.11026810109615326
0.08932533860206604
0.0716661810874939
0.10946324467658997
0.06403393298387527
0.03163157403469086
0.6116706132888794
0.08548197895288467
0.3109852969646454
0.16360197961330414
0.40570393204689026
0.033681876957416534
0.07420200854539871
0.1549464911222458
0.12059706449508667
0.07207456976175308
0.6450305581092834
0.06650198996067047
0.11027714610099792
0.40172773599624634
0.0468900166451931
0.04444797709584236
0.14235225319862366
0.16911354660987854
0.07844846695661545
0.06407283246517181
0.16173207759857178
0.17006631195545197
0.21284140646457672
0.3337487578392029
0.06861409544944763
0.05489600822329521
0.3466709554195404
0.19352282583713531
0.027790026739239693
0.11520634591579437
0.3080889582633972
0.3151097595691681
0.3653486669063568
0.048861123621463776
0.07497119903564453
0.21614935994148254
0.1734979897737503
0.044915445148944855
0.07233738154172897
0.6918756365776062
0.5077077746391296
0.06688699871301651
0.10614237934350967
0.6086793541908264
0.1222047358751297
0.10711713880300522
0.1935632973909378
0.10344339162111282
0.08721115440130234
0.2615388333797455
0.15284405648708344
0.2518041431903839
0.08538539707660675
0.05477418005466461
0.1421196609735489
0.14391036331653595
0.3513603210449219
0.4004691243171692
0.21889857947826385
0.10029155761003494
0.07909633219242096
0.06460049003362656
0.06690031290054321
0.4925306439399719
0.19946788251399994
0.308794766664505
0.2432747185230255
0.08001422882080078
0.1446354240179062
0.08676175028085709
0.09779304265975952
0.1767473816871643
0.10902122408151627
0.054564688354730606
0.28715571761131287
0.12806962430477142
0.14472675323486328
0.1535797268152237
0.05139422416687012
0.2668130695819855
0.07563292235136032
0.16391484439373016
0.05913693830370903
0.8528841733932495
0.14458906650543213
0.14740322530269623
0.050341349095106125
0.03836839646100998
0.032506681978702545
0.1541340947151184
0.03871380165219307
0.21275384724140167
0.129594087600708
0.04575979337096214
0.2642678916454315
0.5421962141990662
0.08071336150169373
0.08018869906663895
0.4693964719772339
0.19520361721515656
0.04818220064043999
0.30320337414741516
0.04987501725554466
0.13532951474189758
0.12331771850585938
0.5733534097671509
0.4063558280467987
0.1306433379650116
0.11407683044672012
0.08345694094896317
0.07717467099428177
0.12383648008108139
0.48077166080474854
0.13790585100650787
0.1891995072364807
0.16961996257305145
0.1477520763874054
0.09770520031452179
0.06802479177713394
0.11031755059957504
0.09844063222408295
0.21838241815567017
0.2549460828304291
0.07670090347528458
0.03686724230647087
0.02996743656694889
0.09212055802345276
0.052946098148822784
0.020179003477096558
0.04427637159824371
0.16462968289852142
0.05767633020877838
0.15115424990653992
0.0638299286365509
0.19564461708068848
0.04974708706140518
0.1102256327867508
0.40739932656288147
0.21310853958129883
0.20158973336219788
0.02564072236418724
0.4752696752548218
0.09485029429197311
0.48823606967926025
0.032705456018447876
0.06688285619020462
0.19067654013633728
0.10353764146566391
0.14105699956417084
0.15968255698680878
0.11871661245822906
0.25718826055526733
0.15675394237041473
0.09989098459482193
0.20693641901016235
0.6587114334106445
0.08660632371902466
0.05245627462863922
0.08897033333778381
0.12584836781024933
0.03807985037565231
0.06338552385568619
0.045311566442251205
0.8464499711990356
0.0627799928188324
0.7659554481506348
0.15592294931411743
0.1220005601644516
0.047804877161979675
0.4460316300392151
0.10622953623533249
0.09531466662883759
0.19747106730937958
0.15408705174922943
0.33542343974113464
0.45498037338256836
0.2257813960313797
0.0628233402967453
0.06006752327084541
0.17502433061599731
0.5427872538566589
0.41595658659935
0.3940999209880829
0.20471791923046112
0.050052039325237274
0.25504305958747864
0.1271403431892395
0.1267901360988617
0.09827025234699249
0.10456056892871857
0.06013277918100357
0.061810098588466644
0.4227566421031952
0.06378719210624695
0.056446947157382965
0.6017311215400696
0.3598179519176483
0.16879133880138397
0.06892318278551102
0.11998678743839264
0.1464056670665741
0.4267135262489319
0.0631253644824028
0.0953584760427475
0.37929582595825195
0.05344073846936226
0.5643258094787598
0.04674726352095604
0.16731739044189453
0.07831300795078278
0.13567407429218292
0.12993396818637848
0.3806673288345337
0.14079181849956512
0.1813727170228958
0.14341674745082855
0.06017178297042847
0.4294448494911194
0.7832439541816711
0.15905162692070007
0.03672198951244354
0.04350098595023155
0.20872196555137634
0.14821769297122955
0.09589061886072159
0.1536453664302826
0.08831517398357391
0.21788442134857178
0.09761010855436325
0.16073662042617798
0.043557435274124146
0.13026046752929688
0.02176768146455288
0.2966339886188507
0.0693194568157196
0.0964278057217598
0.4762144982814789
0.03169284388422966
0.7139825820922852
0.05321187525987625
0.1869749277830124
0.11467970907688141
0.11249043047428131
0.1659373790025711
0.09346213191747665
0.7353250980377197
0.09363581240177155
0.10954577475786209
0.1351451426744461
0.2481469213962555
0.5630356073379517
0.4317491054534912
0.18792656064033508
0.26974520087242126
0.2303691804409027
0.17139004170894623
0.15429171919822693
0.22148561477661133
0.17287267744541168
0.6249772310256958
0.1039857268333435
0.05792756378650665
0.15331484377384186
0.03062708117067814
0.03315115347504616
0.04764935001730919
0.053603075444698334
0.04301084578037262
0.043032918125391006
0.1775074601173401
0.07288765907287598
0.08388260751962662
0.020092155784368515
0.4725119471549988
0.04131884127855301
0.04935924708843231
0.06472504884004593
0.3615798354148865
0.5091793537139893
0.4935097396373749
0.27493342757225037
0.14632868766784668
0.10420531779527664
0.05024900659918785
0.21563121676445007
0.19491776823997498
0.1734372228384018
0.33981770277023315
0.2664727568626404
0.17651484906673431
0.11316830664873123
0.036419179290533066
0.2112577110528946
0.1455126851797104
0.0612851046025753
0.1574469953775406
0.5649309158325195
0.0360691137611866
0.4127015471458435
0.047100432217121124
0.04041437432169914
0.04944932460784912
0.08920669555664062
0.0295064989477396
0.21790415048599243
0.09787137806415558
0.24522504210472107
0.13120891153812408
0.06511030346155167
0.17255981266498566
0.18975529074668884
0.026791155338287354
0.0674784928560257
0.10804148763418198
0.051634643226861954
0.033606432378292084
0.4740026593208313
0.0643714964389801
0.24666903913021088
0.04424338787794113
0.12768447399139404
0.2579244077205658
0.42688462138175964
0.44238659739494324
0.0693538561463356
0.051458679139614105
0.1250394880771637
0.29618021845817566
0.10416563600301743
0.5049935579299927
0.08346709609031677
0.045372940599918365
0.14689671993255615
0.042998168617486954
0.37552163004875183
0.11254028230905533
0.14907176792621613
0.12411434948444366
0.02895672619342804
0.03778815269470215
0.16488972306251526
0.17571057379245758
0.23417001962661743
0.0144138028845191
0.1463042050600052
0.25575247406959534
0.16560526192188263
0.2285596877336502
0.15150363743305206
0.06237945333123207
0.022230220958590508
0.11744152754545212
0.12465561181306839
0.030710546299815178
0.17421647906303406
0.3846631348133087
0.02711351215839386
0.22180873155593872
0.058929771184921265
0.13967646658420563
0.3212563395500183
0.1902065873146057
0.15756069123744965
0.061421334743499756
0.14389018714427948
0.14510805904865265
0.11409899592399597
0.2626619338989258
0.32425132393836975
0.0355936624109745
0.10879164934158325
0.12734074890613556
0.06865160912275314
0.05910102277994156
0.116661436855793
0.027057070285081863
0.17410685122013092
0.03880970925092697
0.922432005405426
0.13926494121551514
0.032886914908885956
0.07467804849147797
0.05456796661019325
0.14205117523670197
0.17539852857589722
0.15951327979564667
0.16736985743045807
0.07182925194501877
0.045602716505527496
0.2022441178560257
0.5355474352836609
0.2187698632478714
0.04907076805830002
0.025549374520778656
0.07122506946325302
0.34472402930259705
0.6883179545402527
0.059874795377254486
0.10684116929769516
0.05390569195151329
0.14553259313106537
0.06710204482078552
0.1988707184791565
0.12425026297569275
0.053531713783741
0.1086515560746193
0.05606573447585106
0.023783892393112183
0.476044625043869
0.08393564075231552
0.18670739233493805
0.12663520872592926
0.2190149426460266
0.20321714878082275
0.05598422884941101
0.20444419980049133
0.5661729574203491
0.17516691982746124
0.26513671875
0.12760446965694427
0.07269537448883057
0.08899599313735962
0.13458994030952454
0.054646361619234085
0.15504580736160278
0.04260677471756935
0.07803676277399063
0.4549168348312378
0.12213647365570068
0.0641745924949646
0.07733771950006485
0.04277757182717323
0.163865864276886
0.04196896404027939
0.06894761323928833
0.3021334111690521
0.09392724186182022
0.05915028974413872
0.0892014130949974
0.0402989387512207
1.1519222259521484
0.04107287526130676
0.08917982876300812
0.049539417028427124
0.05576755851507187
0.8226480484008789
0.19931329786777496
0.05760135501623154
0.052265703678131104
0.10170254856348038
0.500681459903717
0.24990922212600708
0.10977433621883392
0.14286644756793976
0.17914974689483643
0.3134143650531769
0.2046630084514618
0.33104223012924194
0.13456666469573975
0.11914219707250595
0.08660885691642761
0.2055637687444687
0.16973315179347992
0.27261826395988464
0.04812793806195259
0.1569056361913681
0.02789423055946827
1.2240585088729858
0.04525349661707878
0.1018427237868309
0.056645702570676804
0.07275649160146713
0.3701536953449249
0.09591659903526306
0.11602798849344254
0.39809104800224304
0.1426517516374588
0.10142319649457932
0.10564997047185898
0.21976034343242645
0.10545185208320618
0.27188870310783386
0.18385927379131317
0.26998916268348694
0.08817459642887115
0.04811520874500275
0.15389862656593323
0.08380019664764404
0.3133114278316498
0.09196337312459946
0.0809902548789978
0.10044855624437332
0.1310291290283203
0.06774744391441345
0.07608325034379959
0.06145649775862694
0.17821019887924194
0.10441233962774277
0.048368729650974274
0.03332071006298065
0.08133695274591446
0.3542766571044922
0.19606007635593414
0.09288895130157471
0.11270883679389954
0.04725183546543121
0.3259369134902954
0.2314082533121109
0.03569938242435455
0.1842128336429596
0.030749486759305
0.05796181038022041
0.17392942309379578
0.1695784330368042
0.16024039685726166
0.15924404561519623
0.1368471086025238
0.09842637926340103
0.07927589863538742
0.731427788734436
0.20338116586208344
0.1898432821035385
0.06615057587623596
0.04518738016486168
0.24834731221199036
0.33527910709381104
0.5934672951698303
0.5091622471809387
0.25711238384246826
0.08907504379749298
0.1864316761493683
0.07132604718208313
0.08390995115041733
0.08667965233325958
0.11917828023433685
0.18926118314266205
0.46100887656211853
0.07758716493844986
0.23049242794513702
0.5203272104263306
0.09009890258312225
0.10548085719347
0.07127349823713303
0.3295234441757202
0.2610275447368622
0.08714072406291962
0.08166617900133133
0.12028477340936661
0.11846694350242615
0.042931415140628815
0.07135596871376038
0.04982234910130501
0.3357737362384796
0.06993304193019867
0.044764477759599686
0.02005785144865513
0.09834402799606323
0.03010898269712925
0.16005687415599823
0.036823637783527374
0.6245450973510742
0.3507715165615082
0.14161953330039978
0.0903489738702774
0.04318993538618088
0.05424933508038521
0.09637954831123352
0.2227228879928589
0.1981203407049179
0.22451166808605194
0.3637750446796417
0.13490287959575653
0.1519111841917038
0.3042096197605133
0.23932991921901703
0.2421557605266571
0.13902844488620758
0.07230593264102936
0.12641212344169617
0.12036535143852234
0.2812260091304779
0.04161718487739563
0.03561904653906822
0.4288759231567383
0.30204394459724426
0.06645197421312332
0.08074995130300522
0.21483592689037323
0.04058370739221573
0.5725306272506714
0.04046060889959335
0.08537489920854568
0.04202834144234657
0.2896433472633362
0.09599845856428146
0.13873951137065887
0.08511163294315338
0.03997807204723358
0.2883002758026123
0.08615946769714355
0.08889172971248627
0.03730813413858414
1.152449131011963
0.059183526784181595
0.20615331828594208
0.05914591997861862
0.5445036888122559
0.1511847823858261
0.41696786880493164
0.14404435455799103
0.10880886018276215
0.36597639322280884
0.17201252281665802
0.1249961256980896
0.29449141025543213
0.10764262080192566
0.1428365856409073
0.13957588374614716
0.3475235402584076
0.08657586574554443
0.03200205788016319
0.041828010231256485
0.07320113480091095
0.11054672300815582
0.08207989484071732
0.025745201855897903
0.12791801989078522
0.11191840469837189
0.07512997835874557
0.045451220124959946
0.03977163881063461
0.2631317377090454
0.06312490999698639
0.16464650630950928
0.1530052274465561
0.31587329506874084
0.05445735156536102
0.2040257304906845
0.09406006336212158
0.207286074757576
0.20189639925956726
0.5623473525047302
0.6562007069587708
0.20378950238227844
0.09478071331977844
0.3727637231349945
0.04967232421040535
0.17561425268650055
0.20802152156829834
0.21739374101161957
0.2267727553844452
0.18891046941280365
0.09653203189373016
0.05994570255279541
0.049949053674936295
0.09820229560136795
0.3812292516231537
0.045974284410476685
0.49784281849861145
0.06916958093643188
0.07957437634468079
0.1931523084640503
0.11184389144182205
0.18112264573574066
0.23865360021591187
0.06797848641872406
0.1718234121799469
0.03805941715836525
0.043374139815568924
0.034458138048648834
0.2573976516723633
0.5520147085189819
0.09296076744794846
0.07924787700176239
0.031102417036890984
0.10207103937864304
0.4415665864944458
0.31441476941108704
0.06616289913654327
0.3552575707435608
0.3724553883075714
0.13625900447368622
0.15809115767478943
0.15096502006053925
0.12788693606853485
0.0855151116847992
0.13114026188850403
0.08233998715877533
0.11358897387981415
0.05266575887799263
0.10615578293800354
0.07304766774177551
0.07577427476644516
0.5823583602905273
1.3025315999984741
0.2197170853614807
0.04951544106006622
0.08982659131288528
0.16560548543930054
0.07216700166463852
0.09878446161746979
0.1042897179722786
0.051087021827697754
0.07127179950475693
0.09003247320652008
0.0829319953918457
0.1948063224554062
0.10504967719316483
0.2693025767803192
0.03237302601337433
0.09350596368312836
0.06847476959228516
0.04138121381402016
0.6335841417312622
0.36230939626693726
0.053116537630558014
0.11502129584550858
0.11086868494749069
0.04563777893781662
0.033994756639003754
0.13216811418533325
0.5410148501396179
0.08763503283262253
0.03929704427719116
0.08135966956615448
0.4350849986076355
0.22990545630455017
0.017928753048181534
0.20618486404418945
0.0795825943350792
0.0671973004937172
0.037847571074962616
0.057926200330257416
0.12434135377407074
0.14714650809764862
0.1187434270977974
0.03265126422047615
0.0897764042019844
0.15147827565670013
0.14888691902160645
0.320425808429718
0.1182972639799118
0.0856759250164032
0.0718763992190361
0.04687679186463356
0.13960392773151398
0.10168737173080444
0.7273154258728027
0.1433311551809311
0.9249818325042725
0.14843253791332245
0.16504593193531036
0.04170454666018486
0.06081695482134819
0.06624200195074081
0.04917427897453308
0.06638354063034058
0.04922834783792496
0.37279751896858215
0.0914134606719017
0.08677682280540466
0.051795896142721176
0.1303618848323822
0.11878428608179092
0.10916545987129211
0.15929047763347626
0.018693560734391212
0.04587050527334213
0.06535128504037857
0.0886998325586319
0.057137083262205124
0.037054453045129776
0.4596079885959625
0.02537636272609234
0.03785155341029167
0.233515202999115
0.0644645094871521
0.0902501791715622
0.12389863282442093
0.2914484441280365
0.11557118594646454
0.5211078524589539
1.1780707836151123
0.2664112150669098
0.15683488547801971
0.18692146241664886
0.21514159440994263
0.1265120804309845
0.541613757610321
0.26885858178138733
0.12342783063650131
0.06635041534900665
0.07512921839952469
0.09052881598472595
0.24847763776779175
0.06808123737573624
0.1356542557477951
0.04599028080701828
0.2771758437156677
0.7144575715065002
0.13014769554138184
0.346083402633667
0.05395953357219696
0.03875794634222984
0.09270374476909637
0.04932790994644165
0.38694238662719727
0.6527543663978577
0.2516159117221832
0.1322026401758194
0.30955761671066284
0.41773173213005066
0.0801641196012497
0.13345344364643097
0.21829362213611603
0.14390182495117188
0.3163740634918213
0.24891410768032074
0.5498127937316895
0.054643139243125916
0.137071892619133
0.04990432783961296
0.07384317368268967
0.2381044626235962
0.045996349304914474
0.06791819632053375
0.034576207399368286
0.07886232435703278
0.027013076469302177
0.212539941072464
0.08321265876293182
0.09119345247745514
0.33534568548202515
0.2593250870704651
0.18330395221710205
0.045226890593767166
0.03783687576651573
0.18825878202915192
0.07577984780073166
0.05782344937324524
0.03844725340604782
0.06819088011980057
0.5443004965782166
0.5630058646202087
0.06220046058297157
0.11902584135532379
0.45657503604888916
0.1589314341545105
0.09659533947706223
0.07564485818147659
0.3443383276462555
0.07939259707927704
0.13343891501426697
0.09409353137016296
0.13576839864253998
0.19997547566890717
0.04905759543180466
0.20152805745601654
0.06577108055353165
0.061840374022722244
0.06729976832866669
0.05813274532556534
0.041873540729284286
0.045845817774534225
0.21669526398181915
0.14589247107505798
0.14098267257213593
0.2850475609302521
0.16021843254566193
0.39122873544692993
0.25141459703445435
0.1235259622335434
0.05683819577097893
0.0445810966193676
0.31322479248046875
0.03749909624457359
0.16621525585651398
0.5816162824630737
0.2367883175611496
0.04694579169154167
0.10407008975744247
0.12751315534114838
0.09207095205783844
0.33085012435913086
0.061642300337553024
0.12973760068416595
0.1669824719429016
0.066842220723629
0.07240356504917145
0.07873430848121643
0.03265536576509476
0.09411749988794327
0.19945479929447174
0.12260391563177109
0.04925853759050369
0.05041669309139252
0.03887658566236496
0.08763937652111053
0.12310376763343811
0.6614734530448914
0.20755624771118164
0.046373602002859116
0.02927604876458645
0.0345061831176281
0.19157107174396515
0.800961971282959
0.12490412592887878
0.16277098655700684
0.37360018491744995
0.11946343630552292
0.14849285781383514
0.06471054255962372
0.17690320312976837
0.029260210692882538
0.0399702787399292
0.3127821683883667
0.060723718255758286
0.07021649181842804
0.14621801674365997
0.05768533796072006
0.21773841977119446
0.6958800554275513
0.5008196234703064
0.08170342445373535
0.1344417929649353
0.13531774282455444
0.20586557686328888
0.287582665681839
0.08830829709768295
0.18281584978103638
0.16744883358478546
0.057985153049230576
0.09132165461778641
0.07660771906375885
0.0488143116235733
0.06509148329496384
0.0809028297662735
0.16740520298480988
0.02442890778183937
0.029539640992879868
0.45718857645988464
0.13187821209430695
0.08711577206850052
0.11614275723695755
0.4499219059944153
0.29892364144325256
0.13143572211265564
0.6949165463447571
0.09357179701328278
0.2225191295146942
0.0842481255531311
0.38075461983680725
0.15269309282302856
0.13556210696697235
0.1260649561882019
0.2677884101867676
0.20469200611114502
0.10736747831106186
0.1936463862657547
0.08838814496994019
0.05755412578582764
0.05914853513240814
0.12343209981918335
0.37912216782569885
0.2347470223903656
0.2002452164888382
0.23438403010368347
0.14704443514347076
0.08545862138271332
0.19549763202667236
0.08752214163541794
0.14808905124664307
0.05049624666571617
0.21329960227012634
0.11633014678955078
0.17298652231693268
0.20394474267959595
0.37983885407447815
0.12334799766540527
0.09395018219947815
0.0889868438243866
0.07295683771371841
0.2042924016714096
0.06340821087360382
0.046703606843948364
0.06760644167661667
0.13147693872451782
0.1412602961063385
0.09929722547531128
0.055755361914634705
0.06160472333431244
0.13550634682178497
0.505333662033081
0.2283591777086258
0.20041656494140625
0.03326044976711273
0.11533753573894501
0.19752342998981476
0.06789658218622208
0.4242681562900543
0.2550449073314667
0.21428564190864563
0.12893693149089813
0.16223470866680145
0.14292697608470917
0.32043176889419556
0.1357741355895996
0.09187933057546616
0.04427015408873558
0.0633968710899353
0.14430959522724152
0.03684157133102417
0.09034792333841324
0.2360643744468689
0.026517530903220177
0.07723569124937057
0.10333859920501709
0.02231588028371334
0.32648760080337524
0.1646844446659088
0.12219095230102539
0.06602364778518677
0.151378333568573
0.1547941267490387
0.05625709146261215
0.10698764026165009
0.08369871973991394
0.21131566166877747
0.4726467728614807
0.25379422307014465
0.06331223994493484
0.025955095887184143
0.12603473663330078
0.5853022933006287
0.10492152720689774
0.06522730737924576
0.06438210606575012
0.06546804308891296
0.12807905673980713
0.6468784213066101
0.06569759547710419
0.2562146782875061
0.1312684714794159
0.07766205817461014
0.35053518414497375
0.05828263983130455
0.11394038051366806
0.07019778341054916
0.08855681121349335
0.2002766877412796
0.029619596898555756
0.13701200485229492
0.08259349316358566
0.12147244811058044
0.06320412456989288
0.04891570284962654
0.05340986326336861
0.1330379843711853
0.029164375737309456
0.06263677775859833
0.1314314901828766
0.44450780749320984
0.05323907360434532
0.13048547506332397
0.05824264883995056
0.03318357467651367
0.10999591648578644
0.17425327003002167
0.1896739900112152
0.2088853418827057
0.2538413405418396
0.05917033553123474
0.052316516637802124
0.11092851310968399
0.28176507353782654
0.18393667042255402
0.07470612227916718
0.07636744529008865
0.1448383629322052
0.06309179216623306
0.07826562225818634
0.08401598781347275
0.09047075361013412
0.09898499399423599
0.7852964401245117
0.19685222208499908
0.30896463990211487
0.03911684453487396
0.043124906718730927
0.3696363568305969
0.2381741851568222
0.26769325137138367
0.5449921488761902
0.36818715929985046
0.1427427977323532
0.10601271688938141
0.08287246525287628
0.09116198867559433
0.22777009010314941
0.8981677293777466
0.20979417860507965
0.14552205801010132
0.08986900746822357
0.0766010731458664
0.1102977767586708
0.036940474063158035
0.0689866840839386
0.06673957407474518
0.06991250067949295
0.038670897483825684
0.03245464339852333
0.05652004852890968
0.683530867099762
0.034035105258226395
0.044765666127204895
0.039762720465660095
0.6097908020019531
0.027170104905962944
0.4021175801753998
0.13841105997562408
0.4002510607242584
0.3832854628562927
0.2269808053970337
0.10685761272907257
0.16048093140125275
0.07201661169528961
0.06998160481452942
0.11598198115825653
0.0805649608373642
0.041147153824567795
0.08526849001646042
0.7320957779884338
0.16393277049064636
0.0981108769774437
0.04216650873422623
0.08458386361598969
0.05962401628494263
0.049144092947244644
0.0318036824464798
0.4802950918674469
0.19501295685768127
0.13490208983421326
0.7310600280761719
0.03589595854282379
0.08591293543577194
0.02081245742738247
0.14779414236545563
0.25186410546302795
0.12868402898311615
0.39578086137771606
0.5494174957275391
0.12799298763275146
0.05472203716635704
0.1760341078042984
0.06799043715000153
0.12442997843027115
0.1324128359556198
0.5557234287261963
0.17009992897510529
0.1017821654677391
0.09599336981773376
0.12222611904144287
0.19795922935009003
0.062329038977622986
0.22350841760635376
0.03184540197253227
0.45726728439331055
0.028023943305015564
0.09914431720972061
0.16918836534023285
0.019635438919067383
0.30166032910346985
0.19886216521263123
0.14997297525405884
0.09153137356042862
0.30292221903800964
0.022960392758250237
0.15681640803813934
0.08445056527853012
0.10104372352361679
0.15525731444358826
0.04390469938516617
0.04230813682079315
0.08778676390647888
0.07309649139642715
0.2183602899312973
0.032957591116428375
0.04871675744652748
0.0429893359541893
0.11813043802976608
0.10160720348358154
0.12818041443824768
0.19819657504558563
0.42144325375556946
0.323729932308197
0.06847801059484482
0.047080423682928085
0.08509368449449539
0.24309542775154114
0.11552999913692474
0.09116874635219574
0.047008171677589417
0.04466119036078453
0.2520177960395813
0.053168125450611115
0.16814808547496796
0.03906065970659256
0.14651072025299072
0.038997896015644073
0.06309478729963303
0.06942135095596313
0.05404600873589516
0.07700961828231812
0.1322328895330429
0.2765710949897766
1.3071601390838623
0.06608545035123825
0.09801386296749115
0.043662212789058685
0.10538894683122635
0.07503937929868698
0.014573836699128151
0.1077747568488121
0.13757313787937164
0.026985662057995796
0.030301671475172043
0.03771362826228142
0.06611556559801102
0.0684536024928093
0.2525841295719147
0.11198358982801437
0.05243656039237976
0.06092610955238342
0.08688483387231827
0.4552331566810608
0.07752058655023575
0.17168866097927094
0.23070353269577026
0.05228839069604874
0.25292065739631653
0.06871592998504639
0.18710142374038696
0.11741399765014648
0.13787971436977386
0.14746913313865662
0.07478690892457962
0.0833272710442543
0.2109348624944687
0.17803029716014862
0.4652133584022522
0.3354204595088959
0.05359826609492302
0.11810727417469025
0.11379145085811615
0.03738901764154434
0.14517442882061005
0.3706619143486023
0.16055695712566376
0.07195882499217987
0.050188515335321426
0.05696071684360504
0.06185966730117798
0.18647444248199463
0.2365284115076065
0.13373954594135284
0.05212614685297012
0.06827279925346375
0.11443522572517395
0.23383551836013794
0.04026470705866814
0.020696252584457397
0.5964288115501404
0.04895111918449402
0.06556861102581024
0.11806599050760269
0.0520070344209671
0.059857580810785294
0.039453305304050446
0.2026069015264511
0.058038920164108276
0.02522224746644497
0.06425368785858154
0.20593254268169403
0.04783301427960396
0.08383435755968094
0.06696254760026932
0.06654857099056244
0.16312865912914276
0.11516518145799637
0.9861230254173279
0.11392336338758469
0.07441660016775131
0.4670223891735077
0.24078220129013062
0.09183218330144882
0.11377326399087906
0.10088587552309036
0.0729864314198494
0.13806197047233582
0.14434045553207397
0.10708461701869965
0.18001897633075714
0.363935261964798
0.21224838495254517
0.07501731067895889
0.030764730647206306
0.5051979422569275
0.6480506062507629
0.13208287954330444
0.09352098405361176
0.07027202099561691
0.014884392730891705
0.2520922124385834
0.05845869705080986
0.38973891735076904
0.05930425971746445
0.10866416990756989
0.23951362073421478
0.08587081730365753
0.16070443391799927
0.08948823809623718
0.0393337719142437
0.02421317622065544
0.04861238971352577
0.13806329667568207
0.12711042165756226
0.16725623607635498
0.06844523549079895
0.09207656234502792
0.2918131351470947
0.06027722731232643
0.17282499372959137
0.11167654395103455
0.10733986645936966
0.09764151275157928
0.1553082913160324
0.37763431668281555
0.04295271635055542
0.38044700026512146
0.44254377484321594
0.3133642375469208
0.21740169823169708
0.15205314755439758
0.1172979548573494
0.13317683339118958
0.08959256112575531
0.11849769204854965
0.04548245668411255
0.07118243724107742
0.13672098517417908
0.1305321753025055
0.07962202280759811
0.06076335161924362
0.20260532200336456
0.04256414994597435
0.4429566264152527
0.04341571033000946
0.5568517446517944
0.033142220228910446
0.4901878237724304
0.1359119415283203
0.04277222603559494
0.07079365104436874
0.0393538698554039
0.17504554986953735
0.0762314647436142
0.11260772496461868
0.13819782435894012
0.13524296879768372
0.0672788992524147
0.07305196672677994
0.03761019557714462
0.23367919027805328
0.0499885194003582
0.1334872543811798
0.08359329402446747
0.0225924514234066
0.03343499079346657
0.22848546504974365
0.0910109430551529
0.15005545318126678
0.07338602095842361
0.04621816799044609
0.7363422513008118
0.15805783867835999
0.07127565890550613
0.05827281251549721
0.11987150460481644
0.21258988976478577
0.03908848017454147
0.154632106423378
0.31192463636398315
0.22319617867469788
0.09278684109449387
0.1323660910129547
0.08257465809583664
0.05845346674323082
0.07885371148586273
0.10659273713827133
0.4003252387046814
0.06883596628904343
0.07991386204957962
0.13942018151283264
0.03343887999653816
0.02863813377916813
0.28371551632881165
0.09846493601799011
0.20406997203826904
0.07274298369884491
0.146983340382576
0.1795198619365692
0.34818851947784424
0.11902851611375809
0.056941088289022446
0.19455847144126892
0.11796776950359344
0.24472372233867645
0.19270478188991547
0.07607918232679367
0.04264691844582558
0.05303686484694481
0.061785850673913956
0.24625861644744873
0.08683702349662781
0.06533785164356232
0.10095059871673584
0.07540114223957062
0.25545534491539
0.542414665222168
0.04351791739463806
0.08966986835002899
0.18510238826274872
0.08128616958856583
0.3802019953727722
0.3917360305786133
0.09232690185308456
0.06346748769283295
0.14863735437393188
0.18969608843326569
0.05326572060585022
0.12475775927305222
0.6041744351387024
0.13346844911575317
0.10480769723653793
0.1258510947227478
0.04698910936713219
0.10221458971500397
0.040512531995773315
0.04091794416308403
0.055847685784101486
0.05162392556667328
0.05240092799067497
0.029865093529224396
0.5577651262283325
0.41986390948295593
0.28955984115600586
0.0825473889708519
0.031020857393741608
0.08341236412525177
0.05101580545306206
0.5206553936004639
0.1420636773109436
0.36601895093917847
0.19812843203544617
0.12398874014616013
0.45011410117149353
0.06060771271586418
0.12690770626068115
0.15333452820777893
0.40626290440559387
0.32751521468162537
0.5246952772140503
0.3324379622936249
0.4094334840774536
0.08796591311693192
0.19048964977264404
0.12475837022066116
0.1924079805612564
0.09064806997776031
0.2699447572231293
0.21414349973201752
0.19703362882137299
0.32425832748413086
0.24067099392414093
0.03806457296013832
0.08875586837530136
0.03319258615374565
0.30392977595329285
0.7196481227874756
0.027322622016072273
0.03015981987118721
0.0300897266715765
0.07576903700828552
0.6866068243980408
0.5295003652572632
0.140420064330101
0.11132241040468216
0.1734071671962738
0.4389484226703644
0.09322027862071991
0.13300888240337372
0.1194818839430809
0.18145671486854553
0.11036059260368347
0.14889676868915558
0.04429503530263901
0.07142163068056107
0.052773162722587585
0.6661501526832581
0.3572787046432495
0.45593515038490295
1.073731780052185
0.04730641469359398
0.49232926964759827
0.16029122471809387
0.16634784638881683
0.410677969455719
0.1468130648136139
0.09285074472427368
0.19956174492835999
0.22856564819812775
0.4188893437385559
0.4083153009414673
0.4528195559978485
0.09068680554628372
0.16007252037525177
0.05429315194487572
0.06627368181943893
0.03105180338025093
0.08285200595855713
0.10843886435031891
0.12481652200222015
0.0953710526227951
0.03780432790517807
0.042353756725788116
0.05902060493826866
0.061386529356241226
0.34393495321273804
0.06377901136875153
0.07447600364685059
0.10250130295753479
0.01563640683889389
0.8848128914833069
0.44966813921928406
0.13480009138584137
0.33515244722366333
0.08043783903121948
0.05955575406551361
0.0712113007903099
0.17944864928722382
0.3879227340221405
0.0928628146648407
0.10199625045061111
0.16080866754055023
0.3431379795074463
0.08642127364873886
0.11141501367092133
0.14689110219478607
0.09094254672527313
0.04380220174789429
0.13059955835342407
0.07338638603687286
0.190835103392601
0.25774455070495605
0.17841196060180664
0.07261977344751358
0.7872088551521301
0.05029597878456116
0.18431736528873444
0.36474740505218506
0.16472811996936798
0.06931649148464203
0.3070870637893677
0.27967569231987
0.13618916273117065
0.16797038912773132
0.1175457015633583
0.2828685939311981
0.15497121214866638
0.14771467447280884
0.2505851686000824
0.13120906054973602
0.2639893591403961
0.22218109667301178
0.22880297899246216
0.17722652852535248
0.2045733481645584
0.15620757639408112
0.11216101795434952
0.05663399398326874
0.07094152271747589
0.43376442790031433
0.8134430646896362
0.0756007581949234
0.11794918775558472
0.04023262485861778
0.353206604719162
0.038594432175159454
0.08734477311372757
0.23942548036575317
0.050996214151382446
0.2213360071182251
0.09671948850154877
0.04797450453042984
0.04950518161058426
0.11556581407785416
0.042112212628126144
0.1363391876220703
0.03243391215801239
0.189153790473938
0.07284725457429886
0.0840633437037468
0.12493100017309189
0.4158075153827667
0.14227984845638275
0.05153727903962135
0.4453245997428894
0.0711015984416008
0.14294365048408508
0.17942529916763306
0.10770153254270554
0.03891967982053757
0.044516339898109436
0.05418591946363449
0.18866096436977386
0.07851431518793106
0.1088760495185852
0.02115258201956749
0.3503025770187378
0.07267889380455017
0.06408955156803131
0.1651843935251236
0.07003450393676758
0.1857890784740448
0.021448390558362007
0.3549096882343292
0.03751494735479355
0.06688032299280167
0.09830282628536224
0.03362126275897026
0.07164639979600906
0.07469362765550613
0.11361044645309448
0.04269292578101158
0.20636557042598724
0.5347317457199097
0.18834787607192993
0.17470651865005493
0.06704594194889069
0.09073087573051453
0.156447634100914
0.6833921670913696
0.0695410966873169
0.0654398649930954
0.042769454419612885
0.062351953238248825
0.10957501828670502
0.07827833294868469
0.08723121136426926
0.2174595445394516
0.09107384830713272
0.16600897908210754
0.290031373500824
0.03704473376274109
0.03867184743285179
0.08190695196390152
0.07801694422960281
0.24248358607292175
0.3834339380264282
0.045645572245121
0.02536129020154476
0.026168426498770714
0.14777694642543793
0.02557443082332611
0.03774077445268631
0.5815396308898926
0.1196112409234047
0.09855129569768906
0.23420768976211548
0.0816483348608017
0.08400112390518188
0.9492392539978027
0.09788480401039124
0.07849552482366562
0.2049165666103363
0.5161774754524231
0.12314049899578094
0.09634339064359665
0.3258386254310608
0.11839201301336288
0.31992778182029724
0.07392378896474838
0.142538920044899
0.08307123184204102
0.22396506369113922
0.0503864511847496
0.041976846754550934
0.09554868191480637
0.03788714110851288
0.12833258509635925
0.0654209554195404
0.02486688457429409
0.5067152976989746
0.05830022320151329
0.21764716506004333
0.05100800096988678
0.14634868502616882
0.0495544858276844
0.04854581132531166
0.04371470957994461
0.29058003425598145
0.67298424243927
0.05692150071263313
0.15408949553966522
0.051465414464473724
0.03471535071730614
0.2922280728816986
0.04733021557331085
0.08699269592761993
0.04192296788096428
0.05476975068449974
0.2526005208492279
0.29944750666618347
0.07247535139322281
0.2684110701084137
0.19916784763336182
0.051387280225753784
0.11788720637559891
0.07802723348140717
0.5965685844421387
0.12874895334243774
0.5089455842971802
0.661791205406189
0.07472840696573257
0.4681650400161743
0.12136305868625641
0.1971205323934555
0.21317122876644135
0.1293269693851471
0.07905877381563187
0.19981351494789124
0.1652706414461136
0.09489370137453079
0.09898599237203598
0.12064960598945618
0.07615158706903458
0.0684235468506813
0.09551381319761276
0.08129022270441055
0.5565794706344604
0.6107030510902405
0.1649971604347229
0.2758065164089203
0.2961078882217407
0.33178943395614624
0.07892993092536926
0.38152503967285156
0.42396315932273865
0.13448719680309296
0.05639778822660446
0.19709333777427673
0.0912904366850853
0.09098903834819794
0.2718042731285095
0.32238295674324036
0.1013283059000969
0.10407638549804688
0.6295536756515503
0.049266159534454346
0.3275853395462036
0.19597211480140686
0.0649607926607132
0.24084171652793884
0.06524011492729187
0.059577781707048416
0.061681993305683136
0.02248143032193184
0.04268806800246239
0.13559329509735107
0.03339393064379692
0.3467446565628052
0.04615684226155281
0.14409761130809784
0.062092315405607224
0.13726240396499634
0.4410285949707031
0.09395276010036469
0.19203947484493256
0.22677108645439148
0.06951458752155304
0.10626278817653656
0.053766410797834396
0.1046711802482605
0.04360077902674675
0.04051453620195389
0.11563244462013245
0.4986554980278015
0.36219897866249084
0.04451068490743637
0.10991491377353668
0.6836671233177185
0.0792391449213028
0.07508602738380432
0.033029522746801376
0.27259817719459534
0.7404536008834839
0.31924813985824585
0.1112360954284668
0.1906243860721588
0.492404967546463
0.6945334672927856
0.10380233824253082
0.4074136018753052
0.124665766954422
0.24841664731502533
0.11173604428768158
0.0578925646841526
0.053706273436546326
0.09452015906572342
0.07697056978940964
0.07134291529655457
0.031416669487953186
0.11897750943899155
0.370828777551651
0.17211833596229553
0.13326618075370789
0.2228878289461136
0.03622383996844292
0.10071149468421936
0.5088521242141724
0.09237410873174667
0.037443339824676514
0.2825022041797638
0.12489037960767746
0.12148361653089523
0.556062638759613
0.24608273804187775
0.1977483034133911
0.36008164286613464
0.09996376931667328
0.0934964269399643
0.12211068719625473
0.09846870601177216
0.17324140667915344
0.12166133522987366
0.41222137212753296
0.09148785471916199
0.08678150177001953
0.13199621438980103
0.07069467008113861
0.09496435523033142
0.15342409908771515
0.16052807867527008
0.12159597128629684
0.43491166830062866
0.21347872912883759
0.042423900216817856
0.027696533128619194
0.029824217781424522
0.16869838535785675
0.07789116352796555
0.3813895285129547
0.04541677609086037
0.09536024928092957
0.07688161730766296
0.11213933676481247
0.4353298842906952
0.13016964495182037
0.2267547845840454
0.118519626557827
0.06494861841201782
0.1322048306465149
0.0676153153181076
0.0641169399023056
0.07641112804412842
0.0945824384689331
0.02685508318245411
0.6969834566116333
0.10784631222486496
0.5330207943916321
0.17210626602172852
0.2442491203546524
0.09482624381780624
0.05544497072696686
0.08161024749279022
0.3080284297466278
0.059483520686626434
0.07215490192174911
0.03919335827231407
0.15935978293418884
0.11289121955633163
0.07070789486169815
0.4959920346736908
0.10845859348773956
0.08598838746547699
0.06453286111354828
0.02033301070332527
0.05264764279127121
0.08270396292209625
0.24407067894935608
0.2082502692937851
0.06666199117898941
0.04516177996993065
0.03527563437819481
0.16090886294841766
0.023003727197647095
0.04273531213402748
0.04498288780450821
0.047262050211429596
0.3493857681751251
0.035772353410720825
0.40131792426109314
0.11747904866933823
0.09014340490102768
0.05644321069121361
0.05994377285242081
0.07772635668516159
0.03160931542515755
0.05868832767009735
0.08374128490686417
0.4370093047618866
0.13980381190776825
0.06962122768163681
0.16202814877033234
0.36987024545669556
0.07192546129226685
0.13136115670204163
0.11164609342813492
0.1263611614704132
0.10980895906686783
0.08634459972381592
0.06711883097887039
0.12396447360515594
0.14042891561985016
0.08990118652582169
0.11213994771242142
0.06299549341201782
0.155085951089859
0.0841936320066452
0.2593439817428589
0.1396547257900238
0.02578914724290371
0.09519185870885849
0.7948319911956787
0.054755259305238724
0.03512130677700043
0.19392552971839905
0.2072523832321167
0.057935357093811035
0.022015536203980446
0.0380575992166996
0.10004259645938873
0.33769139647483826
0.27788183093070984
0.674970269203186
0.05656597018241882
0.038983140140771866
0.15368469059467316
0.14929945766925812
0.08405826985836029
0.030393367633223534
0.6060178875923157
0.19513291120529175
0.036149073392152786
0.08248888701200485
0.2601330578327179
0.1755601018667221
0.20683293044567108
0.10903803259134293
0.142405167222023
0.16098222136497498
0.11960165947675705
0.07990945875644684
0.13079436123371124
0.20783939957618713
0.24922509491443634
0.06877338886260986
0.05289103835821152
0.13880330324172974
0.2207786738872528
0.024373695254325867
0.04104597121477127
0.07378236204385757
0.6826934218406677
0.25181475281715393
0.4765082001686096
0.04413650929927826
0.0935412049293518
0.12452589720487595
0.0599108561873436
0.25199881196022034
0.15287721157073975
0.04815180227160454
0.09372738748788834
0.2966873049736023
0.17221570014953613
0.2097318321466446
0.3956822156906128
0.09462900459766388
0.1115894764661789
0.2906491160392761
0.49315017461776733
0.21798568964004517
0.051096342504024506
0.1719503402709961
0.5356320738792419
0.560935378074646
0.31148281693458557
0.9327883720397949
0.20397499203681946
0.2770455479621887
0.05475112050771713
0.18506930768489838
0.1936865895986557
0.17690911889076233
0.2705157697200775
0.39103612303733826
0.20563554763793945
0.34852656722068787
0.13211297988891602
0.15421323478221893
0.20174574851989746
0.18138431012630463
0.34419965744018555
0.0541989840567112
0.07820019870996475
0.05665273219347
0.5830122828483582
0.46009474992752075
0.05171135067939758
0.05297330766916275
0.24283336102962494
0.13173402845859528
0.022512653842568398
0.7849305272102356
0.05228340998291969
0.0430087149143219
0.08270145207643509
0.08001453429460526
0.22162054479122162
0.043059464544057846
0.04767686501145363
0.31384897232055664
0.14844398200511932
0.10579154640436172
0.07440395653247833
0.026065707206726074
0.4413849413394928
0.07185511291027069
0.12687140703201294
0.115212582051754
0.030889732763171196
0.03033771924674511
0.05918959900736809
0.4834167957305908
0.22984671592712402
0.07492375373840332
0.07276611030101776
0.0972897931933403
0.05856611207127571
0.04196437448263168
0.07105396687984467
0.08789806813001633
0.07688374072313309
0.06776032596826553
0.15646794438362122
0.0513986311852932
0.3082924783229828
0.07808075100183487
0.0728403851389885
0.2940220534801483
0.0658530667424202
0.05962319299578667
0.1384371519088745
0.0643840804696083
0.017918622121214867
0.040643490850925446
0.33750393986701965
0.12827639281749725
0.5956229567527771
0.08172189444303513
0.3873266875743866
0.019210943952202797
0.20139989256858826
0.07345154881477356
0.10029732435941696
0.10646176338195801
0.2607964873313904
0.40132129192352295
0.156328484416008
0.07174835354089737
0.2794400751590729
0.46313270926475525
0.40201976895332336
0.11033301800489426
0.058563146740198135
0.16693268716335297
0.16737236082553864
0.08987210690975189
0.1122061163187027
0.15037649869918823
0.03787105903029442
0.06463107466697693
0.07698508352041245
0.02946057729423046
0.1653129905462265
0.675392210483551
0.05052636191248894
0.12241828441619873
0.44956570863723755
0.1569053679704666
0.49231278896331787
0.14738112688064575
0.1272728145122528
0.22350822389125824
0.11435854434967041
0.1146424263715744
0.10799039900302887
0.17565074563026428
0.12117531150579453
0.18212760984897614
0.6871581673622131
0.12950004637241364
0.04480147734284401
0.07294900715351105
0.12357326596975327
0.06563437730073929
0.14499573409557343
0.161812886595726
0.09702165424823761
0.8298096656799316
0.16052578389644623
0.07254548370838165
0.2073376476764679
0.0918332040309906
0.036743078380823135
0.12683522701263428
0.4939408600330353
0.13383044302463531
0.35223388671875
0.04150760918855667
0.07643157988786697
0.5314669609069824
0.15166741609573364
0.1561848670244217
0.046449027955532074
0.09912996739149094
0.1953578144311905
0.030231425538659096
0.22999340295791626
0.21083275973796844
0.07230027765035629
0.05896671116352081
0.03354736417531967
0.03923267126083374
0.13813048601150513
0.052414458245038986
0.031002433970570564
0.5742663145065308
0.26123589277267456
0.03220535069704056
0.05798058956861496
0.06702812016010284
0.22139382362365723
0.050378311425447464
0.08914833515882492
0.09540276229381561
0.41728562116622925
0.3607807457447052
0.04423050582408905
0.12899304926395416
0.12511751055717468
0.06225544214248657
0.26252481341362
0.08401763439178467
0.15420392155647278
0.04893846437335014
0.20747582614421844
0.11765605211257935
0.09160029143095016
0.32760879397392273
0.6012598872184753
0.12944866716861725
0.05412398651242256
0.190761998295784
0.5775939226150513
1.0126280784606934
0.2682718336582184
0.19525210559368134
0.04057042673230171
0.058615587651729584
0.0580282025039196
0.1269209384918213
0.13946232199668884
0.05702676251530647
0.030871126800775528
0.18014580011367798
0.09701389819383621
0.22691161930561066
0.2575351595878601
0.039291806519031525
0.12112946808338165
0.09479714930057526
0.06972594559192657
0.07230386883020401
0.04352761059999466
0.12175730615854263
0.06780146062374115
0.25321170687675476
0.062480442225933075
0.09632103890180588
0.22321903705596924
0.0242655910551548
0.033426810055971146
0.13601906597614288
0.054896604269742966
0.04462370276451111
0.30248916149139404
0.09426110237836838
0.11427533626556396
0.20161433517932892
0.09647691249847412
0.40701553225517273
0.12655021250247955
0.4764185845851898
0.05495767667889595
0.40310755372047424
0.45832380652427673
0.24166737496852875
0.24286532402038574
0.32193776965141296
0.02880798652768135
0.1859823614358902
0.13092562556266785
0.1074923574924469
0.19493651390075684
0.1959611475467682
0.2346419095993042
0.4415394365787506
0.22318939864635468
0.14734838902950287
0.0935814380645752
0.15356044471263885
0.06561677157878876
0.14286312460899353
0.06255331635475159
0.3479686379432678
0.10579947382211685
0.11948812007904053
0.06069677695631981
0.20178920030593872
0.07848295569419861
0.06209389492869377
0.06452475488185883
0.13542795181274414
0.4618934094905853
0.09014667570590973
0.12467389553785324
0.16740994155406952
0.03799675777554512
0.09580627083778381
0.12855787575244904
0.06210319697856903
0.045260895043611526
0.026294177398085594
0.12390609085559845
0.03761499375104904
0.17577701807022095
0.046358805149793625
0.025653203949332237
0.0929727852344513
0.1540883332490921
0.17237260937690735
0.28767532110214233
0.35146811604499817
0.10969489812850952
0.08298419415950775
0.12005031108856201
0.06156501919031143
0.10345578193664551
0.5615302324295044
0.4207457900047302
0.14444798231124878
0.07799459248781204
0.04573391005396843
0.5943120121955872
0.17519612610340118
0.1778659075498581
0.08109013736248016
0.08433816581964493
0.12607023119926453
0.15948881208896637
0.3829541504383087
0.16793498396873474
0.14177462458610535
0.2173779457807541
0.3972732126712799
0.07914359867572784
0.1287735551595688
0.11525281518697739
0.126784086227417
0.4547979235649109
0.044306833297014236
0.1368907243013382
0.019612152129411697
0.02762996219098568
0.08863471448421478
0.1412503868341446
0.16742292046546936
0.061391185969114304
0.05729668587446213
0.4744546711444855
0.15505105257034302
0.054397374391555786
0.02687871642410755
0.061166033148765564
0.023257656022906303
0.5498204231262207
0.024971920996904373
0.11150910705327988
0.19460375607013702
0.049570608884096146
0.26797226071357727
0.605383038520813
0.1282779574394226
0.08487644046545029
0.07790476083755493
0.07865399122238159
0.14100001752376556
0.08793529123067856
0.05383671075105667
0.07013645768165588
0.11592652648687363
0.13596297800540924
0.06982338428497314
0.09673873335123062
0.7093017101287842
1.2706226110458374
0.25348106026649475
0.8254358172416687
0.04568503424525261
0.5191359519958496
0.02432304248213768
0.2496654987335205
0.11226166784763336
0.36511844396591187
0.09725809097290039
0.3989369869232178
0.12549850344657898
0.3540659248828888
0.1925140768289566
0.20470204949378967
0.10664013773202896
0.1152581125497818
0.1582053154706955
0.1679050624370575
0.5309324860572815
0.060832444578409195
0.06706251949071884
0.10553468763828278
0.04034214839339256
0.1864766627550125
0.027421800419688225
0.11715540289878845
0.25902310013771057
0.09411198645830154
0.314296156167984
0.029329802840948105
0.18767960369586945
0.09817519038915634
0.038638535887002945
0.08294320106506348
0.04291784390807152
0.1700720340013504
0.13778571784496307
0.09419163316488266
0.20868925750255585
0.138199582695961
1.1315521001815796
0.160980224609375
0.12697310745716095
0.13170009851455688
0.0857844352722168
0.07015085220336914
0.11559449136257172
0.08639078587293625
0.040675289928913116
0.05896534398198128
0.3436449468135834
0.06674208492040634
0.2558813989162445
0.318663626909256
0.04206516221165657
0.053185563534498215
0.0545705184340477
0.032366394996643066
0.09393295645713806
0.21794652938842773
0.06785701960325241
0.0865979865193367
0.05180320888757706
0.07544505596160889
0.021053027361631393
0.023685336112976074
0.3567342460155487
0.052288614213466644
0.03069455549120903
0.1856537014245987
0.3518370985984802
0.1711786538362503
0.13025757670402527
0.06001875549554825
0.1603776067495346
0.15899300575256348
0.4242914915084839
0.17343950271606445
0.07334229350090027
0.31180131435394287
0.12097029387950897
0.2237139642238617
0.12489296495914459
0.20674917101860046
0.09959147125482559
0.11055866628885269
0.22279052436351776
0.40665915608406067
0.07056694477796555
0.03857439383864403
0.14848744869232178
0.31523236632347107
0.0826268196105957
0.12223491072654724
0.08610083162784576
0.04204878956079483
0.27648699283599854
0.13296841084957123
0.11408111453056335
0.28488680720329285
0.06952755898237228
0.10137476027011871
0.0554635226726532
0.11683104187250137
0.05090343952178955
0.036166202276945114
0.6968216300010681
0.22243957221508026
0.280660480260849
0.07352032512426376
0.4373629689216614
0.20124825835227966
0.160569965839386
0.15176774561405182
0.14299409091472626
0.4897969961166382
0.11389757692813873
0.05180925130844116
0.15507103502750397
0.07956171780824661
0.25055772066116333
0.058323998004198074
0.24389901757240295
0.12708820402622223
0.09573373198509216
0.5366567969322205
0.12526816129684448
0.06720633059740067
0.11612262576818466
0.19180485606193542
0.2233506739139557
0.21143947541713715
0.17066122591495514
0.10404568910598755
0.09325174242258072
0.22938849031925201
0.044841766357421875
0.5992099642753601
0.22736774384975433
0.16188642382621765
0.11990070343017578
0.6037667989730835
0.06919814646244049
0.2854453921318054
0.24439077079296112
0.1502293348312378
0.099615179002285
0.09860002249479294
0.12744426727294922
0.04056141525506973
0.11771542578935623
0.06737832725048065
0.811109721660614
0.14755243062973022
0.08303728699684143
0.07336489111185074
0.04639672860503197
0.13310395181179047
0.0691816657781601
0.056802574545145035
0.11497082561254501
0.1381089836359024
0.0757584422826767
0.053320035338401794
0.07596059143543243
0.11201825737953186
0.4732687473297119
0.766899824142456
0.21562188863754272
0.04763013869524002
0.026679445058107376
0.10106843709945679
0.16833025217056274
0.05253167450428009
0.09541063755750656
0.1105920597910881
0.06503160297870636
0.19551622867584229
0.11389791965484619
0.18071511387825012
0.2257786989212036
0.040140751749277115
0.07024860382080078
0.10252264142036438
0.23979716002941132
0.04795036092400551
0.37042436003685
0.5545045733451843
0.07402487844228745
0.23047827184200287
0.13004447519779205
0.12026146054267883
0.0689491406083107
0.30117928981781006
0.605410099029541
0.27837830781936646
0.17018312215805054
0.08881814032793045
0.14127890765666962
0.09119253605604172
0.12323810905218124
0.18953923881053925
0.44953250885009766
0.101231649518013
0.11677899956703186
0.2354913055896759
0.07707974314689636
0.020337285473942757
0.05557487532496452
0.04560286924242973
0.04087856784462929
0.11099549382925034
0.06993787735700607
0.055828195065259933
0.12124871462583542
0.024499477818608284
0.2262394279241562
0.4314092695713043
0.19962042570114136
0.060003116726875305
0.2352532148361206
0.09175839275121689
0.03709132596850395
0.06774335354566574
0.049338508397340775
0.5273624062538147
0.14192035794258118
0.21499672532081604
0.6334770321846008
0.1334899365901947
0.14124426245689392
0.22406576573848724
0.06955358386039734
0.1391531378030777
0.14938750863075256
0.25081220269203186
0.22289703786373138
0.09094130992889404
0.07824940979480743
0.15417209267616272
0.3449251055717468
0.08538342267274857
0.03822629898786545
0.05537738651037216
0.08456618338823318
0.07023867964744568
0.3936837911605835
0.1317269206047058
0.0758475661277771
0.06292024999856949
0.12832264602184296
0.2759014964103699
0.33483877778053284
0.22375737130641937
0.09859434515237808
0.454155296087265
0.038744330406188965
0.17880992591381073
0.09387361258268356
0.02747582271695137
0.24574881792068481
0.37063896656036377
0.06704848259687424
0.43421611189842224
0.03917723149061203
0.047719504684209824
0.5190922021865845
0.043784551322460175
0.02238515205681324
0.12114758044481277
0.0879000648856163
0.30562248826026917
0.051430802792310715
0.04945848137140274
0.0874515250325203
0.03148776292800903
0.1908249408006668
0.033302269876003265
0.057348594069480896
0.029000988230109215
0.02794126607477665
0.207147017121315
0.10678227245807648
0.12161492556333542
0.02945946343243122
0.024439606815576553
0.11713266372680664
0.28210222721099854
0.01800684817135334
0.056789580732584
0.041148729622364044
0.09045761823654175
0.09963863343000412
0.24766437709331512
0.12827342748641968
0.44072645902633667
0.07999633997678757
0.16289879381656647
0.5822319984436035
0.16996417939662933
0.421649307012558
0.13713319599628448
0.17880216240882874
0.19285686314105988
0.1131768524646759
0.09252005070447922
0.14336957037448883
0.2790496349334717
0.10445436835289001
0.1346934586763382
0.17027497291564941
0.18701069056987762
0.0678429827094078
0.050040703266859055
0.2379535585641861
0.03186880424618721
0.04887793958187103
0.10527719557285309
0.04592820256948471
0.03154321387410164
0.10594438016414642
0.08483219146728516
0.03112080693244934
0.4794915020465851
0.03321349248290062
0.1569911241531372
0.09732555598020554
0.05732221528887749
0.10762999206781387
0.05788520351052284
0.036109499633312225
0.11947597563266754
0.1596953272819519
0.03944063559174538
0.19212356209754944
0.09612490236759186
0.19850009679794312
0.2938416004180908
0.03448837623000145
0.05495206266641617
0.12740078568458557
0.03275787830352783
0.06480782479047775
0.09339027106761932
0.293234646320343
0.16187578439712524
0.4250691831111908
0.04697346314787865
0.08820269256830215
0.0437597781419754
0.043928276747465134
0.07318329066038132
0.03583147004246712
0.19383423030376434
0.036998532712459564
0.026968615129590034
0.07573384791612625
0.10205378383398056
0.05209130793809891
0.08487732708454132
0.13460150361061096
0.039690032601356506
0.04405560344457626
0.19135886430740356
0.05092572048306465
0.12197752296924591
0.04589492827653885
0.07380066812038422
0.09229706227779388
0.08203884959220886
0.04391343146562576
0.07538347691297531
0.028361523523926735
0.030953798443078995
0.05158355459570885
0.028465280309319496
0.3247736394405365
0.26070839166641235
0.08884960412979126
0.021934611722826958
0.3173052668571472
0.13652321696281433
0.13810373842716217
0.3106848895549774
0.4920273423194885
0.05009157583117485
0.07011351734399796
0.054954953491687775
0.027887359261512756
0.4799416959285736
0.06001043692231178
0.04620473086833954
0.07788708060979843
0.11172422766685486
0.2673504054546356
0.0702301636338234
0.17565298080444336
0.4579904079437256
0.04925674945116043
0.07308633625507355
0.46802860498428345
0.059332676231861115
0.08599601686000824
0.18194282054901123
0.03907570242881775
0.10973859578371048
0.5008753538131714
0.11733515560626984
0.08649394661188126
0.13252194225788116
0.027529150247573853
0.09013789147138596
0.16228047013282776
0.09276231378316879
0.2015518993139267
0.1029871329665184
0.11564616113901138
0.2149401754140854
0.29294437170028687
0.40621665120124817
0.0607733279466629
0.08145125210285187
0.09689120948314667
0.08548460900783539
0.11535850167274475
0.12628917396068573
0.18623211979866028
0.16461043059825897
0.09258672595024109
0.05643463134765625
0.1514737457036972
0.035617075860500336
0.26337796449661255
0.03731844574213028
0.05477815866470337
0.03923935443162918
0.1451469510793686
0.20876586437225342
0.9192702174186707
0.05979093909263611
0.23326657712459564
0.08304574340581894
0.09810851514339447
0.4387359321117401
0.6257805228233337
0.4851076006889343
0.08133451640605927
0.09953136742115021
0.06671104580163956
0.09003546833992004
0.25782230496406555
0.09127886593341827
0.25553515553474426
0.1883561909198761
0.3053250312805176
0.07933838665485382
0.1556391716003418
0.1061047688126564
0.11131258308887482
0.11037131398916245
0.0931529700756073
0.01885080523788929
0.15009687840938568
0.4023757874965668
0.06408540159463882
0.05800776183605194
0.13133205473423004
0.06546247005462646
0.06955200433731079
0.2998889088630676
0.07914604246616364
0.046847596764564514
0.03664102777838707
0.2125871330499649
0.8488368988037109
0.45431941747665405
0.13379494845867157
0.3671303689479828
0.11519550532102585
0.07379135489463806
0.3378522992134094
0.26444873213768005
0.3299518823623657
0.18603737652301788
0.10184534639120102
0.11254699528217316
0.24565981328487396
0.13750016689300537
0.6153327226638794
0.11413908749818802
0.10774394124746323
0.10721257328987122
0.5097829699516296
0.14977949857711792
0.020150719210505486
0.0687093585729599
0.0662699043750763
0.4676365256309509
0.03923461213707924
0.24847069382667542
0.11493886262178421
0.0672573670744896
0.030275557190179825
0.16108086705207825
0.03424711152911186
0.19506508111953735
0.06593403220176697
0.03387630358338356
0.5531725287437439
0.07270115613937378
0.081197090446949
0.1569966822862625
0.1032676249742508
0.2209566831588745
0.10938534885644913
0.25035741925239563
0.15598635375499725
0.055466178804636
0.19120417535305023
0.2499188929796219
0.1415627896785736
0.2772475481033325
0.5061383843421936
0.053024277091026306
0.22753123939037323
0.16077452898025513
0.07213954627513885
0.05885407701134682
0.051249608397483826
0.29949629306793213
0.6459435224533081
0.2606932520866394
0.126365065574646
0.7104580998420715
0.15814313292503357
0.37219732999801636
0.18939943611621857
0.21606825292110443
0.11278264224529266
0.08466547727584839
0.3752715587615967
0.07370465993881226
0.03414292261004448
0.08485730737447739
0.02962532825767994
0.014492646791040897
0.013658975251019001
0.046735234558582306
0.13869142532348633
0.4067234694957733
0.023306118324398994
0.07238410413265228
0.2994787395000458
0.29617756605148315
0.021992629393935204
0.02477509342133999
0.7342070937156677
0.04138883575797081
0.03131304308772087
0.02928728610277176
0.03149493411183357
0.7510323524475098
0.06264843791723251
0.09269014000892639
0.2521303594112396
0.6413188576698303
0.044017259031534195
0.0907939150929451
0.23147277534008026
0.09968901425600052
0.13723182678222656
0.17597651481628418
0.47013646364212036
0.49665457010269165
0.09240692853927612
0.09630916267633438
0.06327280402183533
0.42263850569725037
0.057130228728055954
0.1474037617444992
0.7335444092750549
0.07029691338539124
0.2078760266304016
0.05696222931146622
0.03341815248131752
0.028452178463339806
0.03681150823831558
0.7112317681312561
0.19004599750041962
0.046769291162490845
0.023775700479745865
0.242730975151062
0.7315172553062439
0.4640956521034241
0.44724202156066895
0.12013053894042969
0.03660626336932182
0.08107154071331024
0.1494356393814087
0.07582785934209824
0.07340604066848755
0.18995529413223267
0.13580858707427979
0.13863658905029297
0.05942579358816147
0.17499414086341858
0.04885587468743324
0.04914218932390213
0.03548553213477135
0.042509231716394424
0.09955799579620361
0.25907260179519653
0.13920186460018158
0.07664847373962402
0.2691018581390381
0.027176707983016968
0.2521323263645172
0.05705482140183449
0.05769164115190506
0.16381530463695526
0.15214401483535767
0.11288145184516907
0.06823008507490158
0.03244805335998535
0.4486987292766571
0.10675255209207535
0.17406362295150757
0.08389586210250854
0.14375688135623932
0.13930639624595642
0.06024385988712311
0.19629116356372833
0.04785480350255966
0.04872182011604309
0.05031916871666908
0.11432071030139923
0.1305989921092987
0.467239111661911
0.19135825335979462
0.04992276802659035
0.1418323963880539
0.08012670278549194
0.1674736738204956
0.17851832509040833
0.06578017771244049
0.06581097096204758
0.05292266607284546
0.031918738037347794
0.0345623604953289
0.22438417375087738
0.2056732326745987
0.12045808136463165
0.09945200383663177
0.09177425503730774
0.03540252894163132
0.12080582976341248
0.12621119618415833
0.09953343123197556
0.05156295746564865
0.1550390124320984
0.12824879586696625
0.040974076837301254
0.1488516628742218
0.2555842995643616
0.027411967515945435
0.04332210496068001
0.09431525319814682
0.5672789812088013
0.21352285146713257
0.07182174175977707
0.0524333119392395
0.11452227830886841
0.09804365783929825
0.030805645510554314
0.25698941946029663
0.19300127029418945
0.1549193114042282
0.08432643860578537
0.27257224917411804
0.1521453857421875
0.04080718383193016
0.1169053167104721
0.16376979649066925
0.06322433799505234
0.2386511117219925
0.19965827465057373
0.07630008459091187
0.025104936212301254
0.09782859683036804
0.3399061858654022
0.5350742340087891
0.15978775918483734
0.022432032972574234
0.4227200150489807
0.08062051981687546
0.035855162888765335
0.23924654722213745
0.05184122174978256
0.10760051012039185
0.1513962596654892
0.07654401659965515
0.060213353484869
0.07218458503484726
0.068644218146801
0.05253429338335991
0.2884660065174103
0.06231767311692238
0.03656105697154999
0.04675018787384033
0.06802596896886826
0.08671560883522034
0.16712814569473267
0.16079743206501007
0.07196605205535889
0.10018284618854523
0.11970902979373932
0.534400999546051
0.05425289273262024
0.22456620633602142
0.08844052255153656
0.12740634381771088
0.10060764104127884
0.08225949853658676
0.027640629559755325
0.04174226149916649
0.06567427515983582
0.11629494279623032
0.16865643858909607
0.16058199107646942
0.05069202929735184
0.7414633631706238
0.08259981870651245
0.05070008710026741
0.15009936690330505
0.0535467192530632
0.06455554068088531
0.08358587324619293
0.07893507927656174
0.2035316824913025
0.044423576444387436
0.1255929321050644
0.21704094111919403
0.07634934782981873
0.16127805411815643
0.37968841195106506
0.23856742680072784
0.08154930174350739
0.08708260208368301
0.38268089294433594
0.14542901515960693
0.0816526859998703
0.07387854158878326
0.19504475593566895
0.03592773526906967
0.038237717002630234
0.4094780385494232
0.06287908554077148
0.05409250780940056
0.06296665221452713
0.1505599021911621
0.08064711838960648
0.02068142592906952
0.03377734124660492
0.12188795953989029
0.04759056866168976
0.06919904053211212
0.1166997179389
0.19803845882415771
0.05056934803724289
0.17609751224517822
0.2576342821121216
0.10796453803777695
0.06024634838104248
0.05248688906431198
0.07805224508047104
0.029512353241443634
0.32471901178359985
0.39823591709136963
0.04536588117480278
0.02185106836259365
0.10096796602010727
0.04870448634028435
0.07191839069128036
0.38665586709976196
0.05434072017669678
0.04945791885256767
0.20555570721626282
0.08304235339164734
0.06492128223180771
0.312781423330307
0.05197849124670029
0.11677467823028564
0.11396470665931702
0.1695517599582672
0.14020128548145294
0.16316036880016327
0.31036561727523804
0.11377875506877899
0.11033347249031067
0.09716648608446121
0.09632337093353271
0.10775036364793777
0.07020748406648636
0.07995372265577316
0.07229157537221909
0.03506321460008621
0.140045627951622
0.26456940174102783
0.12380865216255188
0.05757802724838257
0.04633358120918274
0.022292185574769974
0.0301536675542593
0.23211762309074402
0.3671599328517914
0.03917345404624939
1.1188889741897583
0.06260967254638672
0.10440188646316528
0.03503694385290146
0.5076590180397034
0.03671896085143089
0.08434103429317474
0.0715554878115654
0.1464003175497055
0.05377447232604027
0.08693026006221771
0.26003018021583557
0.11305911839008331
0.042317334562540054
0.11465336382389069
0.07756061851978302
0.07268401980400085
0.04468151181936264
0.03895435109734535
0.13808688521385193
0.07341524213552475
0.06732641160488129
0.15991486608982086
0.039195574820041656
0.03750349581241608
0.4832640588283539
0.05198082700371742
0.11336122453212738
0.20449230074882507
0.055423010140657425
0.0949229747056961
0.061466190963983536
0.14079618453979492
0.10005676001310349
0.056979864835739136
0.7797491550445557
0.04574194550514221
0.11196649819612503
0.05288185924291611
0.20393019914627075
0.35032644867897034
0.07260917872190475
0.04702463373541832
0.049893662333488464
0.23909308016300201
0.0900183692574501
0.029427334666252136
0.1884116232395172
0.4638862609863281
0.22542855143547058
0.05770853906869888
0.08411383628845215
0.17220278084278107
0.0421522818505764
0.05154036730527878
0.27532336115837097
0.0948382094502449
0.11703084409236908
0.12256112694740295
0.26201796531677246
0.14492636919021606
0.13743005692958832
0.14218851923942566
0.23011180758476257
0.04816392809152603
0.09658683836460114
0.16650888323783875
0.06025998294353485
0.06776261329650879
0.34045249223709106
0.056622058153152466
0.04046276584267616
0.6809244155883789
0.25662127137184143
0.024277422577142715
0.06112143397331238
0.08137346059083939
0.06374160945415497
0.43118801712989807
0.04045397415757179
0.05777488276362419
0.13854607939720154
0.5988830924034119
0.12432499974966049
0.030106505379080772
0.23619264364242554
0.12061996757984161
0.10790431499481201
0.05565182864665985
0.09223847091197968
0.06484593451023102
0.1537209004163742
0.04336247593164444
0.11465924978256226
0.2717350125312805
0.1289137899875641
0.1903877705335617
0.20139901340007782
0.14172789454460144
0.14168527722358704
0.061263199895620346
0.26170405745506287
0.07676587998867035
0.12820862233638763
0.05745485797524452
0.10314618796110153
0.07618699222803116
0.0984196737408638
0.6422454118728638
0.03834414482116699
0.04247931391000748
0.1357678920030594
0.04349455237388611
0.058966848999261856
0.052012231200933456
0.1028372049331665
0.03312977775931358
0.20548617839813232
0.11949198693037033
0.24417291581630707
0.10639028251171112
0.31882256269454956
0.3154771029949188
0.1363796591758728
0.18426811695098877
0.03385220840573311
0.023263268172740936
0.06164040416479111
0.19784384965896606
0.2764318883419037
0.04213991016149521
0.11667773127555847
0.07464456558227539
0.16512882709503174
0.08722545206546783
0.12274646759033203
0.4156169891357422
0.08559925109148026
0.06277014315128326
0.03882359340786934
0.2818095088005066
0.07560811936855316
0.2250792384147644
0.10554435849189758
0.11860313266515732
0.041824571788311005
0.03173355385661125
0.09278035908937454
0.29236429929733276
0.052595220506191254
1.088212251663208
0.08109019696712494
0.15375082194805145
0.06595024466514587
0.11013808101415634
0.4161764085292816
0.49622127413749695
0.12760016322135925
0.12851452827453613
0.331218957901001
0.22230225801467896
0.10161703824996948
0.11131729185581207
0.4661732316017151
0.43483319878578186
0.09412850439548492
0.12381555140018463
0.1568460464477539
0.12035473436117172
0.25241389870643616
0.1319960206747055
0.03853308781981468
0.1875385195016861
0.13580083847045898
0.11507739871740341
0.05182364210486412
0.048486363142728806
0.04579677805304527
0.0692191794514656
0.14982609450817108
0.08970633149147034
0.27520397305488586
0.01710713841021061
0.15933078527450562
0.6973310112953186
0.1256929188966751
0.06152736768126488
0.11214703321456909
0.06827417016029358
0.27730000019073486
0.12587928771972656
0.285086452960968
0.05520998314023018
0.11867454648017883
0.06379546970129013
0.15645606815814972
0.21798080205917358
0.14460109174251556
0.14131249487400055
0.07635565847158432
0.4300125241279602
0.34654149413108826
0.1525612771511078
0.1748928725719452
0.14464695751667023
1.00008225440979
0.07602138817310333
0.04605123773217201
0.22367367148399353
0.11271733045578003
0.04748249053955078
0.10260014235973358
0.08646848797798157
0.24368241429328918
0.061508700251579285
0.12038124352693558
0.1290258765220642
0.46235907077789307
0.05869409069418907
0.05119290202856064
0.08598530292510986
0.2535698711872101
0.6037321090698242
0.13052105903625488
0.12685354053974152
0.06440441310405731
0.4597988724708557
0.1708044707775116
0.1669323742389679
0.21437478065490723
0.08679667860269547
0.33645355701446533
0.14774607121944427
0.45572254061698914
0.1629449725151062
0.08589591830968857
0.03147632256150246
0.4765808582305908
0.23264965415000916
0.045831646770238876
0.08671364933252335
0.07071152329444885
0.14913898706436157
0.08574041724205017
0.13744211196899414
0.06012639030814171
0.0896904245018959
0.07134813815355301
0.2966344356536865
0.039638400077819824
0.04308513551950455
0.1159215196967125
0.05982694402337074
0.15032197535037994
0.22619304060935974
0.029540996998548508
0.0738106518983841
0.03582220524549484
0.10426415503025055
0.02956690825521946
0.09351508319377899
0.062105417251586914
0.14922553300857544
0.10812265425920486
0.06625852733850479
0.03624921292066574
0.37968823313713074
0.18339310586452484
0.5708335638046265
0.881720781326294
0.13281744718551636
0.07613062858581543
0.09539509564638138
0.16880139708518982
0.084775909781456
0.13415223360061646
0.040396954864263535
0.18628239631652832
0.1161775141954422
0.2044735699892044
0.24315600097179413
0.2247067391872406
0.06385878473520279
0.041280753910541534
0.3437241017818451
0.08649422228336334
0.07624756544828415
0.09023375064134598
0.058618370443582535
0.1629473865032196
0.07132820785045624
0.3688183128833771
0.10717397183179855
0.045331887900829315
0.06516055017709732
0.04328032210469246
0.08995123207569122
0.05106157064437866
0.0505099892616272
0.16290026903152466
0.5548171997070312
0.09271026402711868
0.12157014012336731
0.10798666626214981
0.09698113054037094
0.12555797398090363
0.13317056000232697
0.13113805651664734
0.11453220248222351
0.20490673184394836
0.5555211901664734
0.07322521507740021
0.4547595679759979
0.07539451867341995
0.09518859535455704
0.7231777310371399
0.12515343725681305
0.08031895756721497
0.18623468279838562
0.16968975961208344
0.157003253698349
0.11037810146808624
0.5180754065513611
0.16854123771190643
0.44776013493537903
0.18498966097831726
0.09343132376670837
0.15000854432582855
0.13926614820957184
0.0746205747127533
0.02792324125766754
0.2725716531276703
0.1070779487490654
0.050261981785297394
0.05304813012480736
0.09477701038122177
0.08189009875059128
0.14560984075069427
0.025788329541683197
0.03578750044107437
0.2468331754207611
0.3318241238594055
0.030437380075454712
0.024836642667651176
0.0860205888748169
0.19020476937294006
0.2363407164812088
0.10161050409078598
0.04391150176525116
0.06916096061468124
0.0214355681091547
0.11429548263549805
0.061797622591257095
0.3218362629413605
0.19035355746746063
0.13874079287052155
0.2328624278306961
0.1280730664730072
0.07325144857168198
0.2556607723236084
0.1740584671497345
0.16068917512893677
0.03308543190360069
0.2877097725868225
0.10645659267902374
0.05568049103021622
0.07704856991767883
0.031185807660222054
0.36034098267555237
0.19392472505569458
0.1294182986021042
0.1546044945716858
0.04473153501749039
0.19433553516864777
0.30261504650115967
0.4003908932209015
0.03200327232480049
0.10976357012987137
0.12141583114862442
0.15743735432624817
0.10911088436841965
0.3678087890148163
0.38307860493659973
0.06885000318288803
0.16233327984809875
0.2596978545188904
0.18992672860622406
0.14652758836746216
0.08602976053953171
0.05337255075573921
0.0675973892211914
0.22671854496002197
0.2203851044178009
0.033178817480802536
0.07937995344400406
0.14568497240543365
0.1847301423549652
0.143544539809227
0.21142128109931946
0.15801334381103516
0.041882000863552094
0.20491832494735718
0.08401617407798767
0.0531291626393795
0.026724260300397873
0.14777113497257233
0.10619276762008667
0.09429145604372025
0.08653353154659271
0.14396744966506958
0.5969731211662292
0.053566306829452515
0.21843837201595306
0.1189861074090004
0.24883580207824707
0.44558534026145935
0.16977328062057495
0.12664757668972015
0.08232243359088898
0.14051640033721924
0.11327735334634781
0.07920272648334503
0.05233170464634895
0.20230711996555328
0.16389550268650055
0.1556251347064972
0.05414095148444176
0.04663311690092087
0.3369663655757904
0.6074692010879517
0.15320539474487305
0.03591059520840645
0.2346881777048111
0.08397428691387177
0.06188726797699928
0.026903728023171425
0.09085352718830109
0.14853984117507935
0.11502846330404282
0.042736779898405075
0.49212929606437683
0.3117724061012268
0.023195821791887283
0.051866885274648666
0.11306780576705933
0.3440694808959961
0.06050067022442818
0.19128647446632385
0.08578485995531082
0.6066524982452393
0.15957631170749664
0.0661771222949028
0.2643296420574188
0.06546724587678909
0.0640484020113945
0.10746762156486511
0.11695307493209839
0.14610658586025238
0.13787363469600677
0.5545028448104858
0.1499040275812149
0.1170128881931305
0.3987431526184082
0.061469610780477524
0.05526014417409897
0.04382665455341339
0.05676768720149994
0.12004931271076202
0.16870863735675812
0.026013042777776718
0.0660243034362793
0.7520082592964172
0.22035528719425201
0.11543427407741547
0.040807805955410004
0.16546039283275604
0.05391133204102516
0.03659588843584061
0.2826125919818878
0.051813963800668716
0.14825259149074554
0.20674879848957062
0.15760678052902222
0.07975523173809052
0.24755683541297913
0.10604113340377808
0.0184572022408247
0.6666276454925537
0.026064226403832436
0.27907246351242065
0.46130862832069397
0.23116469383239746
0.13583765923976898
0.2240380048751831
0.05705719441175461
0.23491381108760834
0.11577991396188736
0.11004744470119476
0.06350679695606232
0.041141729801893234
0.7407503724098206
0.04342779517173767
0.3439059853553772
0.028743956238031387
0.7754566669464111
0.054030582308769226
0.15299354493618011
0.0937148928642273
0.031006908044219017
0.055924657732248306
0.08226002007722855
0.05512205511331558
0.35310429334640503
0.039783068001270294
0.03532905876636505
0.212663471698761
0.1617283821105957
0.21558156609535217
0.38081178069114685
0.0833701491355896
0.7016654014587402
0.40512996912002563
0.09751170873641968
0.8243535757064819
0.1868545413017273
0.07784520089626312
0.0691094845533371
0.06827620416879654
0.04320402443408966
0.048625364899635315
0.11484914273023605
0.06851669400930405
0.03506092354655266
0.22441832721233368
0.4117550551891327
0.04341192543506622
0.08683254569768906
0.034632306545972824
0.08190040290355682
0.1979871541261673
0.04102892428636551
0.031149450689554214
0.05335238575935364
0.026201095432043076
0.029789458960294724
0.06730533391237259
0.32873550057411194
0.07158529758453369
0.05164773389697075
0.2947353422641754
0.2191322147846222
0.02394770085811615
0.052054185420274734
0.07501737028360367
0.04372342303395271
0.14883653819561005
0.43933016061782837
0.05841311067342758
0.06533128768205643
0.29201629757881165
0.03341798111796379
0.08979170024394989
0.04724676534533501
0.0622437484562397
0.7589382529258728
0.09926659613847733
0.06398159265518188
0.05033734813332558
0.051245056092739105
0.11732284724712372
0.24473369121551514
0.08486955612897873
0.40846720337867737
0.15400318801403046
0.03466808423399925
0.07749514281749725
0.02658464014530182
0.10865195095539093
0.13709323108196259
0.07394342869520187
0.09581762552261353
0.05256005749106407
0.05157255008816719
0.19341731071472168
0.02999536134302616
0.12912976741790771
0.15622882544994354
0.3670470714569092
0.09510695189237595
0.08702192455530167
0.3437439501285553
0.5751948356628418
0.09095215797424316
0.045321542769670486
0.4628075957298279
0.2037510871887207
0.06938070803880692
0.028939461335539818
0.045152708888053894
0.04251142963767052
0.08651626855134964
0.023909324780106544
0.020442312583327293
0.1301303505897522
0.053007468581199646
0.056038182228803635
0.09821242094039917
0.2789005637168884
0.018934383988380432
0.13731098175048828
0.6823374629020691
0.18571588397026062
0.07468672841787338
0.12439518421888351
0.09979921579360962
0.07081139832735062
0.1502029001712799
0.06728553026914597
0.20688623189926147
0.09254972636699677
0.14086632430553436
0.09223094582557678
0.11480557918548584
0.03284970298409462
0.036291949450969696
0.08028269559144974
0.11458627879619598
0.2682265043258667
0.1908770650625229
0.32418084144592285
0.13010981678962708
0.04583819955587387
0.03661627322435379
0.2588065266609192
0.05692753940820694
0.10226557403802872
0.6739150285720825
0.22143012285232544
0.20214474201202393
0.15544307231903076
0.19856040179729462
0.10251529514789581
0.06186269223690033
0.08654967695474625
0.30427512526512146
0.34744203090667725
0.08646100759506226
0.1027698740363121
0.19540223479270935
0.20587816834449768
0.1300520896911621
0.4386313855648041
0.43015262484550476
0.14384254813194275
0.8538724184036255
0.17980532348155975
0.13222844898700714
0.15195314586162567
0.04972522705793381
0.03401046246290207
0.06395090371370316
0.044124022126197815
0.03950764611363411
0.05419773608446121
0.04895801842212677
0.045696649700403214
0.07798467576503754
0.09195419400930405
0.06937175989151001
0.6295565962791443
0.1580011546611786
0.030880337581038475
0.066569022834301
0.34639647603034973
0.4529070258140564
0.13188312947750092
0.030922161415219307
0.029889898374676704
0.29413315653800964
0.23092208802700043
0.033347953110933304
0.1598784178495407
1.2519032955169678
0.30761241912841797
0.12187472730875015
0.11770953238010406
0.09067218005657196
0.40266135334968567
0.0732773095369339
0.05282309278845787
0.16258752346038818
0.08418983221054077
0.2514953315258026
0.07176823914051056
0.21502196788787842
0.1377599984407425
0.0870363861322403
0.13652336597442627
0.1997326910495758
0.13012750446796417
0.3674902617931366
0.08409254252910614
0.03041793406009674
0.07191216945648193
0.1682642251253128
0.08087263256311417
0.04549920931458473
0.1907738447189331
0.29987427592277527
0.2938360869884491
0.02573605254292488
0.03314018249511719
0.017554357647895813
0.035523608326911926
0.222812682390213
0.8963501453399658
0.12854687869548798
0.026856502518057823
0.12108854949474335
0.11133251339197159
0.06827598810195923
0.06136978790163994
0.14557777345180511
0.10837151855230331
0.07450587302446365
0.04520711675286293
0.10776594281196594
0.31275928020477295
0.4726867079734802
0.11839587241411209
0.049300242215394974
0.29452285170555115
0.09042726457118988
0.09806479513645172
0.21308907866477966
0.10647323727607727
0.35597893595695496
0.27854984998703003
0.4979040026664734
0.04585053771734238
0.02569001354277134
0.04713352397084236
0.43809980154037476
0.13414452970027924
0.05135205015540123
0.07373129576444626
0.11131486296653748
0.06878458708524704
0.5514930486679077
0.07220081984996796
0.5064075589179993
0.2490784078836441
0.5016643404960632
0.17323091626167297
0.13988251984119415
0.1744128316640854
0.3113643527030945
0.222039595246315
0.036819178611040115
0.13080458343029022
0.08354438841342926
0.41336122155189514
0.42331621050834656
0.17489252984523773
0.0348038487136364
0.23556676506996155
0.09828788042068481
0.21361537277698517
0.18591396510601044
0.05746262148022652
0.20014090836048126
0.10972264409065247
0.3065503239631653
0.5249407887458801
0.12143342196941376
0.19089432060718536
0.04038038104772568
0.09304671734571457
0.08902748674154282
0.45680633187294006
0.052046019583940506
0.07226262986660004
0.055254142731428146
0.1337013840675354
0.14773575961589813
0.04323349893093109
0.0854436382651329
0.3422311246395111
0.08029695600271225
0.07482210546731949
0.19072642922401428
0.13997144997119904
0.3499082028865814
0.1294664442539215
0.20874448120594025
0.12271945178508759
0.057992663234472275
0.12839557230472565
0.07964972406625748
0.304395854473114
0.11531269550323486
0.5101717710494995
0.24189671874046326
0.05262785404920578
0.18025708198547363
0.07574858516454697
0.05101539567112923
0.03310411423444748
0.16963538527488708
0.3718871474266052
0.04060322046279907
0.1275736689567566
0.20543107390403748
0.016071397811174393
0.17692908644676208
0.03206924349069595
0.0517960786819458
0.06771571934223175
0.06273531168699265
0.018947789445519447
0.05611100792884827
0.06632952392101288
0.01895478181540966
0.689223051071167
0.05066922307014465
0.047557223588228226
0.1362917274236679
0.13018852472305298
0.08104503899812698
0.19503356516361237
0.16924448311328888
0.2031877338886261
0.14236971735954285
0.04455622285604477
0.4106098413467407
0.3136994540691376
0.09880741685628891
0.09642471373081207
0.08259215205907822
0.06600895524024963
0.20786738395690918
0.12603990733623505
0.11612627655267715
0.07475847750902176
0.7395159006118774
0.2064618319272995
0.12292377650737762
0.18007877469062805
0.6659682989120483
0.041577160358428955
0.18008504807949066
0.06423484534025192
0.2027226984500885
0.11959816515445709
0.04202618449926376
0.044566284865140915
0.1791980117559433
0.08718691021203995
0.14455895125865936
0.14709186553955078
0.13650554418563843
0.6616092324256897
0.15597034990787506
0.06857044249773026
0.12716692686080933
0.3121671676635742
0.1161293089389801
0.13604988157749176
0.07326360791921616
0.17862190306186676
0.1301773637533188
0.10376592725515366
0.584932804107666
0.5336272120475769
0.03133188933134079
0.09533573687076569
0.08560658991336823
0.12430568784475327
0.3724103569984436
0.15570344030857086
0.059478312730789185
0.06495670974254608
0.1595660150051117
0.02696816995739937
0.2354486733675003
0.11536666005849838
0.05028428137302399
0.07854074239730835
0.0355025939643383
0.3225918710231781
1.3270646333694458
0.32753047347068787
0.07783662527799606
0.3861411511898041
0.07335592806339264
0.7234337329864502
0.09507499635219574
0.06494368612766266
0.056201767176389694
0.0972529873251915
0.10855963826179504
0.10193288326263428
0.060299351811409
0.08037519454956055
0.08850756287574768
0.1817900538444519
0.06086122989654541
0.0590897798538208
0.12515348196029663
0.16637681424617767
0.24988512694835663
0.5113562345504761
0.048821642994880676
0.034552332013845444
0.5579946041107178
0.13404570519924164
0.3125394284725189
0.061911728233098984
0.1282203048467636
0.06792599707841873
0.03781121224164963
0.15403057634830475
0.04321788251399994
0.06837683171033859
0.05905439332127571
0.02792658656835556
0.12328595668077469
0.1452837884426117
0.4706725478172302
0.4105350971221924
0.04744958505034447
0.05810962989926338
0.2035275548696518
0.3446766436100006
0.2397821694612503
0.16170014441013336
0.044705912470817566
0.14516505599021912
0.13975465297698975
0.24830062687397003
0.14103437960147858
0.244174987077713
0.09762009978294373
0.12759292125701904
0.2659505605697632
0.07859207689762115
0.07737516611814499
0.08823435753583908
0.07911211997270584
0.05845914036035538
0.056608300656080246
0.18620401620864868
0.37770169973373413
0.28970351815223694
0.42667391896247864
0.06893651187419891
0.187493234872818
0.42225292325019836
0.5767244696617126
0.0813184529542923
0.6015522480010986
0.06525199860334396
0.10631028562784195
0.06748755276203156
0.07491802424192429
0.04008779674768448
0.05087239295244217
0.22055482864379883
0.10045385360717773
0.09897143393754959
0.2731633186340332
0.12997455894947052
0.13329601287841797
0.24158978462219238
0.026330620050430298
0.13648740947246552
0.11462707072496414
0.3787296712398529
0.27904048562049866
0.09368182718753815
0.06269802153110504
0.16851498186588287
0.06804576516151428
0.08948776125907898
0.08888562023639679
0.5390555262565613
0.14528217911720276
0.13014774024486542
0.13526219129562378
0.03406939655542374
0.032931920140981674
0.15915895998477936
0.03199569508433342
0.056501355022192
0.027967052534222603
0.0873781368136406
0.025035377591848373
0.7664766907691956
0.2032296508550644
0.027971191331744194
0.03254903480410576
0.058219943195581436
0.21494433283805847
0.06402932107448578
0.04756304621696472
0.04464096575975418
0.10953803360462189
0.03920956328511238
0.5851622819900513
0.03286638483405113
0.084527887403965
0.09493996202945709
0.047864411026239395
0.18898949027061462
0.025306683033704758
0.02968628518283367
0.06399290263652802
0.08878356963396072
0.0573553629219532
0.046459343284368515
0.0597519688308239
0.34581130743026733
0.06668354570865631
0.34042468667030334
0.03839169070124626
0.10884037613868713
0.03232195973396301
0.029530948027968407
0.13482359051704407
0.07512974739074707
0.06828116625547409
0.2802731990814209
0.037147704511880875
0.03795566037297249
0.11792653799057007
0.30921655893325806
0.09207051992416382
0.16624127328395844
0.06517339497804642
0.23029173910617828
0.07952279597520828
0.4246079921722412
0.27952003479003906
0.17263031005859375
0.05550840497016907
0.23176877200603485
0.4182215631008148
0.4823555648326874
0.023728707805275917
0.09736959636211395
0.3550850450992584
0.04330318793654442
0.14693178236484528
0.14736932516098022
0.08013434708118439
0.4579213857650757
0.026119358837604523
0.053052037954330444
0.3678075969219208
0.33597347140312195
0.12087253481149673
0.20325542986392975
0.11508268862962723
0.18216735124588013
0.21259765326976776
0.24297484755516052
0.24844224750995636
0.0868084579706192
0.11602319031953812
0.09564141929149628
0.06208014860749245
0.21732179820537567
0.10788389295339584
0.1949017196893692
0.33152124285697937
0.06954463571310043
0.05425431951880455
0.049729879945516586
0.0892706885933876
0.05333414673805237
0.21385638415813446
0.07803452014923096
0.13872238993644714
0.08904075622558594
0.5638415217399597
0.14269746840000153
0.11936469376087189
0.02878727577626705
0.026600047945976257
0.11221921443939209
0.17540329694747925
0.05998753011226654
0.6735965013504028
0.10301076620817184
0.13578544557094574
0.34448933601379395
0.11646238714456558
0.12197241187095642
0.19264303147792816
0.2890314757823944
0.062030546367168427
0.19893990457057953
0.08392355591058731
0.08725855499505997
0.033157553523778915
0.47843295335769653
0.02956046350300312
0.06514046341180801
0.08835598081350327
0.07676798850297928
0.10565406084060669
0.04458940029144287
0.13444603979587555
0.02908177673816681
0.20395386219024658
0.0458168089389801
0.09777244180440903
0.04255886375904083
0.07934483885765076
0.0979563295841217
0.20760799944400787
0.0498926118016243
0.11684724688529968
0.10795307159423828
0.4519065320491791
0.1874692738056183
0.034975189715623856
0.18971827626228333
0.2121923565864563
0.07118863612413406
0.16533349454402924
0.1942889541387558
0.2825821042060852
0.17922259867191315
0.2814779579639435
0.05577000603079796
0.044481340795755386
0.3829646408557892
0.14932575821876526
0.04281328245997429
0.08816435188055038
0.02771368995308876
0.02400519698858261
0.04772784188389778
0.6811879873275757
0.08761632442474365
0.11642047762870789
0.16858704388141632
0.13972145318984985
0.03209873288869858
0.3464139401912689
0.17176532745361328
0.043148577213287354
0.05687328428030014
0.5338675379753113
0.0848240852355957
0.07929372042417526
0.13617241382598877
0.29180610179901123
0.13896076381206512
0.09844062477350235
0.5071861743927002
0.06553187966346741
0.40315014123916626
0.08575398474931717
0.358862042427063
0.09544163942337036
0.12931916117668152
0.04072604700922966
0.0695972666144371
0.04756541922688484
0.17498227953910828
0.2806762456893921
0.0807788297533989
0.46560779213905334
0.01863279566168785
0.2638963758945465
0.09292744100093842
0.049200840294361115
0.10605241358280182
0.029121581465005875
0.07629826664924622
0.23375365138053894
0.039188407361507416
0.7037690281867981
0.1619085669517517
0.3885374069213867
0.04638597369194031
0.22346340119838715
0.07616943120956421
0.4630260765552521
0.24261920154094696
0.31953030824661255
0.26635852456092834
0.2504242956638336
0.14512771368026733
0.10315942019224167
0.19781985878944397
0.04418691620230675
0.22489406168460846
0.022055577486753464
0.5271404385566711
0.30886316299438477
0.0768977552652359
0.32172420620918274
0.44854822754859924
0.22050082683563232
0.13215477764606476
0.5831286311149597
0.04335017874836922
0.22410492599010468
0.32123079895973206
0.06896179914474487
0.07611093670129776
0.6180465817451477
0.0668770968914032
0.1454681158065796
0.07829688489437103
0.10133972764015198
0.18090495467185974
0.16557130217552185
0.20873256027698517
0.054068323224782944
0.09275998920202255
0.11565019190311432
0.077518031001091
0.13182814419269562
0.0322139747440815
0.4165289103984833
0.3384110629558563
0.12730686366558075
0.029424108564853668
0.16956603527069092
0.278709352016449
0.36779287457466125
0.054564133286476135
0.10695307701826096
0.041413187980651855
0.3828681409358978
0.43256688117980957
0.1714872568845749
0.13519997894763947
0.07682016491889954
0.12992699444293976
0.2987465262413025
0.5913029313087463
0.14162608981132507
0.1701573133468628
0.09843318164348602
0.26453936100006104
0.1034141555428505
0.11204531043767929
0.03724260255694389
0.10227946192026138
0.047848209738731384
0.07690218836069107
0.39547422528266907
0.11996608227491379
0.32795003056526184
0.030323967337608337
0.06694639474153519
0.02240408957004547
0.0947246253490448
0.10501457005739212
0.33035629987716675
0.5311545133590698
0.04769996181130409
0.029112309217453003
0.11864475160837173
0.13196131587028503
0.035666413605213165
0.06341036409139633
0.20304220914840698
0.06711548566818237
0.033843595534563065
0.08235304057598114
0.4040506184101105
0.047528788447380066
0.11982635408639908
0.062386203557252884
0.03702652454376221
0.03673956170678139
0.03556424379348755
0.09001903235912323
0.0431591160595417
0.03949933499097824
0.25973597168922424
0.046757493168115616
0.02334878221154213
0.13733093440532684
0.2602020502090454
0.16707254946231842
0.07655388861894608
0.06616585701704025
0.1901228129863739
0.686610996723175
0.3243613839149475
0.04603150486946106
0.08604910969734192
0.03858998417854309
0.2880825102329254
0.07783464342355728
0.1670430600643158
0.39784836769104004
0.12068825215101242
0.08684346824884415
0.053961511701345444
0.14535415172576904
0.09454677253961563
0.06345514953136444
0.0625922754406929
0.14512810111045837
0.02031499333679676
0.07616040855646133
0.037642303854227066
0.09509415924549103
0.03565824776887894
0.3625527620315552
0.07318082451820374
0.10597384721040726
0.20833539962768555
0.1285097897052765
0.03616933152079582
0.09626203030347824
0.05364728718996048
0.053011633455753326
0.05961674079298973
0.03805254399776459
0.0744812935590744
0.06803694367408752
0.05589887499809265
0.05698797479271889
0.0271906815469265
0.2914115786552429
0.03282894939184189
0.12946557998657227
0.16565681993961334
0.30216336250305176
0.45772722363471985
0.5843839645385742
0.037460144609212875
0.10849689692258835
0.18197090923786163
0.055971551686525345
0.1026947870850563
0.06672747433185577
0.1145651564002037
0.06323317438364029
0.09880772233009338
0.13947486877441406
0.21598559617996216
0.07578065246343613
0.13166560232639313
0.034508753567934036
0.5527725219726562
0.649476945400238
0.03626219555735588
0.14802803099155426
0.0564986914396286
0.06214576214551926
1.072960376739502
0.08427588641643524
0.1748669594526291
0.4616565406322479
0.09682597219944
0.14141885936260223
0.13912148773670197
0.22954562306404114
0.05483785271644592
0.1861933469772339
0.11887092888355255
0.24885329604148865
0.0764930248260498
0.10117068886756897
0.18096725642681122
0.055364903062582016
0.03178511932492256
0.09491138905286789
0.49523913860321045
0.17142480611801147
0.5689009428024292
0.2870751917362213
0.06870319694280624
0.3404802680015564
0.3948942720890045
0.151862233877182
0.16868896782398224
0.04492584988474846
0.081197090446949
0.06969864666461945
0.050612498074769974
0.12951958179473877
0.11311260610818863
0.1291315108537674
0.2198992818593979
0.045160356909036636
0.4424950182437897
0.02158217504620552
0.6622059345245361
0.29419106245040894
0.06767940521240234
0.0878974199295044
0.06469479948282242
0.058749210089445114
0.055825646966695786
0.0801965594291687
0.050916217267513275
0.19062361121177673
0.07518132776021957
0.10300656408071518
0.52880859375
0.03503376245498657
0.5772835612297058
0.0316779762506485
0.03273351863026619
0.06855146586894989
0.16548578441143036
0.08986157923936844
0.16455167531967163
0.35753774642944336
0.0271090567111969
0.21802374720573425
0.020619140937924385
0.03916599601507187
0.06126192584633827
0.047492120414972305
0.21354568004608154
0.03930072486400604
0.0668756291270256
0.044321704655885696
0.30348527431488037
0.18336066603660583
0.292496919631958
0.020797286182641983
0.08404027670621872
0.4826057553291321
0.01886027306318283
0.08417393267154694
0.05991271883249283
0.14418645203113556
0.08552137762308121
0.08141567558050156
0.13735058903694153
0.20046262443065643
0.12981991469860077
0.10279420763254166
0.11909238994121552
0.057450395077466965
0.11148273944854736
0.07987388968467712
0.2256070226430893
0.16862216591835022
0.12470708042383194
0.07872026413679123
0.17143817245960236
0.02917463891208172
0.9594526290893555
0.02515195496380329
0.12311311066150665
0.03920076787471771
0.17489446699619293
0.036280758678913116
0.22906918823719025
0.26529812812805176
0.050983574241399765
0.14276835322380066
0.5191347599029541
0.07848535478115082
0.11411096900701523
0.18169641494750977
0.36499491333961487
0.12560030817985535
0.10847729444503784
0.6055530309677124
0.12871013581752777
0.4404338300228119
0.09626800566911697
0.14771828055381775
0.04346821829676628
0.11568805575370789
0.036941949278116226
0.10399320721626282
0.03362497314810753
0.18490901589393616
0.1073751449584961
0.14786487817764282
0.13230717182159424
0.04580288752913475
0.12283459305763245
0.04954810068011284
0.11524960398674011
0.17756031453609467
0.16286443173885345
0.18346425890922546
0.21083739399909973
0.2640586495399475
0.19641950726509094
0.06324595957994461
0.08936626464128494
0.07172226905822754
0.517611026763916
0.06401927024126053
0.19232504069805145
0.03626963868737221
0.22383727133274078
0.19413411617279053
0.06294157356023788
0.07032822072505951
0.03943490982055664
0.0583866611123085
0.291736900806427
0.5438876152038574
0.1454939842224121
0.5426064133644104
0.1374836564064026
0.0878528505563736
0.04347403347492218
0.08391818404197693
0.055104758590459824
0.3078548312187195
0.04056147485971451
0.044664815068244934
0.03897697478532791
0.0682637095451355
0.1838904172182083
0.2571386396884918
0.048844367265701294
0.08907194435596466
0.4727723002433777
0.05187150090932846
0.058685965836048126
0.04465930536389351
0.7015982270240784
0.21838583052158356
0.17667275667190552
0.12666979432106018
0.039396561682224274
0.3698630630970001
0.07688367366790771
0.40130144357681274
0.22878910601139069
0.3757491111755371
0.16889293491840363
0.07935570925474167
0.18333880603313446
0.5213109254837036
0.13853222131729126
0.09781289845705032
0.07035204023122787
0.06700843572616577
0.19308219850063324
0.22693400084972382
0.27638494968414307
0.08497223258018494
0.2586582601070404
0.058156371116638184
0.13700175285339355
0.18214201927185059
0.12172257900238037
0.08545710146427155
0.3028090298175812
0.2340012639760971
0.7639257311820984
0.20774240791797638
0.12807375192642212
0.23935094475746155
0.0462246909737587
0.2625397741794586
0.06390467286109924
0.07376814633607864
0.165995791554451
0.03857427090406418
0.606429934501648
0.045634280890226364
0.09941413253545761
0.06336944550275803
0.0335223488509655
0.06366968899965286
0.09651944786310196
0.38404616713523865
0.06387527287006378
0.09356644004583359
0.04627784341573715
0.18402297794818878
0.45161399245262146
0.0717877522110939
0.1631477028131485
0.03914053365588188
0.20180079340934753
0.14643914997577667
0.5650560259819031
0.15581746399402618
0.026491979137063026
0.08533024787902832
0.14598359167575836
0.332792192697525
0.11150278151035309
0.028496727347373962
0.06140400096774101
0.2183873951435089
0.05422315374016762
0.17399515211582184
0.08836014568805695
0.6369820237159729
0.1578550934791565
0.10177363455295563
0.05143193155527115
0.32872146368026733
0.12050580978393555
0.3195548355579376
0.09750518202781677
0.14204289019107819
0.09165710210800171
0.08991388231515884
0.13641969859600067
0.5807499885559082
0.13189415633678436
0.057078275829553604
0.08883841335773468
0.0891675278544426
0.7703724503517151
0.037859708070755005
0.076019287109375
0.21788431704044342
0.16763658821582794
0.04177078232169151
0.07297863811254501
0.1226508766412735
0.047473788261413574
0.4813498854637146
0.05022682994604111
0.11678332090377808
0.08867038041353226
0.43624940514564514
0.08977548032999039
0.1953391134738922
0.045933935791254044
0.04329858347773552
0.07251230627298355
0.07802271842956543
0.08217966556549072
0.032686423510313034
0.13364800810813904
0.15502093732357025
0.6357577443122864
0.0981450304389
0.43214789032936096
0.060752592980861664
0.28535208106040955
0.03350004926323891
0.043412886559963226
0.285663366317749
0.4728144407272339
0.07369857281446457
0.08663862943649292
0.08692839741706848
0.11472763121128082
0.167347252368927
0.13318683207035065
0.1428806632757187
0.7516008615493774
0.16680309176445007
0.26603665947914124
0.31234171986579895
0.0650036558508873
0.042815227061510086
0.20743326842784882
0.04560460150241852
0.05482631176710129
0.1521611213684082
0.07573304325342178
0.0692114606499672
0.052876438945531845
0.17502792179584503
0.2848270535469055
0.016199974343180656
0.3413558006286621
0.037024643272161484
0.10446704179048538
0.4307765066623688
0.11123527586460114
0.03688319772481918
0.039037931710481644
0.0498899407684803
0.06404781341552734
0.10072288662195206
0.611707866191864
0.17158474028110504
0.15284623205661774
0.14001502096652985
0.12350362539291382
0.08065115660429001
0.11816686391830444
0.11553122103214264
0.2194536328315735
0.2645012140274048
0.02706148847937584
0.04719369858503342
0.07201190292835236
0.04352714866399765
0.049312446266412735
0.05404483526945114
0.028638750314712524
0.17599059641361237
0.06861989945173264
0.12145690619945526
0.31362608075141907
0.08514131605625153
0.14232514798641205
0.056892797350883484
0.06456533819437027
0.037499986588954926
0.4490208923816681
0.14210282266139984
0.07384879887104034
0.09226489067077637
0.5033546686172485
0.08342898637056351
0.09526381641626358
0.060319092124700546
0.08630038797855377
0.6597511768341064
0.07344187051057816
0.25379982590675354
0.11112233251333237
0.3782193958759308
0.04448825120925903
0.046105943620204926
0.12005174160003662
0.08195187896490097
0.08125271648168564
0.08022710680961609
0.2029370367527008
0.29639559984207153
0.0525934062898159
0.2516724169254303
0.042238861322402954
0.3916066884994507
0.06026950478553772
0.046801138669252396
0.1110929548740387
0.13936002552509308
1.2120376825332642
0.09381116181612015
0.1289464831352234
0.6126657128334045
0.05022869259119034
0.083809994161129
0.11881248652935028
0.3509148955345154
0.3777235746383667
0.057952940464019775
0.13447903096675873
0.1925966739654541
0.08847475051879883
0.1328008770942688
0.09500635415315628
0.13983283936977386
0.104964978992939
0.10746203362941742
1.1933821439743042
0.32656311988830566
0.08999887108802795
0.043359074741601944
0.13304463028907776
0.19645699858665466
0.8183794021606445
0.07378009706735611
0.16070960462093353
0.07712023705244064
0.1576535552740097
0.1421714574098587
0.12288251519203186
0.24584996700286865
0.06907910853624344
0.08965890854597092
0.08066299557685852
0.12076105922460556
0.06298967450857162
0.4883692264556885
0.2883818447589874
0.1154775395989418
0.554128885269165
0.35757794976234436
0.19511538743972778
0.1087033823132515
0.10626928508281708
0.1023087352514267
0.11014335602521896
0.20190086960792542
0.23005932569503784
0.10840863734483719
0.3557334244251251
0.11359436064958572
0.03357637673616409
0.05679904669523239
0.25602367520332336
0.027284923940896988
0.17993032932281494
0.36675068736076355
0.10838530212640762
0.12053266167640686
0.13815663754940033
0.5592175722122192
0.031073344871401787
0.07476533204317093
0.08754804730415344
0.27731049060821533
0.028210386633872986
0.23288363218307495
0.25065848231315613
0.060691025108098984
0.07290108501911163
0.08813731372356415
0.13615256547927856
0.11715691536664963
0.02581041119992733
0.10828971862792969
0.14090539515018463
0.04290636628866196
0.06955531984567642
0.24712125957012177
0.11802614480257034
0.33054184913635254
0.21477572619915009
0.11792974919080734
0.16509166359901428
0.11135780811309814
0.13403847813606262
0.2132151871919632
0.03320842236280441
0.06918048858642578
0.23664957284927368
0.05201612412929535
0.0408894345164299
0.463689923286438
0.7222520112991333
0.05415530875325203
0.07322979718446732
0.2092493772506714
0.12392701953649521
0.14211522042751312
0.19213902950286865
0.06772654503583908
0.10598918050527573
0.10070567578077316
0.16317389905452728
0.05479838699102402
0.503724217414856
0.07934396713972092
0.2591977119445801
0.07223780453205109
0.16487959027290344
0.06848299503326416
0.08076565712690353
0.02055683173239231
0.07204145938158035
0.08089800924062729
0.08539780974388123
0.0756564661860466
0.6672016978263855
0.1101871058344841
0.053842343389987946
0.02425084076821804
0.2278069257736206
0.061404772102832794
0.05412949249148369
0.06712052971124649
0.12741674482822418
0.05826180428266525
0.12917497754096985
0.0418185219168663
0.04625396057963371
0.10256591439247131
0.26428747177124023
0.05510416626930237
0.05166541785001755
0.06993653625249863
0.23686543107032776
0.28537890315055847
0.20232121646404266
0.046028293669223785
0.22220578789710999
0.0414150133728981
0.06536412984132767
0.05300374701619148
0.12931513786315918
0.07124486565589905
0.04104648530483246
0.08384085446596146
0.0851612314581871
0.05566181614995003
0.37968191504478455
0.06404469907283783
0.07277707010507584
0.3325042426586151
0.10699819028377533
0.2278955727815628
0.0882071852684021
0.100288987159729
0.09676540642976761
0.5916099548339844
0.10149137675762177
0.12681059539318085
0.19029536843299866
0.12269804626703262
0.09846426546573639
0.04239226132631302
0.5318098664283752
0.0478772334754467
0.05918484926223755
0.04874622821807861
0.053994566202163696
0.18600858747959137
0.24617069959640503
0.5049757957458496
0.022407783195376396
0.5243735313415527
0.12517397105693817
0.10928235948085785
0.1297805905342102
0.04010288789868355
0.2198607623577118
0.28923237323760986
0.17632272839546204
0.19700373709201813
0.4642829895019531
0.03348742052912712
0.04129443317651749
0.04504112899303436
0.13778811693191528
0.15292289853096008
0.06866574287414551
0.14180514216423035
0.7854050397872925
0.06621464341878891
0.17639735341072083
0.0795992910861969
0.27815762162208557
0.07307789474725723
0.22759754955768585
0.29312607645988464
0.31965523958206177
0.07160598039627075
0.09153742343187332
0.10296948254108429
0.0386691689491272
0.24487455189228058
0.14446701109409332
0.19113951921463013
0.13648870587348938
0.3265475928783417
0.15450112521648407
0.0889366865158081
0.14232565462589264
0.12019868195056915
0.09045294672250748
0.14315515756607056
0.1772065907716751
0.1312466263771057
0.12290465831756592
0.14921605587005615
0.28836917877197266
0.19995525479316711
0.6702001690864563
0.08275052160024643
0.2085600346326828
0.032589856535196304
0.025327742099761963
0.1768578141927719
0.1147199347615242
0.06294849514961243
0.06058357283473015
0.05337757617235184
0.041221581399440765
0.08994419872760773
0.07369455695152283
0.17477001249790192
0.05038578808307648
0.03524531051516533
0.04335802048444748
0.06632473319768906
0.09311989694833755
0.2053569108247757
0.08809439092874527
0.09562049061059952
0.05754634737968445
0.05712953954935074
0.04801834002137184
0.11192969977855682
0.17101998627185822
0.04497081786394119
0.1743365377187729
0.20029504597187042
0.9655707478523254
0.09041059017181396
0.09016772359609604
0.08958087861537933
0.1925475001335144
0.044684793800115585
0.08399418741464615
0.03900113329291344
0.09609983116388321
0.03161660581827164
0.033877745270729065
0.032481394708156586
0.046953894197940826
0.04220525920391083
0.029930565506219864
0.7385545969009399
0.039729535579681396
0.6433891654014587
0.025009386241436005
0.05134731903672218
0.4936909079551697
0.030438952147960663
0.3771671652793884
0.045410193502902985
0.548302173614502
0.14100487530231476
0.04781736806035042
0.21459273993968964
0.282247930765152
0.22021856904029846
0.09206822514533997
0.08229295164346695
0.29717645049095154
0.3878869116306305
0.08302341401576996
0.043626077473163605
0.05618516728281975
0.0849224328994751
0.06817087531089783
0.18124741315841675
0.04832732304930687
0.12052575498819351
0.048353347927331924
0.33307304978370667
0.045867130160331726
0.04231562837958336
0.031268179416656494
0.021101029589772224
0.034646566957235336
0.09039144963026047
0.1627734899520874
0.08775061368942261
0.07342934608459473
0.2868977189064026
0.22735008597373962
0.14520692825317383
0.16097956895828247
0.3223877549171448
0.03947056084871292
0.04984937235713005
0.39923617243766785
0.1511918604373932
0.373564213514328
0.2070910781621933
0.038652531802654266
0.4213969111442566
0.036818500608205795
0.12111660093069077
0.15203112363815308
0.040975794196128845
0.1512502282857895
0.33963924646377563
0.05764409527182579
0.06269070506095886
0.04513899236917496
0.15013624727725983
0.09111350774765015
0.12639456987380981
0.2044285088777542
0.04240918159484863
0.09119763970375061
0.15798616409301758
0.7801635265350342
0.10674215853214264
0.0621156245470047
0.06930463761091232
0.0884489044547081
0.16988621652126312
0.0332878939807415
0.16871234774589539
0.34627825021743774
0.5253731608390808
0.10830161720514297
0.0989239364862442
0.03951871395111084
0.060210153460502625
0.07562092691659927
0.2920960783958435
0.27883049845695496
0.12656305730342865
0.03276728466153145
0.9708516597747803
0.03135504573583603
0.0725359097123146
0.07372266054153442
0.10278110206127167
0.1478274166584015
0.053397372364997864
0.043474920094013214
0.07440543174743652
0.045819446444511414
0.22844330966472626
0.05355377122759819
0.03517161309719086
0.06184036657214165
0.03002895973622799
0.4115102291107178
0.06806453317403793
0.05335434526205063
0.07968352735042572
0.07982742786407471
0.05922184884548187
0.49923571944236755
0.024266120046377182
0.08746092766523361
0.07954075932502747
0.07924953103065491
0.16146954894065857
0.051044024527072906
0.06326518952846527
0.07661120593547821
0.023363865911960602
0.05379513278603554
0.027826696634292603
0.12401889264583588
0.04988231509923935
0.5250341296195984
0.05522484704852104
0.08066157251596451
0.1457880288362503
0.4345899224281311
0.1774493306875229
0.054515738040208817
0.2678045928478241
0.21650643646717072
0.13888126611709595
0.10632425546646118
0.24122942984104156
0.1130165159702301
0.10138341784477234
0.12880317866802216
0.16031396389007568
0.09194044023752213
0.13947150111198425
0.07078547775745392
0.04593862593173981
0.0910954549908638
0.0651782751083374
0.12737707793712616
0.13716557621955872
0.026218965649604797
0.11343640089035034
0.30323076248168945
0.0839538648724556
0.24110707640647888
0.18215309083461761
0.49968093633651733
0.04237126186490059
0.5339815616607666
0.10953515022993088
0.02594364620745182
0.0960613265633583
0.060689352452754974
0.6963311433792114
0.133208230137825
0.13970550894737244
0.21652323007583618
0.11012620478868484
0.19091135263442993
0.19686591625213623
0.15344800055027008
0.1008828654885292
0.08209366351366043
0.297858327627182
0.0996447205543518
0.07157217711210251
0.07436911761760712
0.040909379720687866
0.18809303641319275
0.08449602127075195
0.07996091991662979
0.4864649176597595
0.32287901639938354
0.0915118008852005
0.3116019070148468
0.7249855399131775
0.06144144758582115
0.09136982262134552
0.19487176835536957
0.09713231027126312
0.23049384355545044
0.08708061277866364
0.16320869326591492
0.22649168968200684
0.22475019097328186
0.1255740374326706
0.2314760684967041
0.32841283082962036
0.3463888168334961
0.09008897840976715
0.06623730063438416
0.04486033320426941
0.11735749244689941
0.4287675619125366
0.3144148588180542
0.09290145337581635
0.28557977080345154
0.1930893212556839
0.1545291692018509
0.03817109763622284
0.7223257422447205
0.3393595218658447
0.0531969889998436
0.14800170063972473
0.19782264530658722
0.0770614892244339
0.10605482012033463
0.03983698785305023
0.07321818917989731
0.12924832105636597
0.18103303015232086
0.08114079385995865
0.24650242924690247
0.15737099945545197
0.06686051934957504
0.05141059309244156
0.04534772038459778
0.3803284764289856
0.07910416275262833
0.23656585812568665
0.07750383764505386
0.49039170145988464
0.5965011119842529
0.06194673478603363
0.16742677986621857
0.1489238440990448
0.09297347068786621
0.03650893643498421
0.11497681587934494
0.06262607127428055
0.2910940647125244
0.07940242439508438
0.5470597743988037
0.1308869570493698
0.5849177241325378
0.45923474431037903
0.11109136790037155
0.1706368327140808
0.0851074606180191
0.03244733065366745
0.05497941002249718
0.038909539580345154
0.20154310762882233
0.06860020011663437
0.1676551103591919
0.34613052010536194
0.122528076171875
0.14755593240261078
0.24677661061286926
0.08837790042161942
0.05086585506796837
0.07189898192882538
0.23471947014331818
0.0949314758181572
0.6201352477073669
0.062110740691423416
0.1091054379940033
0.045537978410720825
0.07771066576242447
0.02463512308895588
0.06675443798303604
0.11574799567461014
0.5286799669265747
0.8188531994819641
0.06572679430246353
0.06693465262651443
0.051233142614364624
0.0656263455748558
0.07580090314149857
0.030946165323257446
0.09591390192508698
0.1252928376197815
0.04127058759331703
0.452121376991272
0.17047107219696045
0.12899796664714813
0.03861009329557419
0.13242025673389435
0.08792202174663544
0.07783148437738419
0.08494827151298523
0.029713261872529984
0.07499314099550247
0.07126336544752121
0.021641338244080544
0.15006554126739502
0.15701431035995483
0.04858909174799919
0.08368394523859024
0.05054767057299614
0.2124299257993698
0.0628233551979065
0.18556205928325653
0.2307446449995041
0.026697976514697075
0.06544225662946701
0.050536300987005234
0.060878098011016846
0.04272342100739479
0.1155620813369751
0.19736891984939575
0.11346269398927689
0.2264937460422516
0.15400683879852295
0.03466913476586342
0.09740984439849854
0.09696736931800842
0.057065416127443314
0.036528002470731735
0.08041936159133911
0.17210404574871063
0.15320497751235962
0.2793445587158203
0.041237425059080124
0.3951965868473053
0.10580219328403473
0.13421903550624847
0.08707009255886078
0.07168302685022354
0.052213333547115326
0.3166733682155609
0.12619860470294952
0.232476606965065
0.06293172389268875
0.045697178691625595
0.0671064555644989
0.10007324814796448
0.5272424221038818
0.12264209985733032
0.34756040573120117
0.26340252161026
0.13683642446994781
0.07456320524215698
0.19431345164775848
0.1484740972518921
0.05949119105935097
0.13035450875759125
0.2525356411933899
0.057272769510746
0.0327417217195034
0.04140959680080414
0.15144279599189758
0.04811966419219971
0.10757553577423096
0.29552799463272095
0.013548151589930058
0.07438889145851135
0.02785642072558403
0.11369926482439041
0.12963634729385376
0.4787065386772156
0.05348987132310867
0.06031307205557823
0.4351230263710022
0.37371912598609924
0.07638733088970184
0.03070356324315071
0.07367845624685287
0.1581573486328125
0.4179532527923584
0.1271846890449524
0.13795731961727142
0.16610364615917206
0.11779919266700745
0.26113513112068176
0.6696765422821045
0.06047655642032623
0.06500881910324097
0.11340931057929993
0.19562023878097534
0.1752924770116806
0.14687740802764893
0.2552298903465271
0.12460126727819443
0.0895327478647232
0.043503887951374054
0.220545694231987
0.11140812933444977
0.11502062529325485
0.028847014531493187
0.5902389287948608
0.4302435517311096
0.17572331428527832
0.24813330173492432
0.2669636607170105
0.0329391211271286
0.23249171674251556
0.2035757303237915
0.06999465078115463
0.12552817165851593
0.05454178899526596
0.12160845845937729
0.17280063033103943
0.4206220209598541
0.21405340731143951
0.23892101645469666
0.057150498032569885
0.14154276251792908
0.08795662969350815
0.10103604197502136
0.09985577315092087
0.11137896776199341
0.11510177701711655
0.046755362302064896
0.15437333285808563
0.05226634442806244
0.06423340737819672
0.09012619405984879
0.09590915590524673
0.05264271795749664
0.10164041072130203
0.3123443126678467
0.014190408401191235
0.057374633848667145
0.06557562947273254
0.09014516323804855
0.0322931706905365
0.05289081111550331
0.051747605204582214
0.08010537922382355
0.19441130757331848
0.12760265171527863
0.1049978956580162
0.27238866686820984
0.054237816482782364
0.1540442407131195
0.04274524375796318
0.06224137917160988
0.059250108897686005
0.26566287875175476
0.10268256813287735
0.07058227807283401
0.06564146280288696
0.04414263740181923
0.11181891709566116
0.2567157745361328
0.047540850937366486
0.04307616502046585
0.0711464062333107
0.03791135922074318
0.24910594522953033
0.10225135087966919
0.15164771676063538
0.1523248702287674
0.0715903639793396
0.4704185426235199
0.08672460913658142
0.014830145053565502
0.08778060227632523
0.052123021334409714
0.41157397627830505
0.030277708545327187
0.03325359523296356
0.0506814680993557
0.06326093524694443
0.14138290286064148
0.24623891711235046
0.12029678374528885
0.04094419255852699
0.11324416100978851
0.05213099718093872
0.3744502067565918
0.47041669487953186
0.07194745540618896
0.19075843691825867
0.04336350038647652
0.08731850236654282
0.06616759300231934
1.03508460521698
0.046072278171777725
0.07153288275003433
0.06415623426437378
0.1551971435546875
0.47420746088027954
0.021772805601358414
0.0337907038629055
0.1363227218389511
0.4378484785556793
0.045203447341918945
0.1305357813835144
0.17709439992904663
0.01990620046854019
0.0293117668479681
0.04960991069674492
0.21146893501281738
0.13058927655220032
0.6722462773323059
0.05908488482236862
0.17320124804973602
0.0770377442240715
0.12628301978111267
0.4879116117954254
0.04665031284093857
0.10308913141489029
0.13923420011997223
0.03571564704179764
0.0946747288107872
0.27738720178604126
0.17293353378772736
0.07322826236486435
0.11087266355752945
0.056578025221824646
0.06546099483966827
0.03159802034497261
0.2772360146045685
0.04750373587012291
0.07687060534954071
0.11517667025327682
0.11525202542543411
0.1866724193096161
0.5278615355491638
0.20310069620609283
0.13352832198143005
0.09400302916765213
0.09564702212810516
0.05582381412386894
0.4872995913028717
0.09090857952833176
0.2973569333553314
0.023199284449219704
0.11915871500968933
0.0413367860019207
0.038063813000917435
0.05017825588583946
0.03047918900847435
0.13164591789245605
0.05652938038110733
0.251825213432312
0.13530729711055756
0.05103294551372528
0.11678803712129593
0.2504579424858093
0.05244610458612442
0.06353329867124557
0.11278825253248215
0.08249424397945404
0.05419748276472092
0.08329088240861893
0.11819110065698624
0.03195130079984665
0.07407642900943756
0.03898673877120018
0.1699499785900116
0.2984820604324341
0.5823920965194702
0.0954425036907196
0.0421779528260231
0.467491090297699
0.1532820165157318
0.7249164581298828
0.3383122384548187
0.12418349087238312
0.09616128355264664
0.25752493739128113
0.2534085512161255
0.15789663791656494
0.17715467512607574
0.15121816098690033
0.11063974350690842
0.07014131546020508
0.17823955416679382
0.16490156948566437
0.032866932451725006
0.037987932562828064
0.09620754420757294
0.2555140256881714
0.08338051289319992
0.04232329875230789
0.07518837600946426
0.07750574499368668
0.05009718984365463
0.056332848966121674
0.05049574002623558
0.22890783846378326
0.24826322495937347
0.036467693746089935
0.16368505358695984
0.10456810891628265
0.06380659341812134
0.04504319280385971
0.07200611382722855
0.04893496260046959
0.06404174864292145
0.1627858728170395
0.1435498744249344
0.3062983453273773
0.15141893923282623
0.04821023344993591
0.4316042959690094
0.03839815407991409
0.10219576209783554
0.37264764308929443
0.07672396302223206
0.07448850572109222
0.06373593956232071
0.08239404112100601
0.18462704122066498
0.41982361674308777
0.19564610719680786
0.1388753354549408
0.16604676842689514
0.1080235093832016
0.13304011523723602
0.04886382445693016
0.18810810148715973
0.19065015017986298
0.2821088135242462
0.04375223442912102
0.08037199825048447
0.09910006076097488
0.10992143303155899
0.0924135372042656
0.16135479509830475
0.18367570638656616
0.4637797772884369
0.1503562480211258
0.5030935406684875
0.20380434393882751
0.528525173664093
0.12212729454040527
0.13814379274845123
0.48188793659210205
0.7217801213264465
0.12274262309074402
0.1514561027288437
0.1385621279478073
0.15522316098213196
0.12647630274295807
0.042775098234415054
0.10882869362831116
0.026002187281847
0.11020590364933014
0.03187420219182968
0.0970941111445427
0.1320270299911499
0.2418239265680313
0.021152101457118988
0.3857039511203766
0.25139033794403076
0.5160298943519592
0.33306872844696045
0.09060385078191757
0.08316017687320709
0.10423849523067474
0.06457240134477615
0.05203346908092499
0.24157877266407013
0.0819336473941803
0.12205666303634644
0.3246423304080963
0.1640562266111374
0.08001700043678284
0.13712798058986664
0.1412852704524994
0.058751072734594345
0.05358079820871353
0.16007396578788757
0.17055311799049377
0.09754336625337601
0.23493808507919312
0.05309867858886719
0.09198636561632156
0.11166795343160629
0.09366310387849808
0.013069799169898033
0.11267197132110596
0.02709086239337921
0.22113309800624847
0.34740889072418213
0.02601446397602558
0.42483022809028625
0.22340638935565948
0.05506976321339607
0.03628172352910042
0.2166871577501297
0.15755930542945862
0.31855544447898865
0.6285886764526367
0.12611714005470276
0.06855195760726929
0.29784131050109863
0.6607118844985962
0.49218884110450745
0.1368536353111267
0.29659339785575867
0.22215023636817932
0.5052027106285095
0.1055135577917099
0.08668439835309982
0.0648270770907402
0.1335536390542984
0.1510791778564453
0.20556893944740295
0.05753195658326149
0.10299979150295258
0.10566125065088272
0.4374173581600189
0.03110041469335556
0.03456570580601692
0.024073526263237
0.04543803259730339
0.055754318833351135
0.18583275377750397
0.06689008325338364
0.7994540929794312
0.07041994482278824
0.0589933805167675
0.043076567351818085
0.13683083653450012
0.1614035665988922
0.04659455269575119
0.2776295244693756
0.09669920802116394
0.09604185819625854
0.06549784541130066
0.4224645793437958
0.0644347295165062
0.10220968723297119
0.1129133403301239
0.07127317041158676
0.07231539487838745
0.07375577092170715
0.0824914276599884
0.02037174254655838
0.23202110826969147
0.24667416512966156
0.09785158187150955
0.15221306681632996
0.05228051543235779
0.0379859134554863
0.0801721066236496
0.10785624384880066
0.2374461144208908
0.06868568062782288
0.05214497447013855
0.02426094003021717
0.3524811565876007
0.17232488095760345
0.11277629435062408
0.06729072332382202
0.04143189638853073
0.06586429476737976
0.14333365857601166
0.24010218679904938
0.03415748104453087
0.037842754274606705
0.050316888839006424
0.2626306116580963
0.024763956665992737
0.0424618273973465
0.05829966813325882
0.06141749769449234
0.306449294090271
0.5208677649497986
0.06266137212514877
0.1939556896686554
0.2429245114326477
0.44191113114356995
0.061177026480436325
0.023881157860159874
0.11401786655187607
0.06208763271570206
0.037261027842760086
0.0694454163312912
0.2993771433830261
0.02588646486401558
0.09667351841926575
0.10730966180562973
0.1372491717338562
0.4469175636768341
0.08125974237918854
0.12105927616357803
0.371017724275589
0.06898295134305954
0.11120038479566574
0.05954551696777344
0.08311738818883896
0.09918063879013062
0.13416679203510284
0.759802520275116
0.19334925711154938
0.0431460440158844
0.07722149044275284
0.4922393560409546
0.3977680802345276
0.09344971925020218
0.30234092473983765
0.11212839186191559
0.1111789122223854
0.08915790170431137
0.11216779798269272
0.049763571470975876
0.03785986080765724
0.05419110134243965
0.4850565195083618
0.05924776569008827
0.029689354822039604
0.23160001635551453
0.03708494082093239
0.15708313882350922
0.6921967267990112
0.04727999493479729
0.17972680926322937
0.02704749070107937
0.28611019253730774
0.1354372501373291
0.2042914777994156
0.4682544767856598
0.13143609464168549
0.23833349347114563
0.09872536361217499
0.2560698688030243
0.10269276797771454
0.2070801705121994
0.2820858359336853
0.17856593430042267
0.14734047651290894
0.17024919390678406
0.14719271659851074
0.12028402835130692
0.04321619123220444
0.026864800602197647
0.10766904056072235
0.12093984335660934
0.026063261553645134
0.10252209007740021
0.14193271100521088
0.16805531084537506
0.01541655883193016
0.07696687430143356
0.034670811146497726
0.021719813346862793
0.13074839115142822
0.01960555836558342
0.047293808311223984
0.03967544063925743
0.08402863889932632
0.651164710521698
0.09704560041427612
0.1291496604681015
0.05488228052854538
0.7309954762458801
0.08808393031358719
0.041936829686164856
0.17635130882263184
0.14814990758895874
0.4247099459171295
0.10262572020292282
0.13528579473495483
0.15435874462127686
0.4149613082408905
0.10097936540842056
0.14170053601264954
0.10590986162424088
0.15226760506629944
0.13465990126132965
0.07402275502681732
0.07902038097381592
0.05267270281910896
0.16274528205394745
0.028680583462119102
0.14057444036006927
0.03357871249318123
0.04026671126484871
0.31674832105636597
0.14694169163703918
0.03818848729133606
0.5712034106254578
0.16556692123413086
0.43772557377815247
0.26641687750816345
0.03349112346768379
0.7129250764846802
0.266605019569397
0.11569374799728394
0.4442002773284912
0.043453048914670944
0.4760185480117798
0.061532847583293915
0.5706318616867065
0.0825948566198349
0.3458901643753052
0.05307382717728615
0.17878085374832153
0.1373864710330963
0.21144381165504456
0.1306696981191635
0.037738680839538574
0.06473109126091003
0.042252007871866226
0.05807029455900192
0.09686017781496048
0.04361480101943016
0.045847829431295395
0.018210917711257935
0.05189235135912895
0.03640998899936676
0.036752622574567795
0.03782698139548302
1.029592514038086
0.3890848755836487
0.09139807522296906
0.23851121962070465
0.056001048535108566
0.03272989019751549
0.6525521278381348
0.22455787658691406
0.3142397701740265
0.062176499515771866
0.08314351737499237
0.1601850837469101
0.0900297462940216
0.17024989426136017
0.14727360010147095
0.07191111892461777
0.21712753176689148
0.08554225414991379
0.11950124055147171
0.07976453751325607
0.02314640022814274
0.36484700441360474
0.2098262906074524
0.08552804589271545
0.4188314378261566
0.047209732234478
0.061849627643823624
0.049759168177843094
0.6766960024833679
0.058474499732255936
0.6566266417503357
0.03986353427171707
0.20778554677963257
0.2193443328142166
0.07730911672115326
0.18476103246212006
0.10369647294282913
0.11930239945650101
0.18147991597652435
0.11389145255088806
0.1552344560623169
0.11285950988531113
0.14113737642765045
0.08431009203195572
0.24395522475242615
0.11439139395952225
0.03839511796832085
0.057548776268959045
0.24122489988803864
0.019654406234622
0.18443535268306732
0.5035006999969482
0.041445571929216385
0.13284702599048615
0.02582501992583275
0.038010045886039734
0.1893802136182785
0.03606192395091057
0.07616917788982391
0.433883398771286
0.04464561492204666
0.11846446245908737
0.05115094035863876
0.17642489075660706
0.06625066697597504
0.3114432096481323
0.027232378721237183
0.09974661469459534
0.1575244814157486
0.4609094560146332
0.09810571372509003
0.06603841483592987
0.12390167266130447
0.12140384316444397
0.1406284123659134
0.05368867143988609
0.03690115362405777
0.33076655864715576
0.5110042095184326
0.06661295145750046
0.12708696722984314
0.2085137665271759
0.04886500909924507
0.08935076743364334
0.052259042859077454
0.0816398411989212
0.03498776629567146
0.1892293095588684
0.3446976840496063
0.09444857388734818
0.05923056602478027
0.034102391451597214
0.0992908850312233
0.04868263006210327
0.09321059286594391
0.029576396569609642
0.021029870957136154
0.06761793047189713
0.07175323367118835
0.09169097989797592
0.23359112441539764
0.029699217528104782
0.04120958596467972
0.17917348444461823
0.17335295677185059
0.06505703181028366
0.10686862468719482
0.14070641994476318
0.10893138498067856
0.2394578605890274
0.0325908325612545
0.3060450255870819
0.38805949687957764
0.11078248172998428
0.22338367998600006
0.06189039722084999
0.0739956945180893
0.06926761567592621
0.1331125646829605
0.14959704875946045
0.09096222370862961
0.1905890554189682
0.09881019592285156
0.0471799410879612
0.22238358855247498
0.37496858835220337
0.07779070734977722
0.10408915579319
0.12476188689470291
0.04170357063412666
0.3089340925216675
0.0722232535481453
0.11985353380441666
0.20776107907295227
0.39505332708358765
0.6185609102249146
0.6670936942100525
0.037467893213033676
0.045496731996536255
1.2553200721740723
0.042442094534635544
0.05150509998202324
0.10684850811958313
0.0723310261964798
0.7050670981407166
0.5432855486869812
0.19685877859592438
0.29256367683410645
0.37187322974205017
0.23975726962089539
0.06183986738324165
0.11374955624341965
0.09932716935873032
0.05417404696345329
0.14380598068237305
0.03678955137729645
0.07023759186267853
0.3349607288837433
0.12764550745487213
0.09745118021965027
0.03107253648340702
0.025781480595469475
0.12345215678215027
0.10445351153612137
0.021999312564730644
0.0452469177544117
0.359268456697464
0.024342965334653854
0.495545893907547
0.48825234174728394
0.15026052296161652
0.2601812481880188
0.08446954190731049
0.08421599864959717
0.8856788873672485
0.11628497391939163
0.14216576516628265
0.38607749342918396
0.12706731259822845
0.3882704973220825
0.09928185492753983
0.10258189588785172
0.3648534119129181
0.06984847784042358
0.12446665018796921
0.31812652945518494
0.13552765548229218
0.37130171060562134
0.14852401614189148
0.12335658818483353
0.16933278739452362
0.8206773996353149
0.39732247591018677
0.14716742932796478
0.14624394476413727
0.21540798246860504
0.16833247244358063
0.23089256882667542
0.2534191310405731
0.05494517832994461
0.06439593434333801
0.10280410945415497
0.08279793709516525
0.29574647545814514
0.19394293427467346
0.047780003398656845
0.3519366979598999
0.14315445721149445
0.11625219136476517
0.027510229498147964
0.04005514457821846
0.6740092635154724
0.16100217401981354
0.09219811856746674
0.20415621995925903
0.1298060417175293
0.11773857474327087
0.28049805760383606
0.14888598024845123
0.16279877722263336
0.5353280305862427
0.05649009346961975
0.08356380462646484
0.15717364847660065
0.38198980689048767
0.3705102801322937
0.1259588897228241
0.1511598378419876
0.0889091044664383
0.6047903299331665
0.1274975836277008
0.06381867825984955
0.05577312409877777
0.7484339475631714
0.07097648084163666
0.13603000342845917
0.25344178080558777
0.03923936188220978
0.07432281970977783
0.10795050114393234
0.058603234589099884
0.11687380075454712
0.06703945994377136
0.06972746551036835
0.0517427958548069
0.16693122684955597
0.16069693863391876
0.20486798882484436
0.23511645197868347
0.28642627596855164
0.06064791604876518
0.05545608326792717
0.15445668995380402
0.2204621285200119
0.2171470820903778
0.03923821076750755
0.03826788812875748
0.3244015872478485
0.14920763671398163
0.5446521043777466
0.6115193367004395
0.03543180599808693
0.20119820535182953
0.037411537021398544
0.07276136428117752
0.08718430995941162
0.029476726427674294
0.18136537075042725
0.04472804442048073
0.10958808660507202
0.16207759082317352
0.08375951647758484
0.08188534528017044
0.06348715722560883
1.0660486221313477
0.2161962389945984
0.21857191622257233
0.08646848052740097
0.14458134770393372
0.12539269030094147
0.5266969799995422
0.43537673354148865
0.6134321689605713
0.18482524156570435
0.15234488248825073
0.46437811851501465
0.27822643518447876
0.15687249600887299
0.13536205887794495
0.06335359066724777
0.14919643104076385
0.1473875641822815
0.3058207631111145
0.1626541167497635
0.028744682669639587
0.036235079169273376
0.04163731262087822
0.025092199444770813
0.07889161258935928
0.14497874677181244
0.35487890243530273
0.07911893725395203
0.4669186472892761
0.5607402324676514
0.06683120876550674
0.2208525538444519
0.036989763379096985
0.09230868518352509
0.05374716594815254
0.27779343724250793
0.10513761639595032
0.058223508298397064
0.08131898939609528
0.1335919201374054
0.1481064110994339
0.17903241515159607
0.12283506989479065
0.6257820129394531
0.08394194394350052
0.3892461657524109
0.07858473807573318
0.03154792636632919
0.06435129791498184
0.07559894770383835
0.15700113773345947
0.058154795318841934
0.061877891421318054
0.21742142736911774
0.06627586483955383
0.11021402478218079
0.17043624818325043
0.10715923458337784
0.09286202490329742
0.11370761692523956
0.13482551276683807
0.08814861625432968
0.11251038312911987
0.17193642258644104
0.11640743166208267
0.12253771722316742
0.052511606365442276
0.09563712775707245
0.13804060220718384
0.05504288151860237
0.08005963265895844
0.15341317653656006
0.03464653715491295
0.16122977435588837
0.11483847349882126
0.04165351763367653
0.30253949761390686
0.6458789110183716
0.10467294603586197
0.08457725495100021
0.09312574565410614
0.31550323963165283
0.06936468183994293
0.09392664581537247
0.30185940861701965
0.11767248064279556
0.09233716875314713
0.10697012394666672
0.07170019298791885
0.23180028796195984
0.0604325607419014
0.07015720754861832
0.0630796030163765
0.2024274468421936
0.1651431769132614
0.033240702003240585
0.08651544153690338
0.15039826929569244
0.045471660792827606
0.04278751462697983
0.25983789563179016
0.08275232464075089
0.024164043366909027
0.4351029694080353
0.01861661672592163
0.03573036566376686
0.12627272307872772
0.019325396046042442
0.17029795050621033
0.032574962824583054
0.03686715289950371
0.0766352117061615
0.42245516180992126
0.21777020394802094
0.14458709955215454
0.08473099768161774
0.13673581182956696
0.06474586576223373
0.10142519325017929
0.29053547978401184
0.2689637541770935
0.07254961878061295
0.4778764545917511
0.030603433027863503
0.08916479349136353
0.334660142660141
0.5978723764419556
0.06770244985818863
0.07336872071027756
0.22408458590507507
0.2968882620334625
0.23378659784793854
0.060874778777360916
0.2043062150478363
0.03574888035655022
0.2460537850856781
0.4520780146121979
0.41577380895614624
0.19256466627120972
0.5587720274925232
0.14196540415287018
0.06983617693185806
0.05501195043325424
0.09346712380647659
0.12110033631324768
0.1970418095588684
0.03177506476640701
0.07204248756170273
0.06161811947822571
0.034656111150979996
0.2886994481086731
0.5058917999267578
0.037515509873628616
0.052072666585445404
0.034561458975076675
0.11420939862728119
0.21412213146686554
0.16248942911624908
0.12743088603019714
0.21047408878803253
0.023877190425992012
0.7592171430587769
0.047480322420597076
0.1909307837486267
0.15813900530338287
0.08205249905586243
0.03650012984871864
0.03195417299866676
0.4010251462459564
0.36473652720451355
0.04391574487090111
0.2663131654262543
0.021431507542729378
0.26248106360435486
0.0584530383348465
0.09924568980932236
0.054122019559144974
0.020000314339995384
0.05126889422535896
0.19956518709659576
0.09432175755500793
0.40426772832870483
0.0962512269616127
0.26899316906929016
0.16736692190170288
0.12289219349622726
0.056221555918455124
0.09952840954065323
0.3015649616718292
0.17963474988937378
0.06793545931577682
0.07965774834156036
0.04442168399691582
0.20003746449947357
0.14105680584907532
0.12682978808879852
0.040555424988269806
0.052833136171102524
0.08041780441999435
0.4222887456417084
0.1392570286989212
0.2872709035873413
0.08262407779693604
0.6509836912155151
0.21856991946697235
0.031242089346051216
0.1877075582742691
0.17579470574855804
0.4012020230293274
0.046621713787317276
0.11507713049650192
0.08806842565536499
0.08083716034889221
0.07403066009283066
0.5256167054176331
0.06952021270990372
0.1538669615983963
0.17742522060871124
0.10280052572488785
0.09092574566602707
0.25443369150161743
0.06868564337491989
0.031141813844442368
0.06826438754796982
0.10134077817201614
0.05547590181231499
0.10119560360908508
0.04033111035823822
0.08655533194541931
0.04831665754318237
0.07361121475696564
0.16027101874351501
0.03089006245136261
0.5691099166870117
0.034868549555540085
0.03594750910997391
0.11217065155506134
0.06168055161833763
0.7142907977104187
0.07274100184440613
0.03824320435523987
0.09058459103107452
0.07665550708770752
0.07913793623447418
0.18027617037296295
0.24380716681480408
0.1574670374393463
0.5863995552062988
0.20271998643875122
0.05085599422454834
0.10105843096971512
0.10036484152078629
0.6994291543960571
0.2125730961561203
0.24075177311897278
0.057062335312366486
0.14327502250671387
0.08945400267839432
0.03307809680700302
0.0626109391450882
0.0918731763958931
0.2906950116157532
0.08891118317842484
0.12077102065086365
0.2019740790128708
0.035952500998973846
0.05233398452401161
0.12126735597848892
0.5310577750205994
0.041804999113082886
0.10534186661243439
0.7281895279884338
0.036337729543447495
0.03430141508579254
0.0599515438079834
0.21710488200187683
0.1933085173368454
0.10078079253435135
0.06326393038034439
0.15742696821689606
0.14716854691505432
0.1225505843758583
0.10339130461215973
0.07521418482065201
0.199667826294899
0.0352146290242672
0.13670390844345093
0.18354900181293488
0.07419396191835403
0.0517793744802475
0.027975555509328842
0.07927127927541733
0.0754612609744072
0.06003618612885475
0.04397363215684891
0.10965918004512787
0.077687107026577
0.453083336353302
0.049851126968860626
0.5974376797676086
0.02743316814303398
0.026368774473667145
0.037657588720321655
0.025257883593440056
0.22717981040477753
0.06388437002897263
0.06619997322559357
0.07584169507026672
0.07391104847192764
0.07573191821575165
0.055217038840055466
0.030794963240623474
0.03377881273627281
0.04424414038658142
0.22995492815971375
0.1793459951877594
0.13164231181144714
0.04146573692560196
0.29717859625816345
0.11636043339967728
0.03380104899406433
0.05088365450501442
0.09441176801919937
0.2655937075614929
0.11293087899684906
0.1685362011194229
0.07000838220119476
0.11507993191480637
0.4884175658226013
0.11541784554719925
0.09635911881923676
0.21024613082408905
0.05817471817135811
0.3365094065666199
0.19816076755523682
0.2147708386182785
0.25486278533935547
0.3716495931148529
0.21874262392520905
0.14016495645046234
0.07815093547105789
0.08230274170637131
0.11927147954702377
0.11841613799333572
0.0781390443444252
0.035841550678014755
0.015877317637205124
0.07121583074331284
0.03690660372376442
0.08516791462898254
0.09599973261356354
0.06268952786922455
0.08524272590875626
0.11556265503168106
0.844854474067688
0.06730949133634567
0.2594078481197357
0.04248332232236862
0.1751624047756195
0.05740612745285034
0.0894683375954628
0.33214178681373596
0.036961399018764496
0.13126824796199799
0.16768035292625427
0.49863201379776
0.17440640926361084
0.05221661925315857
0.09063734859228134
0.3656875789165497
0.31164616346359253
0.12953023612499237
0.14542339742183685
0.1489441841840744
0.17523585259914398
0.17475922405719757
0.703237771987915
0.0740014985203743
0.31913596391677856
0.0706770047545433
0.03637998551130295
0.24413993954658508
0.12705016136169434
0.34332916140556335
0.10384897142648697
0.39650818705558777
0.10456173866987228
0.2554437816143036
0.09538732469081879
0.050852008163928986
0.07124347239732742
0.07730741053819656
0.07856477051973343
0.08297204971313477
0.0723906084895134
0.1812014877796173
0.0355704203248024
0.42569980025291443
0.08928697556257248
0.0930425375699997
0.3542174696922302
0.057312097400426865
0.08241602033376694
0.38674837350845337
0.10083621740341187
0.10091903060674667
0.07810414582490921
0.1301661878824234
0.2597580552101135
0.061902739107608795
0.04451527073979378
0.0730159804224968
0.034659240394830704
0.0587095208466053
0.01528654433786869
0.1937553435564041
0.0477650985121727
0.03231433033943176
0.17762000858783722
0.09306451678276062
0.20160825550556183
0.2553785443305969
0.2016780972480774
0.5122495293617249
0.12575910985469818
0.16251131892204285
0.026609312742948532
0.14639176428318024
0.16008806228637695
0.06589007377624512
0.0847335159778595
0.06527043879032135
0.11089237779378891
0.09025207906961441
0.05725008249282837
0.6490918397903442
0.025909215211868286
0.17084193229675293
0.049562834203243256
0.07450848072767258
0.0680120438337326
0.1644657403230667
0.0672793835401535
0.050739824771881104
0.10953342169523239
0.15985438227653503
0.19906805455684662
0.030669603496789932
0.05535908043384552
0.08277907967567444
0.2797091603279114
0.050311118364334106
0.053045205771923065
0.03470723330974579
0.03371480852365494
0.2966662645339966
0.3002347946166992
0.5530112981796265
0.04130713269114494
0.07687194645404816
0.83332359790802
0.12038217484951019
0.30896320939064026
0.05755378305912018
0.7117412090301514
0.5121077299118042
0.17241717875003815
0.2448766529560089
0.15676502883434296
0.1673455536365509
0.1012873500585556
0.19129501283168793
0.1631024330854416
0.18270157277584076
0.13697752356529236
0.18144835531711578
0.15193341672420502
0.1033853143453598
0.056972257792949677
0.031539782881736755
0.02187180705368519
0.4709949195384979
0.06584417819976807
0.3597986698150635
0.15494295954704285
0.02466658316552639
0.08635067194700241
0.14908653497695923
0.36268389225006104
0.11023533344268799
0.13830727338790894
0.04573245346546173
0.08100561052560806
0.16301336884498596
0.047048307955265045
0.04574118182063103
0.020285403355956078
0.1393449604511261
0.12932981550693512
0.03867189213633537
0.17402435839176178
0.21169467270374298
0.05597653612494469
0.15233106911182404
0.1318116933107376
0.05371076986193657
0.049097806215286255
0.423663854598999
0.050088848918676376
0.0686623603105545
0.2554185688495636
0.2268674224615097
0.025158913806080818
0.09632623195648193
0.07042941451072693
0.06319094449281693
0.031669288873672485
0.10797767341136932
0.13075602054595947
0.2554715573787689
0.28824111819267273
0.7087327241897583
0.11301380395889282
0.04814451187849045
0.05591684579849243
0.03719048202037811
0.2843221127986908
0.09719877690076828
0.050788719207048416
0.12307263165712357
0.07056557387113571
0.12104881554841995
0.03144105151295662
0.24167586863040924
0.2318979650735855
0.051351018249988556
0.050996892154216766
0.0346224345266819
0.1904921531677246
0.11071845144033432
0.6659963726997375
1.018714189529419
0.1961187869310379
0.11227419227361679
0.07338862121105194
0.045513685792684555
0.18743836879730225
0.16894100606441498
0.12420043349266052
0.12334960699081421
0.1537466198205948
0.22184428572654724
0.1638941913843155
0.16122058033943176
0.10881362110376358
0.07764673978090286
0.12631100416183472
0.06736637651920319
0.09989187121391296
0.2739829421043396
0.046043358743190765
0.08771511912345886
0.0374905988574028
0.031774017959833145
0.39074966311454773
0.04251923784613609
0.054674480110406876
0.018904821947216988
0.17472468316555023
0.6135042905807495
0.11361508816480637
0.19657091796398163
0.0318051278591156
0.17092552781105042
0.5227972269058228
0.466156542301178
0.04273822531104088
0.20469217002391815
0.5808219909667969
0.3562520444393158
0.13408398628234863
0.10293640196323395
0.10202251374721527
0.14850834012031555
0.2954103946685791
0.35744044184684753
0.1658826321363449
0.08827976137399673
0.26304003596305847
0.17559587955474854
0.09228123724460602
0.06150153651833534
0.08501870185136795
0.03249587491154671
0.016729846596717834
0.04532427713274956
0.13369280099868774
0.04663467779755592
0.7711045145988464
0.30415046215057373
0.057182684540748596
0.0764002725481987
0.2374855875968933
0.19616791605949402
0.29747527837753296
0.30461233854293823
0.04426431655883789
0.3915776312351227
0.12458595633506775
0.08639198541641235
0.07898236066102982
0.12142566591501236
0.1123124212026596
0.16737404465675354
0.11654558032751083
0.08095789700746536
0.12238753587007523
0.03121279552578926
0.04596269503235817
0.050145335495471954
0.058590855449438095
0.0893198549747467
0.06521765142679214
0.046608585864305496
0.26539966464042664
0.06104842200875282
0.05725948512554169
0.05574389547109604
0.05465691536664963
0.03513842821121216
0.024800768122076988
0.04106132313609123
0.04012949764728546
0.14131587743759155
0.07333911210298538
0.032049115747213364
0.27760186791419983
0.3748036026954651
0.05041055008769035
0.08790913224220276
0.4700009226799011
0.054995615035295486
0.06348183751106262
0.07804941385984421
0.1635788232088089
0.11118674278259277
0.06397347897291183
0.24527353048324585
0.05060814693570137
0.045603349804878235
0.052684586495161057
0.10402622818946838
0.10272558033466339
0.4163229465484619
0.07642888277769089
0.042177315801382065
0.22320790588855743
0.20942221581935883
0.13186916708946228
0.15021692216396332
0.15477097034454346
0.09326428920030594
0.12716779112815857
0.397784948348999
0.07077963650226593
0.09823136031627655
0.027302773669362068
0.06028362736105919
1.1714813709259033
0.4199151396751404
0.3261334002017975
0.05751476809382439
0.12907040119171143
0.054137639701366425
0.08989729732275009
0.17549316585063934
0.21666258573532104
0.0924111008644104
0.08618257939815521
0.09734579920768738
0.04137913137674332
0.10588039457798004
0.15898290276527405
0.5051048398017883
0.04529070854187012
0.06748998910188675
0.08726918697357178
0.1107599213719368
0.5586374998092651
0.0354824960231781
0.0832056850194931
0.05420955643057823
0.07591114938259125
0.040004290640354156
0.11512314528226852
0.07210510224103928
0.022282572463154793
0.02311764471232891
0.07672838121652603
0.08053577691316605
0.049137383699417114
0.11262499541044235
0.18840694427490234
0.1453830748796463
0.056918878108263016
0.09933112561702728
0.23241405189037323
0.03917309641838074
0.015766097232699394
0.026275549083948135
0.23076581954956055
0.07066061347723007
0.06397756189107895
0.2747189998626709
0.22440792620182037
0.03524350747466087
0.02824026346206665
0.1074126809835434
0.46468812227249146
0.2933371067047119
0.11045929789543152
0.08255670964717865
0.14978593587875366
0.053324632346630096
0.07805576920509338
0.1124955266714096
0.14439518749713898
0.07363913953304291
0.06681391596794128
0.056874338537454605
0.031933609396219254
0.030055413022637367
0.04166071489453316
0.542522132396698
0.04131506755948067
0.16621820628643036
0.19543913006782532
0.04200828820466995
0.10452031344175339
0.26988884806632996
0.06390278041362762
0.13723954558372498
0.021343206986784935
0.048840902745723724
0.05111286789178848
0.5387085676193237
0.2123747020959854
0.06535466015338898
0.0668102279305458
0.061240941286087036
0.04943353310227394
0.14965565502643585
0.18542715907096863
0.1595127433538437
0.017448799684643745
0.08175227791070938
0.0445156991481781
0.05537150800228119
0.036184005439281464
0.3114151954650879
0.08295905590057373
0.7130826115608215
0.40824806690216064
0.05553534999489784
0.6504706740379333
0.3078193664550781
0.07550126314163208
0.09251425415277481
0.20216646790504456
0.7184136509895325
0.12707477807998657
0.12671132385730743
0.18228007853031158
0.14638705551624298
0.13882280886173248
0.2875432074069977
0.06488820910453796
0.10168339312076569
0.06150899454951286
0.057472728192806244
0.03945285454392433
0.49434295296669006
0.08050580322742462
0.13437795639038086
0.18974217772483826
0.043706003576517105
0.017606278881430626
0.052680809050798416
0.08435577154159546
0.03708001598715782
0.025797775015234947
0.15195849537849426
0.1514839082956314
0.04538225010037422
0.029624108225107193
0.07698049396276474
0.04243641719222069
0.14217418432235718
0.994231104850769
0.0421498604118824
0.08542730659246445
0.031062152236700058
0.07765276730060577
0.07081039249897003
0.1635703146457672
0.25629380345344543
0.05025027319788933
0.1903882920742035
0.1429407149553299
0.040652815252542496
0.049090348184108734
0.14519836008548737
0.20599325001239777
0.09583161026239395
0.07183428853750229
0.04811215028166771
0.05904218554496765
0.0691712349653244
0.08063073456287384
0.23473992943763733
0.10920509696006775
0.049225933849811554
0.07099969685077667
0.4684155285358429
0.4359619915485382
0.05701686814427376
0.0736229345202446
0.14634299278259277
0.3957740068435669
0.0871443822979927
0.27792590856552124
0.13011300563812256
0.0813765823841095
0.06338944286108017
0.150695338845253
0.07804738730192184
0.15195155143737793
0.12680020928382874
0.08371557295322418
0.5691872835159302
0.08325649052858353
0.04042048752307892
0.15160053968429565
0.0693928673863411
0.3753115236759186
0.537815272808075
0.10891804099082947
0.06961879134178162
0.44627055525779724
0.16213074326515198
0.09508619457483292
0.048340748995542526
0.05603239685297012
0.1574532687664032
0.4157683849334717
0.04669733718037605
0.05247265473008156
0.2361869513988495
0.17448827624320984
0.15178465843200684
0.07093987613916397
0.0670911967754364
0.10978175699710846
0.2033209651708603
0.07259189337491989
0.040012478828430176
0.37205129861831665
0.11357320100069046
0.03800826147198677
0.09376009553670883
0.02267041616141796
0.35490912199020386
0.7572927474975586
0.45693308115005493
0.0787874162197113
0.1866069883108139
0.095819391310215
0.2756699025630951
0.11795558780431747
0.09747716784477234
0.06600376963615417
0.07291560620069504
0.04051411151885986
0.07481948286294937
0.05650647357106209
0.2334025353193283
0.09114360064268112
0.10315689444541931
0.13071772456169128
0.09170854091644287
0.025565767660737038
0.043708864599466324
0.1144188717007637
0.07397255301475525
0.16450975835323334
0.16263239085674286
0.11810486763715744
0.21095575392246246
0.03773754835128784
0.6183521747589111
0.07416850328445435
0.04477885365486145
0.04082649573683739
0.0782620832324028
0.11568751931190491
0.07245665043592453
0.43671467900276184
0.13874757289886475
0.359133243560791
0.1100567877292633
0.39833372831344604
0.133165642619133
0.06089075654745102
0.1935511976480484
0.05253227427601814
0.08202259242534637
0.2237069457769394
0.07656927406787872
0.09011992812156677
0.16327375173568726
0.39436691999435425
0.08248261362314224
0.19597378373146057
0.07249164581298828
0.12877042591571808
0.37928369641304016
0.44971707463264465
0.3050399422645569
0.09238772839307785
0.1660081148147583
0.15346568822860718
0.29244154691696167
0.028212320059537888
0.08746284246444702
0.1745564341545105
0.10055196285247803
0.03776448965072632
0.22291244566440582
0.044211022555828094
0.36479222774505615
0.05392304062843323
0.042366862297058105
0.06787774711847305
0.0680793970823288
0.09187430143356323
0.07703328877687454
0.16563354432582855
0.16900783777236938
0.7272247672080994
0.10452433675527573
0.04784134030342102
0.09371094405651093
0.030558904632925987
0.21832850575447083
0.09343859553337097
0.26153209805488586
0.040222592651844025
0.16587015986442566
0.10959528386592865
0.20524583756923676
0.11309675872325897
0.2804904580116272
0.25292617082595825
0.026654833927750587
0.16746312379837036
0.9802132844924927
0.05223934352397919
0.1390843689441681
0.5575558543205261
0.036309391260147095
0.12996453046798706
0.06350564956665039
0.20620721578598022
0.044474486261606216
0.05573321506381035
0.1828077882528305
0.12994927167892456
0.18906405568122864
0.11031497269868851
0.17707090079784393
0.14001315832138062
0.13397309184074402
0.07365143299102783
0.25536128878593445
0.27027812600135803
0.07246694713830948
0.18091166019439697
0.13011035323143005
0.45290112495422363
0.060046762228012085
0.10372709482908249
0.06782394647598267
0.09510057419538498
0.19108246266841888
0.16626672446727753
0.07507781684398651
0.1208593100309372
0.056351687759160995
0.03473958000540733
0.16590292751789093
0.058794036507606506
0.11279867589473724
0.037585899233818054
0.045182935893535614
0.20248930156230927
0.10649328678846359
0.06198492273688316
0.5215200781822205
0.6087437272071838
0.13691020011901855
0.27940452098846436
0.12723393738269806
0.07044945657253265
0.11841099709272385
0.08970946073532104
0.054659582674503326
0.28107503056526184
0.08165755122900009
0.06322657316923141
0.2085779458284378
0.061217281967401505
0.042379945516586304
0.15907897055149078
0.0475369393825531
0.12067615985870361
0.1471649408340454
0.16094572842121124
0.12355887144804001
0.05480516329407692
0.19047151505947113
0.03442681208252907
0.05116024240851402
0.10938914865255356
0.055246587842702866
0.02660316787660122
0.20627857744693756
0.10557182133197784
0.0751635953783989
0.18827418982982635
0.2632484436035156
0.280167818069458
0.36413338780403137
0.1854141652584076
0.08629696816205978
0.03385459631681442
0.5195881128311157
0.06463416665792465
0.12302213162183762
0.1570988893508911
0.14674553275108337
0.08939920365810394
0.18332865834236145
0.0700858011841774
0.3464682400226593
0.21108439564704895
0.597330629825592
0.05317617580294609
0.05966821312904358
0.03672286868095398
0.2062673717737198
0.1443200260400772
0.14383672177791595
0.08695271611213684
0.4887264668941498
0.03752788528800011
0.24827514588832855
0.2285616099834442
0.10080321133136749
0.03497498854994774
0.5320813059806824
0.5946599245071411
0.04628326743841171
0.057541366666555405
0.5941335558891296
0.1980612426996231
0.24445228278636932
0.16464059054851532
0.038151904940605164
0.5111023187637329
0.24706228077411652
0.21246469020843506
0.3706750273704529
0.15349796414375305
0.12614332139492035
0.3812806010246277
0.058932919055223465
0.1259785294532776
0.3080572783946991
0.05179273709654808
0.11128933727741241
0.1390528529882431
0.06629816442728043
0.4178963899612427
0.2187260389328003
1.3040926456451416
0.1777442842721939
0.0388176366686821
0.08877851068973541
0.44501161575317383
0.08098633587360382
0.12210928648710251
0.13018973171710968
0.050524722784757614
0.05608005076646805
0.046069223433732986
0.15775777399539948
0.0314188115298748
0.04158872738480568
0.04363689571619034
0.03769795596599579
0.2079644650220871
0.03808874264359474
0.4984892010688782
0.03815556690096855
0.05987915024161339
0.0689166709780693
0.6645284295082092
0.03945271670818329
0.020634900778532028
0.04409032315015793
0.10539311170578003
0.06339028477668762
1.081092119216919
0.2744120657444
0.255734384059906
0.3324835002422333
0.14344972372055054
0.2431063950061798
0.0837375745177269
0.1279933750629425
0.060890451073646545
0.1674603372812271
0.3163266181945801
0.10720035433769226
0.037660855799913406
0.07796769589185715
0.2248138189315796
0.1417844146490097
0.19564293324947357
0.17264670133590698
0.07608042657375336
0.3029337227344513
0.03642372041940689
0.0555306002497673
0.20373675227165222
0.07593442499637604
0.13643065094947815
0.3910548686981201
0.2876496911048889
0.11638624966144562
0.07932950556278229
0.5020409822463989
0.03268399462103844
0.4447564482688904
0.04999125376343727
0.2410348504781723
0.11121533066034317
0.08186063915491104
0.07157454639673233
0.3022862374782562
0.1023140475153923
0.1173291727900505
0.09024237841367722
0.46212729811668396
0.06298472732305527
0.07897166907787323
0.2948111891746521
0.07363684475421906
0.020073413848876953
0.19886136054992676
0.457846462726593
0.04918142408132553
0.23429593443870544
0.018811481073498726
0.1688229739665985
0.24417607486248016
0.0939115658402443
0.06565147638320923
0.08479219675064087
0.24956786632537842
0.15263953804969788
0.07799728214740753
0.050828784704208374
0.07094711810350418
0.06371577084064484
0.22847816348075867
0.5758792757987976
0.12578082084655762
0.03326072171330452
0.15503205358982086
0.20384755730628967
0.2506049871444702
0.17374730110168457
0.08196842670440674
0.7957218289375305
0.3109268844127655
0.14690309762954712
0.05945818871259689
0.02263340912759304
0.2050011157989502
0.11156855523586273
0.04326271638274193
0.046165380626916885
0.2828274965286255
0.3098776340484619
0.46393710374832153
0.23377275466918945
0.026028482243418694
0.24040311574935913
0.1952962875366211
0.11426357179880142
0.09781672060489655
0.10272519290447235
0.2151055783033371
0.2467990666627884
0.05406121164560318
0.12903542816638947
0.4096621572971344
0.08289830386638641
0.3074800670146942
0.09436886012554169
0.5655466318130493
0.12242809683084488
0.3230247497558594
0.21543154120445251
0.08107186108827591
0.1275995820760727
0.07266435027122498
0.025199005380272865
0.20783638954162598
0.12241432815790176
0.09979244321584702
0.043558891862630844
0.04596206545829773
0.07530871033668518
0.1604759693145752
0.4911721646785736
0.057404931634664536
0.0637039840221405
0.04954133927822113
0.09705760329961777
0.0766250342130661
0.07735565304756165
0.05347577854990959
0.09873396903276443
0.04610966518521309
0.292068213224411
0.3405782878398895
0.19216394424438477
0.2994631826877594
0.06299850344657898
0.7993869781494141
0.05773231014609337
0.15342207252979279
0.11815287917852402
0.0905633419752121
0.03741477057337761
0.19973595440387726
0.08129267394542694
0.046847790479660034
0.21184007823467255
0.06693000346422195
0.4669228792190552
0.23145966231822968
0.07917317748069763
0.08111598342657089
0.18528036773204803
0.05755787715315819
0.06825131922960281
0.49416375160217285
0.324313223361969
0.20007318258285522
0.2864169776439667
0.05894164368510246
0.2479216456413269
0.4631757140159607
0.27003857493400574
0.05571954697370529
0.1150503158569336
0.24599960446357727
0.058417290449142456
0.44445526599884033
0.04933440685272217
0.033513639122247696
0.5850185751914978
0.055534716695547104
0.16327829658985138
0.5128286480903625
0.19798563420772552
0.1203373372554779
0.06658698618412018
0.06260364502668381
0.5076807737350464
0.02946547418832779
0.06343761086463928
0.0701928660273552
0.08291294425725937
0.11985927075147629
0.07243621349334717
0.3454477787017822
0.11399883776903152
0.0638200044631958
0.10768435150384903
0.12529802322387695
0.04212309047579765
0.0215829536318779
0.123017318546772
0.10142600536346436
0.05546367168426514
0.1305457204580307
0.11191271990537643
0.04943060874938965
0.11133471131324768
0.1939702033996582
0.024747131392359734
0.2114633023738861
0.05796531215310097
0.03621930629014969
0.8210577964782715
0.1164352297782898
0.12470585852861404
0.0255417600274086
0.09995117783546448
0.7380793690681458
0.07743841409683228
0.16386105120182037
0.541728138923645
0.11027802526950836
0.08572812378406525
0.25575435161590576
0.14045219123363495
0.10776462405920029
0.18227723240852356
0.0983274057507515
0.13561338186264038
0.14999857544898987
0.0563432052731514
0.08273300528526306
0.03137347474694252
0.09863727539777756
0.08482497185468674
0.16971136629581451
0.07949984818696976
0.03573041036725044
0.0921582281589508
0.03686148673295975
0.0429743155837059
0.3065541088581085
0.08372419327497482
0.5673143863677979
0.02891451306641102
0.26847851276397705
0.06075432151556015
0.08662820607423782
0.11427648365497589
0.03433658927679062
0.0832480788230896
0.36773017048835754
0.46904516220092773
0.20975488424301147
0.08862356096506119
0.09124935418367386
0.1517770141363144
0.10053984820842743
0.13508792221546173
0.34677359461784363
0.07754110544919968
0.22777631878852844
0.5933852791786194
0.06635420769453049
0.10777939110994339
0.24454531073570251
0.046308279037475586
0.1116265133023262
0.1244325041770935
0.15507414937019348
0.051081303507089615
0.03717775270342827
0.07315962016582489
0.07036010921001434
0.03902635723352432
0.07260214537382126
0.022579265758395195
0.0931180790066719
0.04057272523641586
0.3205096125602722
0.3180095851421356
0.4724791944026947
0.0703977420926094
0.08730356395244598
0.11307407170534134
0.20566894114017487
0.31006282567977905
0.12016142159700394
0.5221788287162781
0.054708193987607956
0.13098956644535065
0.17756903171539307
0.026602815836668015
0.12454373389482498
0.03224525228142738
0.07782391458749771
0.10251162946224213
0.05588289722800255
0.13302241265773773
0.09955701977014542
0.04408077150583267
0.050604768097400665
0.5329393744468689
0.46602562069892883
0.06718619167804718
0.0929989442229271
0.09295850247144699
0.052419669926166534
0.15918703377246857
0.06224426254630089
0.21651591360569
0.10172779113054276
0.06961340457201004
0.021997811272740364
0.11041931807994843
0.03314239904284477
0.05704810470342636
0.06182806193828583
0.049319226294755936
0.07884763926267624
0.09840220957994461
0.039060916751623154
0.20047463476657867
0.1559760719537735
0.18379321694374084
0.20117506384849548
0.1917959451675415
0.034277044236660004
0.08060449361801147
0.1959591954946518
0.14163950085639954
0.10328549891710281
0.06297855079174042
0.08163829147815704
0.5506685376167297
0.03494058921933174
0.10834000259637833
0.0394040122628212
0.04783260449767113
0.1069301962852478
0.05475280061364174
0.06815155595541
0.18387503921985626
0.03242548927664757
0.028891069814562798
0.5210678577423096
0.7436250448226929
0.20271313190460205
0.07109465450048447
0.053572751581668854
0.6397764682769775
0.08637646585702896
0.05626952275633812
0.08569087088108063
0.15262538194656372
0.08769695460796356
0.05037420988082886
0.6098727583885193
0.13349498808383942
0.47569358348846436
0.4489915072917938
0.04851946979761124
0.09291113168001175
0.1901770830154419
0.16852286458015442
0.041797976940870285
0.1564445197582245
0.07296755164861679
0.04704967513680458
0.042994748800992966
0.0649796649813652
0.1153368279337883
0.0849842056632042
0.5620427131652832
0.13388314843177795
0.38502055406570435
0.014299285598099232
0.16456669569015503
0.07288031280040741
0.20145946741104126
0.08200845867395401
0.05975912883877754
0.0688721090555191
0.15985123813152313
0.1671057939529419
0.37809208035469055
0.08304815739393234
0.06391676515340805
0.09533043205738068
0.13503266870975494
0.18413572013378143
0.09162338078022003
0.12863630056381226
0.10905308276414871
0.08094305545091629
0.12336494028568268
0.13909630477428436
0.07258935272693634
0.041104815900325775
0.03615117073059082
0.06464496999979019
0.11239218711853027
0.7107580900192261
0.5758305191993713
0.09719400107860565
0.0973852127790451
0.5828825831413269
0.2604587972164154
0.259230375289917
0.06207084283232689
0.07336344569921494
0.19937682151794434
0.17767420411109924
0.16137897968292236
0.13479267060756683
0.2467132806777954
0.12058723717927933
0.272555410861969
0.06742757558822632
0.15197288990020752
0.09490103274583817
0.1888590008020401
0.20223969221115112
0.12111268937587738
0.5683954954147339
0.14422941207885742
0.027620365843176842
0.14716042578220367
0.28213801980018616
0.018810531124472618
0.052924711257219315
0.6323913335800171
0.09746640175580978
0.0710703507065773
0.031771209090948105
0.14968983829021454
0.07722534239292145
0.42453065514564514
0.21043924987316132
0.049419183284044266
0.03986484184861183
0.1592818796634674
0.15297119319438934
0.294428288936615
0.13930147886276245
0.016873398795723915
0.017020614817738533
0.07338036596775055
0.031751636415719986
0.11884123086929321
0.06443612277507782
0.22327004373073578
0.05438823252916336
0.0861787348985672
1.2004144191741943
0.11606462299823761
0.05580323934555054
0.18194445967674255
0.0755181536078453
0.17993666231632233
0.2934342324733734
0.14644959568977356
0.10500990599393845
0.09550505876541138
0.07356402277946472
0.07992378622293472
0.1648753136396408
0.14721836149692535
0.29079121351242065
0.3910893499851227
0.02375837415456772
0.06016651540994644
0.04664180800318718
0.041018351912498474
0.09301003068685532
0.06023958697915077
0.19291527569293976
0.10730541497468948
0.01940292678773403
0.10643430054187775
0.47116604447364807
0.09751579165458679
0.08067963272333145
0.4242049753665924
0.1014295369386673
0.14063501358032227
0.030498191714286804
0.10055696964263916
0.4686092734336853
0.05318267643451691
0.050632085651159286
0.07949256151914597
0.15839144587516785
0.06760577112436295
0.47903740406036377
0.04334681108593941
0.04067206382751465
0.06367631256580353
0.0977511927485466
0.5019594430923462
0.061282407492399216
0.1721484363079071
0.1256704330444336
0.0948571115732193
0.13452844321727753
0.0323939211666584
0.5848825573921204
0.08541109412908554
0.06547000259160995
0.0697309747338295
0.09210390597581863
0.05812358856201172
0.23034584522247314
0.06931514292955399
0.1221364364027977
0.24110287427902222
0.24316659569740295
0.027111172676086426
0.06358490884304047
0.1274852305650711
0.13563787937164307
0.06757119297981262
0.06632180511951447
0.2682580351829529
0.03378666564822197
0.014467923901975155
0.05547844618558884
0.1458941102027893
0.05181830748915672
0.022760087624192238
0.06640657037496567
0.18103915452957153
0.2921869456768036
0.038801953196525574
0.025676919147372246
0.19942057132720947
0.031615130603313446
0.10034547001123428
0.12034609168767929
0.10858312994241714
0.02191515825688839
0.13427777588367462
0.13383281230926514
0.09239073842763901
0.03955656662583351
0.054397501051425934
0.17473706603050232
0.08855516463518143
0.04704926535487175
0.31905293464660645
0.029845595359802246
0.06456219404935837
0.16659684479236603
0.03640367463231087
0.1389486938714981
0.037015944719314575
0.3750695586204529
0.1780717670917511
0.2663552165031433
0.25503191351890564
0.08729047328233719
0.09393046051263809
0.05492066591978073
0.06507758796215057
0.1749589741230011
0.13159234821796417
0.05931372568011284
0.024912938475608826
0.382353276014328
0.06768067181110382
0.13131579756736755
0.3683846592903137
0.07718527317047119
0.19240504503250122
0.13791577517986298
0.032984331250190735
0.044188711792230606
0.06655409932136536
0.041461776942014694
0.24466969072818756
0.05274906009435654
0.200107142329216
0.10487416386604309
0.03673970326781273
0.21763530373573303
0.0539998821914196
0.18395300209522247
0.6988401412963867
0.03199061378836632
0.2754252254962921
0.27650362253189087
0.4459545314311981
0.29019585251808167
0.1276332437992096
0.06882444024085999
0.09575167298316956
0.4249667227268219
0.06762135773897171
0.11432621628046036
0.07501396536827087
0.2723005712032318
0.2188122719526291
0.158394455909729
0.2939516603946686
0.5212356448173523
0.03533674404025078
0.1004968211054802
0.5705477595329285
0.0637698844075203
0.08446567505598068
0.027278605848550797
0.34096115827560425
0.03601625934243202
0.01528496015816927
0.05000558868050575
0.4247092604637146
0.2374514639377594
0.0424530915915966
0.47410380840301514
0.03540756180882454
0.04946386441588402
0.14346462488174438
0.44383689761161804
0.07162881642580032
0.03662049397826195
0.10421326756477356
0.0448160246014595
0.07615411281585693
0.2545124292373657
0.05299797281622887
0.08403248339891434
0.31322014331817627
0.09424210339784622
0.19014160335063934
0.05472772195935249
0.27606308460235596
0.032202985137701035
0.08622916787862778
0.08641553670167923
0.14185449481010437
0.055501677095890045
0.15628883242607117
0.2620203495025635
0.08658447116613388
0.252515584230423
0.13988740742206573
0.22460314631462097
0.4636158049106598
0.09377321600914001
0.050778526812791824
0.3005311191082001
0.04268532618880272
0.20457661151885986
0.2552863657474518
0.17839010059833527
0.13742128014564514
0.4803532063961029
0.05746075138449669
0.08248123526573181
0.14652495086193085
0.1109737679362297
0.1983642876148224
0.4580969512462616
0.23244524002075195
0.026562876999378204
0.05724243074655533
0.05431848019361496
0.08172257244586945
0.12201088666915894
0.2618372142314911
0.062232762575149536
0.08311301469802856
0.3342541456222534
0.044589947909116745
0.3565387725830078
0.12279772758483887
0.07762707024812698
0.03195299580693245
0.04589986801147461
0.02277325466275215
0.03626646474003792
0.23560936748981476
0.08637414872646332
0.038647521287202835
0.0726870745420456
0.03160169720649719
0.19508884847164154
0.07342774420976639
0.1984657347202301
0.19890868663787842
0.06166503578424454
0.12176066637039185
0.5571609139442444
0.04088636860251427
0.13284146785736084
0.04060845822095871
0.10788719356060028
0.16316425800323486
0.05868469551205635
0.09773095697164536
0.7045746445655823
0.40989115834236145
0.23976898193359375
0.0693790540099144
0.657819390296936
0.3353903293609619
0.11517854034900665
0.4424729347229004
0.09739909321069717
0.17367114126682281
0.0635886937379837
0.048197098076343536
0.04605131596326828
0.4549967050552368
0.1968204826116562
0.10037311911582947
0.2675773501396179
0.22756411135196686
0.280485600233078
0.0956704318523407
0.0654001533985138
0.5914571285247803
0.13310569524765015
0.10858681052923203
0.2544172406196594
0.17589087784290314
0.5277486443519592
0.1214551106095314
0.36257684230804443
0.21618343889713287
0.0994667187333107
0.41969528794288635
0.259813129901886
0.05868677794933319
0.13502594828605652
0.046716153621673584
0.12782007455825806
0.05309336259961128
0.03356040641665459
0.03627194091677666
0.0980711430311203
0.4675973653793335
0.26341351866722107
0.09881381690502167
0.07235340029001236
0.09117086231708527
0.7226274013519287
0.20871515572071075
0.1909138411283493
0.4264942407608032
0.06319276988506317
0.16853545606136322
0.29358193278312683
0.31859803199768066
0.1514808088541031
0.27155476808547974
0.12553000450134277
0.06138304993510246
0.12922880053520203
0.1752370446920395
0.17481449246406555
0.10745207220315933
0.17742125689983368
0.08977337181568146
0.09189659357070923
0.059993926435709
0.055529844015836716
0.11367243528366089
0.12769179046154022
0.03608681634068489
0.3330850601196289
0.043339092284440994
0.18267007172107697
0.12865497171878815
0.2714972198009491
0.19004102051258087
0.07858121395111084
0.11945934593677521
0.07326190173625946
0.049982622265815735
0.060415830463171005
0.21068628132343292
0.29815056920051575
0.1238127276301384
0.13247929513454437
0.03794868290424347
0.6779909133911133
0.048082008957862854
0.051643963903188705
0.1781012862920761
0.554053783416748
0.04000120609998703
0.5364334583282471
0.2241111695766449
0.11193493008613586
0.13553595542907715
0.10579310357570648
0.04657496511936188
0.08432267606258392
0.10428201407194138
0.11261548846960068
0.5154066681861877
0.5955000519752502
0.29993245005607605
0.12269248068332672
0.15318268537521362
0.5801343321800232
0.10485320538282394
0.1882362812757492
0.1678200513124466
0.1009102463722229
0.06296388804912567
0.0479404591023922
0.09671875089406967
0.10598710924386978
0.101143978536129
0.5850032567977905
0.03510945290327072
0.20398814976215363
0.029432641342282295
0.24366362392902374
0.2897709012031555
0.7234905362129211
0.44468212127685547
0.0866856649518013
0.2122696042060852
0.11592365801334381
0.19102925062179565
0.11813698709011078
0.23842084407806396
0.06908515840768814
0.05128809064626694
0.3942764401435852
0.09704401344060898
0.11910238862037659
0.05674583464860916
0.07764758169651031
0.0881873294711113
0.018324226140975952
0.3935391902923584
0.03623908758163452
0.20040428638458252
0.16104012727737427
0.07830405235290527
0.037216667085886
0.04232349246740341
0.03210856020450592
0.16748854517936707
0.21371953189373016
0.08647391945123672
0.09180163592100143
0.11587593704462051
0.026002831757068634
0.09479672461748123
0.13303160667419434
0.06099831312894821
0.04294850304722786
0.037970419973134995
0.27783969044685364
0.041471078991889954
0.05614093318581581
0.481373131275177
0.05931432172656059
0.1676986813545227
0.056030936539173126
0.599132776260376
0.05409316346049309
0.5605417490005493
0.07663855701684952
0.08726165443658829
0.049858495593070984
0.04893723130226135
0.03275471180677414
0.09282222390174866
0.03542817756533623
0.27250078320503235
0.0560215562582016
0.06212051957845688
0.15103574097156525
0.22644495964050293
0.0961080938577652
0.08826254308223724
0.032018955796957016
0.08146897703409195
0.04461800307035446
0.4052799344062805
0.03883381932973862
0.07562267780303955
0.4677741527557373
0.3844276964664459
0.17092926800251007
0.1387501358985901
0.22215192019939423
0.055242039263248444
0.0967538133263588
0.11398227512836456
0.10132087767124176
0.07768212258815765
0.04182565212249756
0.07313019037246704
0.04570058360695839
0.10795202106237411
0.06674785912036896
0.1541869342327118
0.13118840754032135
0.10547196120023727
0.41024553775787354
0.12551389634609222
0.11200062930583954
0.05393986776471138
0.3738289773464203
0.1894332319498062
0.048323582857847214
0.5046766996383667
0.11060939729213715
0.13945305347442627
0.059661056846380234
0.23106124997138977
0.14251312613487244
0.08174977451562881
0.17345267534255981
0.06116008013486862
0.03509925305843353
0.06944835186004639
0.10602331161499023
0.10278762131929398
0.1422816663980484
0.07857926189899445
1.1962871551513672
0.21170908212661743
0.2905120551586151
0.19514691829681396
0.05191577598452568
0.22705790400505066
0.2654131352901459
0.09989531338214874
0.4654238224029541
0.06726004183292389
0.08652254194021225
0.10747464001178741
0.3367742896080017
0.13148796558380127
0.051298290491104126
0.19150584936141968
0.047785092145204544
0.05027959495782852
0.04969125986099243
0.16924919188022614
0.32513052225112915
0.3259144127368927
0.08293476700782776
0.06866241246461868
0.032077692449092865
0.11153829097747803
0.06672781705856323
0.058626316487789154
0.03482866659760475
0.027017753571271896
0.023693934082984924
0.0791051834821701
0.49443817138671875
0.08895507454872131
0.34100180864334106
0.10439419746398926
0.020183473825454712
0.16756229102611542
0.040821366012096405
0.07587862014770508
0.11897524446249008
0.24166136980056763
0.06876583397388458
0.29708582162857056
0.10970211774110794
0.059999771416187286
0.028175514191389084
0.04045925289392471
0.1592051386833191
0.17250122129917145
0.28278782963752747
0.41924241185188293
0.05718466639518738
0.19223631918430328
0.034246429800987244
0.08593080192804337
0.23050475120544434
0.08488858491182327
0.06594189256429672
0.1598457247018814
0.07607442885637283
0.7456611394882202
0.041897863149642944
0.12770704925060272
0.10314773768186569
0.06236904859542847
0.17671366035938263
0.029502056539058685
0.2792406380176544
0.14247824251651764
0.1820996254682541
0.17027826607227325
0.024178165942430496
0.01190268062055111
0.03923055902123451
0.04895881563425064
0.03613685071468353
0.04229242354631424
0.030086053535342216
0.11278524994850159
0.03203347325325012
0.12237080931663513
0.16423721611499786
0.28557059168815613
0.15779049694538116
0.04901837930083275
0.09676715731620789
0.06953447312116623
0.13006632030010223
0.25238895416259766
0.7179340720176697
0.09794037789106369
0.13427352905273438
0.1542513370513916
0.42130085825920105
0.10539104789495468
0.10658682882785797
0.09980789572000504
0.05567978322505951
0.12569734454154968
0.0960439071059227
0.11274147778749466
0.06436802446842194
0.09884067624807358
0.08879724144935608
0.08324331790208817
0.10476882010698318
0.5380327105522156
0.23810438811779022
0.1052791103720665
0.07276272028684616
0.0451708622276783
0.08074578642845154
0.022228756919503212
0.014193817041814327
0.03211035579442978
0.08913516253232956
0.034465186297893524
0.14612235128879547
0.03260164335370064
0.2117234617471695
0.10818864405155182
0.13346198201179504
0.02398402988910675
0.051417477428913116
0.07729421555995941
0.044021811336278915
0.0978725329041481
0.1317378431558609
0.0595773346722126
0.4238607883453369
0.022875072434544563
0.03585630655288696
0.16534657776355743
0.05950101092457771
0.21038857102394104
0.16661566495895386
0.09480351209640503
0.14831022918224335
0.047964684665203094
0.09359952062368393
0.03753016144037247
0.40002819895744324
0.5008872747421265
0.2080880105495453
0.5301368236541748
0.09606167674064636
0.18558883666992188
0.07479690760374069
0.0715140849351883
0.061406608670949936
0.09768105298280716
0.08380638062953949
0.0728587657213211
0.13641029596328735
0.23136171698570251
0.13944116234779358
0.04603942856192589
0.17478294670581818
0.3930703103542328
0.6920809149742126
0.07266288995742798
0.3747384548187256
0.0595196895301342
0.08400585502386093
0.24535849690437317
0.0668003261089325
0.5813071131706238
0.12872155010700226
0.0712253674864769
0.20668382942676544
0.08055809140205383
0.07261229306459427
0.07948894053697586
0.07235397398471832
0.05076934024691582
0.08012400567531586
0.06554336100816727
0.12346126139163971
0.19453378021717072
0.12708768248558044
0.2882118821144104
0.07510849088430405
0.07594320178031921
0.0461990088224411
0.29336822032928467
0.12723827362060547
0.030164681375026703
0.08782550692558289
0.048060886561870575
0.34322381019592285
0.34740501642227173
0.14388445019721985
0.06594255566596985
0.27428123354911804
0.13533857464790344
0.06490804255008698
0.0688401460647583
0.04726767912507057
0.11019633710384369
0.07582607120275497
0.49752792716026306
0.20016972720623016
0.10837050527334213
0.11659570038318634
0.1748538315296173
0.08714082092046738
0.02933151088654995
0.17530885338783264
0.2695710361003876
0.17397643625736237
0.03457089141011238
0.14146478474140167
0.060315195471048355
0.5136796832084656
0.5888730883598328
0.16604739427566528
0.2139519900083542
0.06012503430247307
0.1368762105703354
0.2039010226726532
0.10736413300037384
0.10304675251245499
0.0770229622721672
0.13340085744857788
0.11769665032625198
0.15734076499938965
0.08944457769393921
0.03176611289381981
0.5407860279083252
0.4776532053947449
0.7620308995246887
0.07624372839927673
0.21481648087501526
0.41763895750045776
0.07445429265499115
0.2202962338924408
0.5582015514373779
0.10340618342161179
0.10045873373746872
0.5534911155700684
0.08132665604352951
0.05895356461405754
0.07112231105566025
0.05252225324511528
0.03310110419988632
0.03201241418719292
0.6300837397575378
0.036027923226356506
0.05956199765205383
0.039077065885066986
0.05291873216629028
0.14065122604370117
0.2553289532661438
0.028788726776838303
0.08154023438692093
0.17217765748500824
0.03240801393985748
0.2719322443008423
0.06918817013502121
0.0469493567943573
0.09266724437475204
0.10892263054847717
0.4635782241821289
0.053598251193761826
0.029052797704935074
0.17048469185829163
0.08513135462999344
0.06291534006595612
0.19549882411956787
0.13866516947746277
0.07544749230146408
0.06319805234670639
0.06543733924627304
0.06542088091373444
0.0735931470990181
0.1946619600057602
0.1158796101808548
0.12062656134366989
0.17878593504428864
0.22129477560520172
0.04863307252526283
0.06853341311216354
0.14815077185630798
0.057026010006666183
0.2494509220123291
0.053507689386606216
0.1290445327758789
0.03976268693804741
0.04821157827973366
0.15084050595760345
0.04555494710803032
0.0857355073094368
0.6000984907150269
0.0539802722632885
0.112943135201931
0.06355822086334229
0.11243408173322678
0.06946838647127151
0.5259837508201599
0.11689140647649765
0.039420854300260544
0.23253703117370605
0.09017699956893921
0.194147527217865
0.0862799659371376
0.5529524087905884
0.06597074121236801
0.06411536037921906
0.13230201601982117
0.9041107296943665
0.12340258806943893
0.10295363515615463
0.4677112102508545
0.0775478333234787
0.04283558949828148
0.18194857239723206
0.030759358778595924
0.3428616225719452
0.06725715100765228
0.2576479911804199
0.06468594819307327
0.051153697073459625
0.16108238697052002
0.30690664052963257
0.06816446036100388
0.08125734329223633
0.39960771799087524
0.05372563377022743
0.08663861453533173
0.46044978499412537
0.22535239160060883
0.6764910817146301
0.11697852611541748
0.2306434065103531
0.20811283588409424
0.05920055881142616
0.31428074836730957
0.27764010429382324
0.16952921450138092
0.16061614453792572
0.17188741266727448
0.2986478805541992
0.0260473620146513
0.036214347928762436
0.09100379049777985
0.06565120816230774
0.07230855524539948
0.016593782231211662
0.33461424708366394
0.44495317339897156
0.03135916218161583
0.21826454997062683
0.6983760595321655
0.09719353914260864
0.14083875715732574
0.0403582863509655
0.17225036025047302
0.03814074024558067
0.2781743109226227
0.23829327523708344
0.04197090119123459
0.3945838212966919
0.08891482651233673
0.14218007028102875
0.13930168747901917
0.03575917333364487
0.2076900601387024
0.1158229187130928
0.18989942967891693
0.093586765229702
0.11377724260091782
0.09434515237808228
0.03845459967851639
0.049709681421518326
0.12604713439941406
0.014661022461950779
0.038191355764865875
0.02302769385278225
0.5210750699043274
0.18370401859283447
0.09752499312162399
0.030650490894913673
0.4808274209499359
0.057523246854543686
0.05765445902943611
0.04606159031391144
0.19303618371486664
0.15356048941612244
0.061153970658779144
0.22743543982505798
0.06343811750411987
0.10483421385288239
0.51678067445755
0.21248912811279297
0.09760069102048874
0.13032104074954987
0.12966525554656982
0.2168717235326767
0.144819438457489
0.14080710709095
0.23242248594760895
0.0644509419798851
0.04915450140833855
0.05178270861506462
0.14152494072914124
0.21951307356357574
0.2173532098531723
0.3090188801288605
0.03708063066005707
0.06924256682395935
0.050082456320524216
0.24580463767051697
0.08060850203037262
0.15617918968200684
0.11162613332271576
0.06967659294605255
0.03874000534415245
0.07047344744205475
0.45055902004241943
0.06825948506593704
0.11067306995391846
0.032675568014383316
0.22350409626960754
0.21636523306369781
0.3994836211204529
0.07549005001783371
0.058178842067718506
0.09804174304008484
0.11434732377529144
0.10976452380418777
0.19735179841518402
0.035171989351511
0.7137085795402527
0.6584206819534302
0.06722290813922882
0.07924120873212814
0.22341488301753998
0.02928350120782852
0.19640523195266724
0.17913861572742462
0.14000390470027924
0.11478522419929504
0.04613684117794037
0.1166682317852974
0.07003520429134369
0.045802775770425797
0.049700308591127396
0.046049680560827255
0.19729696214199066
0.10264677554368973
0.08131873607635498
0.047172922641038895
0.0704532340168953
0.282630056142807
0.05091093108057976
0.04335439205169678
0.10800939798355103
0.0295375045388937
0.051482077687978745
0.128641739487648
0.025020098313689232
0.0461667999625206
0.04997864365577698
0.10341724753379822
0.24771718680858612
0.03891802206635475
0.13213229179382324
0.03375117853283882
0.053081005811691284
0.5432461500167847
0.10671047121286392
0.10846473276615143
0.017209438607096672
0.11717050522565842
0.04309409111738205
0.04139380529522896
0.3825799822807312
0.06219440698623657
0.03354167565703392
0.11428134143352509
0.040387045592069626
0.10126984119415283
0.03935365006327629
0.07756777107715607
0.14770981669425964
0.030828610062599182
0.5464242100715637
0.02775382250547409
0.22340069711208344
0.04559314623475075
0.11347764730453491
0.42282167077064514
0.11783137917518616
0.1145479679107666
0.051292285323143005
0.2596268355846405
0.15782621502876282
0.047196920961141586
0.09815341234207153
0.08321375399827957
0.023495644330978394
0.1295965015888214
0.4126046895980835
0.45975086092948914
0.06476897746324539
0.053336288779973984
0.054816313087940216
0.10284474492073059
0.0356045700609684
0.6296802759170532
0.12268086522817612
0.029820889234542847
0.18683719635009766
0.0547308512032032
0.19529373943805695
0.050993677228689194
0.6770103573799133
0.10656443983316422
0.14680063724517822
0.1326318234205246
0.05774210765957832
0.07250816375017166
0.23135946691036224
0.17599447071552277
0.3135948181152344
0.049469541758298874
0.11689435690641403
0.7157142162322998
0.5484173893928528
0.8750650882720947
0.16582147777080536
0.10141754895448685
0.06904228031635284
0.1163225769996643
0.154756098985672
0.4755162000656128
0.157251238822937
0.11801807582378387
0.7268525958061218
0.12508238852024078
0.08334318548440933
0.053403373807668686
0.46669813990592957
0.08634746819734573
0.06329645961523056
0.03778548166155815
0.25823694467544556
0.04373928904533386
0.041213490068912506
0.13059020042419434
0.20584601163864136
0.03820859640836716
0.022551923990249634
0.33424535393714905
0.03339472413063049
0.0802789181470871
0.0935211181640625
0.26002928614616394
0.6873036026954651
0.3679355978965759
0.03194683790206909
0.2032688409090042
0.1311817765235901
0.12030966579914093
0.030048515647649765
0.2602854371070862
0.10671861469745636
0.09707679599523544
0.09838857501745224
0.056842051446437836
0.052103497087955475
0.07286998629570007
0.1609332412481308
0.0993846133351326
0.10251271724700928
0.05150090903043747
0.10521256923675537
0.7588943839073181
0.2041286677122116
0.07685694098472595
0.10736484080553055
0.1961200088262558
0.7325493097305298
0.13765744864940643
0.06313624978065491
0.3918418288230896
0.14714908599853516
0.35149213671684265
0.14681744575500488
0.056650370359420776
0.056412432342767715
0.4149758815765381
0.32381194829940796
0.05080613121390343
0.6816892623901367
0.1116783395409584
0.15293288230895996
0.08009861409664154
0.2927650809288025
0.07522451132535934
0.0712616890668869
0.17299892008304596
0.08711688220500946
0.0915803462266922
0.47075432538986206
0.11520987004041672
0.06341178715229034
0.13522817194461823
0.0887187123298645
0.19569700956344604
0.16810068488121033
0.06555736809968948
0.06942009180784225
0.059898801147937775
0.07985782623291016
0.08879237622022629
0.018423739820718765
0.05281481146812439
0.5605103373527527
0.3840183615684509
0.11479242891073227
0.1987408697605133
0.24539771676063538
0.0750088021159172
0.1429232805967331
1.1306685209274292
0.05043688043951988
0.2712375223636627
0.21368935704231262
0.13487157225608826
0.058798983693122864
0.14387854933738708
0.028443345800042152
0.2587519884109497
0.09594257920980453
0.10428371280431747
0.05136476829648018
0.1203712522983551
0.1506071835756302
0.08672923594713211
0.17163515090942383
0.10768751055002213
0.12188185751438141
0.06767904758453369
0.15837132930755615
0.150468111038208
0.10834956914186478
0.03772134333848953
0.06288248300552368
0.08144763857126236
0.07056877017021179
0.09504947811365128
0.43514716625213623
0.12065539509057999
0.42694467306137085
0.07024312764406204
0.2704126238822937
0.17000055313110352
0.11916510760784149
0.06859017163515091
0.5088173151016235
0.03826307877898216
0.12414494156837463
0.09317229688167572
0.09739259630441666
0.1616591215133667
0.08565869182348251
0.05863915756344795
0.03632444515824318
0.0503387451171875
0.0592031367123127
0.05695834755897522
0.060348838567733765
0.08518266677856445
0.18532037734985352
0.27130305767059326
0.15707075595855713
0.06842875480651855
0.07017399370670319
0.05600402131676674
0.1488550305366516
0.11953035742044449
0.031198369339108467
0.038576651364564896
0.07870770990848541
0.031485944986343384
0.024427402764558792
0.06154664233326912
0.08741653710603714
0.032167814671993256
0.06055330112576485
0.05894537270069122
0.1427110731601715
0.08113302290439606
0.2755429446697235
0.15982089936733246
0.7057868242263794
0.2794230282306671
0.058311428874731064
0.0668502002954483
0.09421350806951523
0.10428842157125473
0.09106051921844482
0.18023550510406494
0.058614060282707214
0.07878349721431732
0.03950131684541702
0.1158270463347435
0.10605688393115997
0.06812024116516113
0.3961998522281647
0.03183170408010483
0.1275743693113327
0.3777960240840912
0.06376595050096512
0.07817047834396362
0.1557123363018036
0.1650545597076416
0.08298094570636749
0.03830401971936226
0.3856314420700073
0.35199442505836487
0.10735095292329788
0.0604432113468647
0.03995561599731445
0.10746315866708755
0.11387321352958679
0.10274333506822586
0.07341714203357697
0.14424540102481842
0.303564190864563
0.023760484531521797
0.20249006152153015
0.5237203240394592
0.1555381864309311
0.034881383180618286
0.042670030146837234
0.2487458884716034
0.10484928637742996
0.048941344022750854
0.10945995897054672
0.07939141988754272
0.21615800261497498
0.27566105127334595
0.08424759656190872
0.08914519846439362
0.10862556844949722
0.05894370749592781
0.39170849323272705
0.11931998282670975
0.04967030510306358
1.0576858520507812
0.19676953554153442
0.03716079890727997
0.3413967788219452
0.1373971700668335
0.14090608060359955
0.0493963360786438
0.029115773737430573
0.07975932210683823
0.1521570235490799
0.04776088893413544
0.057918235659599304
0.1961660087108612
0.17688581347465515
0.056075237691402435
0.18364043533802032
0.045677416026592255
0.2910417914390564
0.04823313653469086
0.09843787550926208
0.2391250729560852
0.1351277381181717
0.04486141726374626
0.18881955742835999
0.13373713195323944
0.3685312271118164
0.0867854654788971
0.04205205664038658
0.21953029930591583
0.408694326877594
0.09583032131195068
0.07631795108318329
0.2777022421360016
0.044106706976890564
0.16998650133609772
0.04337581619620323
0.07312583923339844
0.13495370745658875
0.26593682169914246
0.05479620397090912
0.45254677534103394
0.08015408366918564
0.13717100024223328
0.06955385208129883
0.537764310836792
0.07780399918556213
0.11177285015583038
0.05518282204866409
0.23724618554115295
0.4749342203140259
0.19625411927700043
0.4103623330593109
0.12210781127214432
0.07191650569438934
0.10750608891248703
0.12346271425485611
0.07949717342853546
0.2186371088027954
0.15145361423492432
0.09131775796413422
0.22425545752048492
0.06379921734333038
0.6989153623580933
0.2632048726081848
0.48316487669944763
0.10013825446367264
0.07110120356082916
0.7471452951431274
0.11621042340993881
0.1591459959745407
0.0984010323882103
0.03728567436337471
0.13330519199371338
0.09584332257509232
0.03802984580397606
0.14735637605190277
0.02566266804933548
0.04763547703623772
0.020705748349428177
0.07088400423526764
0.03131210431456566
0.10123090445995331
0.04138980060815811
0.2102513611316681
0.12782680988311768
0.9796075224876404
0.193740576505661
0.05493256822228432
0.04333779215812683
0.1023220345377922
0.1382916420698166
0.5726721882820129
0.1567956954240799
0.0886247530579567
0.04789036884903908
0.1174888163805008
0.07154621183872223
0.32264819741249084
0.09343845397233963
0.1897379606962204
0.11543364077806473
0.4751281142234802
0.13928908109664917
0.11588651686906815
0.17089010775089264
0.3018322288990021
0.06214311346411705
0.2595920264720917
0.2854515016078949
0.10687951743602753
0.14457055926322937
0.4747430682182312
0.051060423254966736
0.06965816020965576
0.04795066639780998
0.08242006599903107
0.4627526104450226
0.03983461484313011
0.7971285581588745
0.05933903530240059
0.03592805564403534
0.03609839826822281
0.03695148974657059
0.03876165673136711
0.04988476261496544
0.07496301829814911
0.06200108304619789
0.14286522567272186
0.11340601742267609
0.1631525158882141
0.3996102809906006
0.06797170639038086
0.061444662511348724
0.1160387396812439
0.023138495162129402
0.2431108057498932
0.11819367110729218
0.060851987451314926
0.03485609591007233
0.1889653503894806
0.15013785660266876
0.026712914928793907
0.14039066433906555
0.032367508858442307
0.3433358669281006
0.793722927570343
0.404722660779953
0.1003308892250061
0.5056227445602417
0.048969000577926636
0.08145664632320404
0.5133457779884338
0.33745044469833374
0.09146267175674438
0.05754029378294945
0.1596836894750595
0.0743696317076683
0.04825558513402939
0.08789525181055069
0.4277399182319641
0.06505279242992401
0.1060943678021431
0.06372259557247162
0.30893367528915405
0.16402468085289001
0.4809563457965851
0.3213355243206024
0.04722856730222702
0.08499960601329803
0.0605589784681797
0.1321026235818863
0.04522257670760155
0.07863891869783401
0.09007493406534195
0.039996445178985596
0.5218981504440308
0.026642529293894768
0.03482642024755478
0.11859667301177979
0.2340983897447586
0.02695128321647644
0.21676304936408997
0.07985567301511765
0.05090837925672531
0.04517354443669319
0.23823222517967224
0.09460996091365814
0.06327233463525772
0.8985349535942078
0.2227029800415039
0.11253154277801514
0.0906224474310875
0.1342063993215561
0.17853039503097534
0.09424412995576859
0.12857380509376526
0.045860715210437775
0.04727741703391075
0.38596513867378235
0.05348231643438339
0.09175391495227814
0.06319466233253479
0.03356638178229332
0.033791713416576385
0.06635116040706635
0.03945096209645271
0.39628860354423523
0.11778683960437775
0.0481523722410202
0.11353656649589539
0.09412907063961029
0.13863083720207214
0.02410757541656494
0.64298415184021
0.043418727815151215
0.295326292514801
0.04299045354127884
0.3146211802959442
0.06172351539134979
0.1789589375257492
0.10077717155218124
0.05954741686582565
0.11787591129541397
0.4601953625679016
0.4745742976665497
0.2927790880203247
0.07474231719970703
0.14803868532180786
0.0807679295539856
0.260606050491333
0.3975198268890381
0.14314140379428864
0.05044528841972351
0.24401305615901947
0.07247340679168701
0.06888827681541443
0.15584594011306763
0.15854498744010925
0.040781810879707336
0.22209350764751434
0.39365291595458984
0.053327493369579315
0.12461123615503311
0.08481435477733612
0.2177610546350479
0.12329623848199844
0.26283398270606995
0.05181623250246048
0.09776470810174942
0.11983618140220642
0.12071370333433151
0.11972726881504059
0.13295555114746094
0.05023710057139397
0.018992995843291283
0.1143656075000763
0.097379669547081
0.03929261118173599
0.04274950921535492
0.32229506969451904
0.29579800367355347
0.03493379428982735
0.17272377014160156
0.15129394829273224
0.27269813418388367
0.1383070945739746
0.03563258424401283
0.06310777366161346
0.1325225979089737
0.24434083700180054
0.05007074028253555
0.054571036249399185
0.11132588982582092
0.02532268688082695
0.3366282284259796
0.060600485652685165
0.027022695168852806
0.10692453384399414
0.15421098470687866
0.04835328832268715
0.18725524842739105
0.06004013493657112
0.12861832976341248
0.36135903000831604
0.5811914205551147
0.03078264743089676
0.6774423718452454
0.23418080806732178
0.1506430059671402
0.03825237601995468
0.08827405422925949
0.09810061007738113
0.051905155181884766
0.13604092597961426
0.08241482824087143
0.19354109466075897
0.31356608867645264
0.07692137360572815
0.14616234600543976
0.31976526975631714
0.06928064674139023
0.0663631483912468
0.2397557497024536
0.11180280148983002
0.11507848650217056
0.2714933156967163
0.558655321598053
0.05732385069131851
0.048694659024477005
0.034487418830394745
0.25956135988235474
0.23645243048667908
0.24004174768924713
0.028631115332245827
0.09739135205745697
0.10693482309579849
0.05398055166006088
0.07097039371728897
0.10600131750106812
0.06403364986181259
0.08290174603462219
0.5658078193664551
0.06260336935520172
0.16063901782035828
0.21611903607845306
0.036388132721185684
0.1236208975315094
0.050333261489868164
0.06107829883694649
0.03904547169804573
0.05745837092399597
0.4298173189163208
0.1324872523546219
0.13791657984256744
0.07011260837316513
0.1280229389667511
0.2083042412996292
0.06428336352109909
0.06674257665872574
0.1637897789478302
0.11455255001783371
0.03253791481256485
0.06899259239435196
0.03759801760315895
0.017757507041096687
0.03347473591566086
0.09567335247993469
0.07032071053981781
0.08052185922861099
0.27818310260772705
0.23695068061351776
0.6413382887840271
0.2955746650695801
0.16244018077850342
0.08250777423381805
0.10123726725578308
0.16532473266124725
0.07076840847730637
0.1398339569568634
0.14938834309577942
0.19097866117954254
0.058332737535238266
0.06245889887213707
0.200187548995018
0.2900639474391937
0.16082137823104858
0.259298175573349
0.5873926877975464
0.09280524402856827
0.3779700696468353
0.07824505120515823
0.3175361454486847
0.09045251458883286
0.09042763710021973
0.04825621843338013
0.06676263362169266
0.3907411992549896
0.06586331874132156
0.198848158121109
0.07241679728031158
0.36159712076187134
0.4056851267814636
0.08968429267406464
0.2643459439277649
0.058557409793138504
0.4157959818840027
0.1370425820350647
0.058708615601062775
0.07056562602519989
0.0802781730890274
0.374860554933548
0.04768625646829605
0.18286210298538208
0.18944151699543
0.20491960644721985
0.5724724531173706
0.128249391913414
0.05767788365483284
0.07946815341711044
0.1911914199590683
0.09331561625003815
0.21968714892864227
0.06142127513885498
0.10812670737504959
0.19265660643577576
0.47383320331573486
0.09502778202295303
0.02901597134768963
0.4557704031467438
0.38483962416648865
0.1922798454761505
0.11012423783540726
0.08808234333992004
0.06686237454414368
0.18539807200431824
0.05907522886991501
0.18895019590854645
0.08460742980241776
0.13280324637889862
0.19098171591758728
0.04743688926100731
0.08803130686283112
0.10540876537561417
0.20677408576011658
0.2281847596168518
0.09183384478092194
0.25624310970306396
0.03960174322128296
0.04094834253191948
0.24380475282669067
0.20858077704906464
0.09122798591852188
0.10050604492425919
0.06348926573991776
0.16192695498466492
0.0329536534845829
0.16227276623249054
0.32722046971321106
0.044109269976615906
0.27826985716819763
0.06936723738908768
0.0525142066180706
0.034009117633104324
0.03943757340312004
0.06861832737922668
0.06593634933233261
0.4946393370628357
0.4224134683609009
0.21828198432922363
0.07850896567106247
0.12314929068088531
0.037223342806100845
0.20988690853118896
0.10622450709342957
0.23391605913639069
0.1397591233253479
0.1348467469215393
0.0315314456820488
0.03790250048041344
0.2514374554157257
0.042728256434202194
0.08525475859642029
0.01400136947631836
0.09240177273750305
0.1390448957681656
0.16585293412208557
0.04503318667411804
0.7549892663955688
0.07757984846830368
0.12909968197345734
0.03672441467642784
0.15080414712429047
0.048097606748342514
0.15485598146915436
0.03843621164560318
0.057485319674015045
0.1609301120042801
0.064019575715065
0.07057787477970123
0.09734003245830536
0.1736389547586441
0.41599735617637634
0.0472596101462841
0.3585398495197296
0.18028053641319275
0.25353461503982544
0.1617932766675949
0.1715184599161148
0.07790866494178772
0.04923984035849571
0.03470829501748085
0.1478652060031891
0.21846170723438263
0.13141056895256042
0.15888060629367828
0.6873862147331238
0.09346318989992142
0.0718417838215828
0.11926735192537308
0.1378503143787384
0.045434076339006424
0.13569271564483643
0.06179872900247574
0.22193622589111328
0.14864550530910492
0.047737859189510345
0.07055297493934631
0.09478951245546341
0.06967569887638092
0.10282185673713684
0.024762827903032303
0.016552865505218506
0.05472923442721367
0.11703190952539444
0.23889023065567017
0.08044099062681198
0.08650988340377808
0.04747626930475235
0.05962734296917915
0.02173011004924774
0.021545615047216415
0.09306365996599197
0.03048527054488659
0.13106390833854675
0.39703568816185
0.022426940500736237
0.018356256186962128
0.038971979171037674
0.3479865491390228
0.044504161924123764
0.047493863850831985
0.16379912197589874
0.14606857299804688
0.058259397745132446
0.2616404891014099
0.09458978474140167
0.6570340394973755
0.04084201529622078
0.07357648760080338
0.651573121547699
0.12579166889190674
0.09054306149482727
0.14901484549045563
0.045923877507448196
0.07017012685537338
0.2227897346019745
0.07134462893009186
0.10472302883863449
0.4464939832687378
0.15343356132507324
0.051865458488464355
0.2866837680339813
0.14620040357112885
0.024656645953655243
0.25981441140174866
0.030228814110159874
0.2719021439552307
0.03396429866552353
0.14334188401699066
0.15648913383483887
0.13494765758514404
0.14532382786273956
0.18288247287273407
0.3202630877494812
0.19893141090869904
0.16015362739562988
0.25420865416526794
0.06590522080659866
0.10746468603610992
0.5771273970603943
0.26888543367385864
0.10102587938308716
0.12757456302642822
0.30867889523506165
0.08655834943056107
0.39177405834198
0.14086110889911652
0.11962327361106873
0.4854752719402313
0.43425771594047546
0.2887144982814789
0.05903986096382141
0.05113406479358673
0.03854536637663841
0.14315937459468842
0.25664228200912476
0.06408236175775528
0.24240553379058838
0.6468307375907898
0.10049774497747421
0.04035653546452522
0.10717356950044632
0.03865910694003105
0.0802459567785263
0.10588671267032623
0.060984764248132706
0.04599740728735924
0.07162140309810638
0.0382264219224453
0.045809824019670486
0.0344398207962513
0.06859058886766434
0.12262366712093353
0.07019173353910446
0.059725865721702576
0.17793136835098267
0.06328286230564117
0.02781510166823864
0.1350153535604477
0.06925611197948456
0.1571836918592453
0.08852576464414597
0.9549328088760376
0.09791507571935654
0.13367734849452972
0.17892658710479736
0.17438021302223206
0.6925554275512695
0.4243524372577667
0.1540701985359192
0.17100314795970917
0.24807904660701752
0.13054341077804565
0.16889376938343048
0.061440855264663696
0.1697833240032196
0.08948325365781784
0.09310197830200195
1.0118328332901
0.11289910972118378
0.12289474904537201
0.048386309295892715
0.08089001476764679
0.5903154015541077
0.3119000792503357
0.04812047630548477
0.5124942064285278
0.06998401880264282
0.11168143898248672
0.2278839349746704
0.1748763620853424
0.06604239344596863
0.44157058000564575
0.10510160773992538
0.12850800156593323
0.05296603962779045
0.15774351358413696
0.09679121524095535
0.5705515742301941
0.13164235651493073
0.03627365455031395
0.09082186222076416
0.13026688992977142
0.18612118065357208
0.18750037252902985
0.10428202897310257
0.0686238706111908
0.10192619264125824
0.15291906893253326
0.26377132534980774
0.7558361887931824
0.3545648455619812
0.028711926192045212
0.8388218283653259
0.028484707698225975
0.033420734107494354
0.39694827795028687
0.027295805513858795
0.050580356270074844
0.1856921762228012
0.14141066372394562
0.2056570202112198
0.33444932103157043
0.038973595947027206
0.7569456100463867
0.13860760629177094
0.4045363664627075
0.16126441955566406
0.13156385719776154
0.2677192687988281
0.17780427634716034
0.10763107985258102
0.08834347873926163
0.08955322951078415
0.3076252341270447
0.2230537235736847
0.10583102703094482
0.0899818167090416
0.13573439419269562
0.48989707231521606
0.12282197177410126
0.1996510922908783
0.6198424100875854
0.07291142642498016
0.11060701310634613
0.2933120131492615
0.1357533484697342
0.09871581196784973
0.21852318942546844
0.09840571135282516
0.5416100025177002
0.2585428059101105
0.06545666605234146
0.07813762873411179
0.11560075730085373
0.213281512260437
0.1798381358385086
0.08500850945711136
0.15919359028339386
0.3868694603443146
0.11480256170034409
0.05131464824080467
0.03550153970718384
0.09191243350505829
0.04893302544951439
0.22484548389911652
0.0684494823217392
0.08154769986867905
0.36041754484176636
0.19706615805625916
0.24167734384536743
0.10803573578596115
0.14806635677814484
0.06648316979408264
0.4906617999076843
0.14332802593708038
0.07436048239469528
0.5724819898605347
0.071675144135952
0.19380174577236176
0.06923694908618927
0.394855797290802
0.16811273992061615
0.062496017664670944
0.04761300981044769
0.3358689248561859
0.13290855288505554
0.2532176673412323
0.2640562057495117
0.12821753323078156
0.1441112458705902
0.11027135699987411
0.08379438519477844
0.07568914443254471
0.06115341559052467
0.16810540854930878
0.031820397824048996
0.10745614767074585
0.20424315333366394
0.09624028950929642
0.11714635789394379
0.05841862037777901
0.11198996007442474
0.0240172129124403
0.17459553480148315
0.5099555253982544
0.017354249954223633
0.26956504583358765
0.04893750324845314
0.10949438065290451
0.09774503856897354
0.14684945344924927
0.03880816698074341
0.027930431067943573
0.05491551384329796
1.0969336032867432
0.07215112447738647
0.3711346983909607
0.11940203607082367
0.36373621225357056
0.11583713442087173
0.2672617435455322
0.06497155874967575
0.0815095454454422
0.06797394901514053
0.16270509362220764
0.17669403553009033
0.13157106935977936
0.12133926898241043
0.03760776296257973
0.5173534750938416
0.1789439618587494
0.33850881457328796
0.13576139509677887
0.22767464816570282
0.12636002898216248
0.05219259485602379
0.07089408487081528
0.24981586635112762
0.5739116668701172
0.15808038413524628
0.049556177109479904
0.08288798481225967
0.05981109291315079
0.3498101532459259
0.06513755023479462
0.06827154010534286
0.14018690586090088
0.05548371002078056
0.6174562573432922
0.024652397260069847
0.05110969766974449
0.6066948175430298
0.05174970626831055
0.06743289530277252
0.113212451338768
0.3103448450565338
0.053347740322351456
0.06773779541254044
0.1534259021282196
0.06763588637113571
0.041227709501981735
0.5178385972976685
0.07201161980628967
0.11736491322517395
0.15767966210842133
0.16145431995391846
0.054527074098587036
0.23538565635681152
0.11096226423978806
0.13796474039554596
0.06704037636518478
0.05682501196861267
0.07137355208396912
0.309577614068985
0.07677570730447769
0.5372818112373352
0.03974156826734543
0.019707994535565376
0.05143182724714279
0.12441138923168182
0.13661010563373566
0.08856747299432755
0.1737537980079651
0.08693049103021622
0.035956449806690216
0.14827951788902283
0.192942276597023
0.044704370200634
0.5490455627441406
0.0663733035326004
0.34318798780441284
0.3639363646507263
0.029923027381300926
0.031969524919986725
0.5702995657920837
0.049945756793022156
0.03969977796077728
0.028987780213356018
0.05719351768493652
0.03110233135521412
0.10974094271659851
0.09481064230203629
0.07208340615034103
0.05040053650736809
0.033411309123039246
0.30982720851898193
0.023617414757609367
0.05146003141999245
0.06677648425102234
0.036143381148576736
0.06997015327215195
0.03935346007347107
0.05847451463341713
0.3852421045303345
0.294830858707428
0.10725189000368118
0.08390474319458008
0.018245968967676163
0.06286699324846268
0.02530338056385517
0.0786590501666069
0.7614800333976746
0.054290954023599625
0.1343214362859726
0.6358367204666138
0.052982378751039505
0.04022030532360077
0.0796700045466423
0.03848874941468239
0.0676288828253746
0.07217919826507568
0.2034362107515335
0.10400459915399551
0.4633314311504364
0.0945626050233841
0.16527295112609863
0.06303275376558304
0.05457282438874245
0.08986266702413559
0.180612251162529
0.13262733817100525
0.37971988320350647
0.04849306493997574
0.15481039881706238
0.4618087708950043
0.0931144654750824
0.06986084580421448
0.17426477372646332
0.16104315221309662
0.47297415137290955
0.1896635890007019
0.07572971284389496
0.09569907933473587
0.035806287080049515
0.025735387578606606
0.3525640070438385
0.04100542888045311
0.14356999099254608
0.06929431110620499
0.05193355679512024
0.0716596320271492
0.3090151250362396
0.027765197679400444
0.17022986710071564
0.2406250387430191
0.42956024408340454
0.0485406294465065
0.038670219480991364
0.025977520272135735
0.02364819496870041
0.10018575191497803
0.25105202198028564
0.4997304677963257
0.10899864137172699
0.10602718591690063
0.19195334613323212
0.19674713909626007
0.37093794345855713
0.14270661771297455
0.2686571180820465
0.03824685141444206
0.03454612195491791
0.19818547368049622
0.02187541499733925
0.16723041236400604
0.03800123929977417
0.06883233785629272
0.07986418902873993
0.265529990196228
0.06816983222961426
0.05628061294555664
0.06848432868719101
0.041583433747291565
0.09559161216020584
0.0508122593164444
0.04305706545710564
0.06742000579833984
0.027597293257713318
0.05825734883546829
0.1393173485994339
0.019025715067982674
0.0834922194480896
0.2740805745124817
0.045018699020147324
0.1314367651939392
0.36490967869758606
0.01815463788807392
0.06630472093820572
0.08971770107746124
0.06632901728153229
0.07137280702590942
0.03869603946805
0.1969529688358307
0.0559748038649559
0.4673864245414734
0.1425243616104126
0.11933647096157074
0.03936997801065445
0.07030804455280304
0.029245568439364433
0.0900285616517067
0.029197311028838158
0.23113195598125458
0.1437079757452011
0.2226603478193283
0.12195610255002975
0.03120655193924904
0.21745780110359192
0.1105947270989418
0.07897578179836273
0.1128663569688797
0.1547294408082962
0.03576556220650673
0.04135053977370262
0.2533799409866333
0.08373665809631348
0.17596790194511414
0.4513065218925476
0.10722634196281433
0.043700769543647766
0.2682153582572937
0.2365473508834839
0.08493252843618393
0.060172948986291885
0.05254676565527916
0.08437935262918472
0.2167903482913971
0.42752858996391296
0.46682655811309814
0.03302345797419548
0.0447717048227787
0.06769208610057831
0.22118258476257324
0.026239003986120224
0.5944264531135559
0.17871393263339996
0.15492743253707886
0.021409763023257256
0.12439706921577454
0.18392972648143768
0.03975311666727066
0.06454871594905853
0.17407108843326569
0.488314688205719
0.0660952553153038
0.044478874653577805
0.024119185283780098
0.21105268597602844
0.0564565472304821
0.024045415222644806
0.0693635493516922
0.031738199293613434
0.06522691249847412
0.07880453020334244
0.19981010258197784
0.02980394847691059
0.10907790064811707
0.09282215684652328
0.22819550335407257
0.40205416083335876
0.06027795374393463
0.06104717776179314
0.06302321702241898
0.30509626865386963
0.17544876039028168
0.1044342964887619
0.16729183495044708
1.2373710870742798
0.1157650351524353
0.423210084438324
0.12332285195589066
0.062452420592308044
0.04198526591062546
0.0634850412607193
0.07031664997339249
0.12481115758419037
0.08070651441812515
0.034136317670345306
0.03837911784648895
0.32600972056388855
0.1060314029455185
0.4585728347301483
0.0667133554816246
0.6883242726325989
0.21459494531154633
0.09296109527349472
0.04945524036884308
0.024272371083498
0.03070148266851902
0.04080976918339729
0.08548059314489365
0.1325787603855133
0.046443261206150055
0.06965949386358261
0.07369750738143921
0.04538979381322861
0.41833269596099854
0.8788060545921326
0.43821659684181213
0.12697559595108032
0.05160461366176605
0.05485924705862999
0.10683063417673111
0.4941692352294922
0.21209798753261566
0.16080054640769958
0.18165332078933716
0.11563816666603088
0.30170321464538574
0.13667450845241547
0.10912267863750458
0.13767707347869873
0.15564122796058655
0.1508813500404358
0.2022307813167572
0.647537887096405
0.2096407413482666
0.041511084884405136
0.04755712300539017
0.03000757284462452
0.07119132578372955
0.037827976047992706
0.08692795783281326
0.06752565503120422
0.18587030470371246
0.021897362545132637
0.10901159048080444
0.07604464143514633
0.05387609079480171
0.07203556597232819
0.09282542765140533
0.018002936616539955
0.028154704719781876
0.25247830152511597
0.09358127415180206
0.08202935010194778
0.0717393085360527
0.06372462958097458
0.15750670433044434
0.25608304142951965
0.08863207697868347
0.06984167546033859
0.039070975035429
0.09735455363988876
0.15498505532741547
0.07161986827850342
0.49952763319015503
0.20233438909053802
0.04542260989546776
0.08945788443088531
0.02599189430475235
0.5867828726768494
0.07695363461971283
0.03619677573442459
0.04399704188108444
0.12137448787689209
0.15855546295642853
0.03601197525858879
0.07410333305597305
0.13117091357707977
0.07730557769536972
0.069217748939991
0.05611332878470421
0.055931076407432556
0.08935686945915222
0.14673401415348053
0.2058672308921814
0.07840372622013092
0.032141782343387604
0.4520686864852905
0.2022198587656021
0.10365153849124908
0.21569710969924927
0.13324643671512604
0.04417595639824867
0.041263531893491745
0.11906269192695618
0.06176669895648956
0.03624795377254486
0.26805317401885986
0.3091828227043152
0.024555953219532967
0.04406384006142616
0.02120189741253853
0.04229171201586723
0.025870803743600845
0.1104460284113884
0.05531090125441551
0.09926288574934006
0.09461229294538498
0.09171061962842941
0.23613309860229492
0.037564437836408615
0.24378134310245514
0.5692868828773499
0.2054741084575653
0.1689821183681488
0.06479625403881073
0.05686783418059349
0.19102635979652405
0.11211808770895004
0.049661822617053986
0.06222632899880409
0.17925743758678436
0.21019360423088074
0.06000267714262009
0.06884410232305527
0.0907069593667984
0.19585809111595154
0.05967835709452629
0.03737843409180641
0.07308079302310944
0.44920614361763
0.06043291464447975
0.08230075985193253
0.39657482504844666
0.1085495725274086
0.040710918605327606
0.12466297298669815
0.054300639778375626
0.037176694720983505
0.16294661164283752
0.12460272014141083
0.06360441446304321
0.15430524945259094
0.134573832154274
0.24675863981246948
0.06862692534923553
0.04576830938458443
0.043682195246219635
0.09438247233629227
0.1745472401380539
0.10269179195165634
0.21962878108024597
0.1224987730383873
0.04861456900835037
0.03805096819996834
0.0923834964632988
0.029748663306236267
0.03860033303499222
0.3402881622314453
0.19605593383312225
0.49610868096351624
0.12977908551692963
0.18584337830543518
0.05735795199871063
0.057058703154325485
0.13009589910507202
0.04785050079226494
0.08158715814352036
0.07666277885437012
0.4888780117034912
0.0402531772851944
0.11348504573106766
0.04257850721478462
0.08526311069726944
0.05756887048482895
0.05361106991767883
0.14393368363380432
0.04563404992222786
0.13437965512275696
0.11852402985095978
0.03738737106323242
0.07837122678756714
0.016464373096823692
0.054518699645996094
0.15234403312206268
0.020593030378222466
0.1066611036658287
0.20033609867095947
0.014524520374834538
0.30639326572418213
0.34630683064460754
0.022015279158949852
0.022471630945801735
0.05363843962550163
0.16771654784679413
0.11179585009813309
0.11055354028940201
0.03833354264497757
0.05651596561074257
0.06315813958644867
0.1998288333415985
0.12099279463291168
0.06175726279616356
0.1293925940990448
0.06262028962373734
0.19911092519760132
0.12252672761678696
0.06857369095087051
0.037747882306575775
0.12085534632205963
0.07597044855356216
0.2078603208065033
0.11462979763746262
0.06512023508548737
0.1181517094373703
0.03745538368821144
0.13249674439430237
0.03710583224892616
0.019523462280631065
0.053049229085445404
0.04713878035545349
0.05754522606730461
0.693562924861908
0.235421285033226
0.28190430998802185
0.019290225580334663
0.06096907705068588
0.4042269289493561
0.1744849979877472
0.10542858392000198
0.08378162980079651
0.07235772162675858
0.6979729533195496
0.1217241883277893
0.47400951385498047
0.1582937389612198
0.15575836598873138
0.07161539047956467
0.22498434782028198
0.12091635167598724
0.4718446135520935
0.0952964797616005
0.06943149119615555
0.19095869362354279
0.18373560905456543
0.45856112241744995
0.04422815889120102
0.2294052690267563
0.5734015703201294
0.11902790516614914
0.06446237862110138
0.14975711703300476
0.25759363174438477
0.02689327672123909
0.1723218411207199
0.19670288264751434
0.030571263283491135
0.3444610834121704
0.5068225264549255
0.2872907221317291
0.29809534549713135
0.08830884099006653
0.3653927147388458
0.06518808752298355
0.06435190886259079
0.14287243783473969
0.08182276785373688
0.16318370401859283
0.07726122438907623
0.2804345488548279
0.12443485110998154
0.047045812010765076
0.09836657345294952
0.09925495088100433
0.05907361954450607
0.08061659336090088
0.1021624282002449
0.30563899874687195
0.017637310549616814
0.07142338901758194
0.0648321658372879
0.12036444991827011
0.04500149190425873
0.08187676966190338
0.07263680547475815
0.09418630599975586
0.04902876913547516
0.278319388628006
0.04997069016098976
0.47624802589416504
0.04991685226559639
0.1153629869222641
0.07045359909534454
0.02801637537777424
0.2200271636247635
0.22921723127365112
0.08336980640888214
0.06988826394081116
0.26533985137939453
0.1437397599220276
0.06058864668011665
0.0799635499715805
0.2831785976886749
0.0550382174551487
0.10326556116342545
0.1564149409532547
0.11102878302335739
0.05672137439250946
0.1506168395280838
0.43511345982551575
0.21039889752864838
0.16514809429645538
0.15784426033496857
0.028775781393051147
0.0872509628534317
0.07646786421537399
0.11851567029953003
0.04049895703792572
0.11708369106054306
0.03925729915499687
0.06828673928976059
0.183102548122406
0.0640631690621376
0.3663489520549774
0.39775627851486206
0.04747294262051582
0.07612226158380508
0.036106400191783905
0.09551025927066803
0.054295383393764496
0.11308971792459488
0.05930938571691513
0.3037331700325012
0.15105795860290527
0.1556471884250641
0.05578945204615593
0.16666670143604279
0.06610933691263199
0.1819680780172348
0.6553823351860046
0.10391576588153839
0.25860461592674255
0.08586445450782776
0.03509388864040375
0.34409692883491516
0.03848664090037346
0.0297574270516634
0.9120509624481201
0.04286516085267067
0.279215008020401
0.18332727253437042
0.07340998202562332
0.23263773322105408
0.08296747505664825
0.2043745368719101
0.3011557459831238
0.05182760953903198
0.11575908958911896
0.09578428417444229
0.04675234109163284
0.1150231659412384
0.2637931704521179
0.07054434716701508
0.4837697744369507
0.20559777319431305
0.041949741542339325
0.06921683251857758
0.2769400179386139
0.2952994406223297
0.04231652244925499
0.19744525849819183
0.6477746367454529
0.37411513924598694
0.12702177464962006
0.1167663186788559
0.7002962827682495
0.12864950299263
0.07671823352575302
0.16469533741474152
0.04919329658150673
0.0515926368534565
0.24215663969516754
0.05874348059296608
0.0730796530842781
0.06548426300287247
0.4450851082801819
0.04091788828372955
0.08228185772895813
0.13478747010231018
0.06261031329631805
0.5790010690689087
0.03062766045331955
0.039290159940719604
0.7154882550239563
0.4754883646965027
0.222994863986969
0.05656097084283829
0.09759225696325302
0.6141016483306885
0.115314781665802
0.16185329854488373
0.3724147379398346
0.2281624972820282
0.14106974005699158
0.09166956692934036
0.1510695219039917
0.3085388243198395
0.052963316440582275
0.06160774827003479
0.05379593372344971
0.034615423530340195
0.4300917983055115
0.09077873080968857
0.05473624914884567
0.06834559142589569
0.2808593809604645
0.31456461548805237
0.04264809563755989
0.5179960131645203
0.40865185856819153
0.02422807551920414
0.05300462990999222
0.05452491343021393
0.021062511950731277
0.049913741648197174
0.19915056228637695
0.12464570254087448
0.09394890069961548
0.032511502504348755
0.2987740635871887
0.2052384912967682
0.07503563165664673
0.07004816085100174
0.048980992287397385
0.08554324507713318
0.1959642618894577
0.15569919347763062
0.13916930556297302
0.07446543872356415
0.2810250520706177
0.04093686491250992
0.2262132465839386
0.12047091126441956
0.47588059306144714
0.10477768629789352
0.15753298997879028
0.046705905348062515
0.04685185104608536
0.08403868973255157
0.46777284145355225
0.08191023766994476
0.05777909234166145
0.06468455493450165
0.033713895827531815
0.044492173939943314
0.06320841610431671
0.030118359252810478
0.23436962068080902
0.17354828119277954
0.13411875069141388
0.11615131795406342
0.08881058543920517
0.26018401980400085
0.04105956479907036
0.03236308693885803
0.15926064550876617
0.056822918355464935
0.03802197054028511
0.13089878857135773
0.06879951804876328
0.050461411476135254
0.14802135527133942
0.035098567605018616
0.0942700132727623
0.1244741678237915
0.2158995121717453
0.06061883270740509
0.027648601680994034
0.48772478103637695
0.24326014518737793
0.19419026374816895
0.2970428764820099
0.03591674566268921
0.11274895071983337
0.042637601494789124
0.10688312351703644
0.1991596817970276
0.3318040668964386
0.1325867474079132
0.07155901938676834
0.07106070965528488
0.0814594253897667
0.2160220593214035
0.2513425350189209
1.2559925317764282
0.5329380631446838
0.05581817403435707
0.04117048159241676
0.07755589485168457
0.1086476519703865
0.11223985254764557
0.06125770881772041
0.07776882499456406
0.37486302852630615
0.1250719279050827
0.40480494499206543
0.1004093736410141
0.2670222222805023
0.114247627556324
0.23838436603546143
0.2549456059932709
0.6225662231445312
0.08604035526514053
0.055803775787353516
0.1152268797159195
0.0997840017080307
0.107514888048172
0.09113354980945587
0.07026540488004684
0.46755144000053406
0.06319867819547653
0.061813756823539734
0.05767740309238434
0.08453069627285004
0.06438220292329788
0.2003258466720581
0.05270000919699669
0.15159723162651062
0.05084409564733505
0.30099672079086304
0.21380926668643951
0.06167033687233925
0.4229526221752167
0.04041770473122597
0.11658889055252075
0.04387114197015762
0.17686909437179565
0.04304581880569458
0.059808410704135895
0.03170784190297127
0.02771974727511406
0.11246103048324585
0.03538927063345909
0.4892096519470215
0.2572135627269745
0.18544964492321014
0.06065690889954567
0.11875690519809723
0.09256794303655624
0.2300499975681305
0.12550801038742065
0.032168399542570114
0.1374867707490921
0.07801245152950287
0.12037431448698044
0.05650701746344566
0.16852672398090363
0.13365672528743744
0.06171083822846413
0.06442978978157043
0.2933206260204315
0.03568994626402855
0.06435839831829071
0.1702393740415573
0.4096023440361023
0.14888527989387512
0.08895132690668106
0.031099436804652214
0.05224289372563362
0.0995061844587326
0.02008819580078125
0.07143010944128036
0.21599921584129333
0.051867008209228516
0.06302876770496368
0.06501682847738266
0.0808737725019455
0.08038443326950073
0.04562753066420555
0.06376635283231735
0.04031220078468323
0.07847435027360916
0.028179185464978218
0.04828217253088951
0.7491937279701233
0.050881121307611465
0.019127795472741127
0.5782783627510071
0.11016281694173813
0.47841620445251465
0.20914818346500397
0.09496258199214935
0.07622572779655457
0.111970454454422
0.0881861224770546
0.05615849420428276
0.03458300605416298
0.049142930656671524
0.12759897112846375
0.11337506771087646
0.013895396143198013
0.10920186340808868
0.19781269133090973
0.0545475035905838
0.08846478164196014
0.7516042590141296
0.054614804685115814
0.177820086479187
0.02619899809360504
0.1120399534702301
0.1862155944108963
0.02117895521223545
0.09042712301015854
0.0423378087580204
0.08262204378843307
0.37910890579223633
0.5242580771446228
0.03204331547021866
0.16124321520328522
0.08793282508850098
0.07887343317270279
0.13450609147548676
0.14279568195343018
0.16239826381206512
0.07426051795482635
0.0885336622595787
0.4982876777648926
0.07816779613494873
0.1588924080133438
0.19033338129520416
0.6830069422721863
0.0579947903752327
0.07548567652702332
0.07107659429311752
0.06560945510864258
0.03765398636460304
0.0715881809592247
0.5563927292823792
0.03373633697628975
0.07537651062011719
0.04993158206343651
0.1343284398317337
0.13103991746902466
0.04802901670336723
0.38987410068511963
0.11324184387922287
0.08653171360492706
0.03278801962733269
0.14631642401218414
0.3038654327392578
0.3789021968841553
0.06556292623281479
0.278755784034729
0.10684728622436523
0.77003014087677
0.11460807919502258
0.041138116270303726
0.11239968240261078
0.14721722900867462
0.04799046367406845
0.06476408243179321
0.08391483128070831
0.08903338760137558
0.2736820876598358
0.038543637841939926
0.14443081617355347
0.20701757073402405
0.45101097226142883
0.09203234314918518
0.06603289395570755
0.08554369956254959
0.2859077453613281
0.12459830939769745
0.054116930812597275
0.03552510216832161
0.22908487915992737
0.15791791677474976
0.1309012472629547
0.1644180566072464
0.06566496193408966
0.07562729716300964
0.017121173441410065
0.5171358585357666
0.046952035278081894
0.08574250340461731
0.1669737696647644
0.11355485767126083
0.03608163073658943
0.06036321818828583
0.4506244957447052
0.11454708874225616
0.07267312705516815
0.060485076159238815
0.5576861500740051
0.1013377383351326
0.03612024337053299
0.0707491934299469
0.08562999963760376
0.19121606647968292
0.03382183238863945
0.16440482437610626
0.5972879528999329
0.0470791794359684
0.13509628176689148
0.4385501742362976
0.044980309903621674
0.16860611736774445
0.0914636179804802
0.08126915991306305
0.04085831344127655
0.09502451866865158
0.07298498600721359
0.07196848094463348
0.07867938280105591
0.11742144823074341
0.27606967091560364
0.05062219873070717
0.05669579282402992
0.5834817290306091
0.04156232997775078
0.09589103609323502
0.2437722533941269
0.6285365223884583
0.03081904910504818
0.20698986947536469
0.0899427980184555
0.8914168477058411
0.23549038171768188
0.324110209941864
0.1256999969482422
0.09828449785709381
0.06542059034109116
0.08038485795259476
0.11075323075056076
0.5475378036499023
0.20483432710170746
0.11535003036260605
0.1858169287443161
0.7164058685302734
0.10387558490037918
0.18965984880924225
0.10467690229415894
0.12673109769821167
0.06488770246505737
0.6799948811531067
0.417805552482605
0.25272703170776367
0.08577211201190948
0.08779921382665634
0.20495301485061646
0.1319572627544403
0.5316914916038513
0.07652025669813156
0.10141468793153763
0.05732779577374458
0.05167023092508316
0.08965437114238739
0.07690569013357162
0.07684750854969025
0.36784330010414124
0.5959179401397705
0.08305718749761581
0.12592287361621857
0.28241440653800964
0.19455043971538544
0.14470365643501282
0.1391560286283493
0.39973723888397217
0.08677519112825394
0.04250703752040863
0.13723166286945343
0.3225765824317932
0.06295686960220337
0.1070086732506752
0.43467122316360474
0.15257517993450165
0.15198823809623718
0.1380920559167862
0.044770773500204086
0.1047850102186203
0.5671130418777466
0.24612373113632202
0.5769186615943909
0.45497819781303406
0.15296410024166107
0.11453664302825928
0.126320943236351
0.5545068383216858
0.1353578120470047
0.10403013974428177
0.14657142758369446
0.16708765923976898
0.12558342516422272
0.2034420371055603
0.14258833229541779
0.027979979291558266
0.09022752940654755
0.12416471540927887
0.2588520050048828
0.48957616090774536
0.20812426507472992
0.33419644832611084
0.46321165561676025
0.17838247120380402
0.6371868252754211
0.22498959302902222
0.3954775631427765
0.26271748542785645
0.08351897448301315
0.09478165954351425
0.1423780769109726
0.0847351998090744
0.27397117018699646
0.15598157048225403
0.11380120366811752
0.2677282392978668
0.147773876786232
0.16241246461868286
0.1009102538228035
0.10808361321687698
0.10406020283699036
0.14342914521694183
0.034897107630968094
0.06257910281419754
0.04466334730386734
0.052266813814640045
0.04034673795104027
0.03621657192707062
0.03678455203771591
0.550457239151001
0.3661922216415405
0.07984786480665207
0.015586244873702526
0.07306502759456635
0.0691116452217102
0.03561462461948395
0.02151522971689701
0.07197783142328262
0.04783683270215988
0.044629767537117004
0.09925360977649689
0.05982806161046028
0.2487679123878479
0.049357324838638306
0.05685859173536301
0.05082123354077339
0.018940886482596397
0.08388108760118484
0.03272804990410805
0.04338726028800011
0.10203906148672104
0.04993487894535065
0.14133769273757935
0.35761791467666626
0.034949157387018204
0.07699412107467651
0.2642359435558319
0.13057129085063934
0.1323234587907791
0.27191194891929626
0.02687741070985794
0.13685119152069092
0.34319329261779785
0.02878843992948532
0.176991805434227
0.03941689804196358
0.0795399397611618
0.16806535422801971
0.045756664127111435
0.039351239800453186
0.28635749220848083
0.152980238199234
0.06359819322824478
0.0723828598856926
0.23237106204032898
0.1273142546415329
0.6317050457000732
0.07164032757282257
0.029610760509967804
0.1861380785703659
0.07816123962402344
0.054016441106796265
0.32049068808555603
0.12727497518062592
0.40874341130256653
0.5138710141181946
0.05789726600050926
0.042222220450639725
0.15183581411838531
0.1357613056898117
0.0932757630944252
0.25711625814437866
0.11296640336513519
0.48780378699302673
0.1578357070684433
0.24576498568058014
0.9742813110351562
0.5617082118988037
0.09767261147499084
0.15369576215744019
0.06911630183458328
0.10932865738868713
0.09026501327753067
0.15704624354839325
0.37962907552719116
0.13011744618415833
0.13111311197280884
0.2208692878484726
0.1057499572634697
0.19053258001804352
0.11592687666416168
0.06203233450651169
0.06890424340963364
0.19321534037590027
0.04248107969760895
0.2177608758211136
0.13335494697093964
0.45130759477615356
0.02337627112865448
0.10678764432668686
0.023006657138466835
0.08589566498994827
0.3829905092716217
0.03130209445953369
0.04160597547888756
0.811312735080719
0.23169264197349548
0.04211006686091423
0.023452382534742355
0.05475626140832901
0.0665585845708847
0.25710445642471313
0.1464117169380188
0.057214487344026566
0.03159308061003685
0.15021805465221405
0.10121715068817139
0.20556943118572235
0.36741703748703003
0.13294944167137146
0.11466649174690247
0.1501988172531128
0.2161933332681656
0.15265388786792755
0.06247720122337341
0.2501048445701599
0.2231728881597519
0.14915409684181213
0.032723210752010345
0.038470152765512466
0.1387762427330017
0.06547334790229797
0.03226477652788162
0.06816990673542023
0.037480201572179794
0.04428448528051376
0.05860164761543274
0.02686988189816475
0.07631237804889679
0.2599920928478241
0.01533255260437727
0.0680386945605278
0.021800337359309196
0.04512670636177063
0.1410803496837616
0.04236118495464325
0.4148190915584564
0.048166241496801376
0.2912636995315552
0.03412039577960968
0.40954744815826416
0.42294082045555115
0.028865614905953407
0.13874351978302002
0.05434020981192589
0.08850174397230148
0.34089648723602295
0.10454439371824265
0.09721089899539948
0.10956049710512161
0.35009580850601196
0.0908893421292305
0.0692141205072403
0.08926208317279816
0.04982106015086174
0.0899791270494461
0.11846974492073059
0.16948731243610382
0.23141935467720032
0.05443914607167244
0.028939906507730484
0.13869555294513702
0.08190616965293884
0.15909643471240997
0.16367433965206146
0.029730958864092827
0.40621185302734375
0.10944078117609024
0.11373300850391388
0.05170464888215065
0.0433361753821373
0.13908374309539795
0.06435313820838928
0.1712823510169983
0.040622320026159286
0.2762838900089264
0.1687166392803192
0.3380734920501709
0.1435186266899109
0.05076111480593681
0.06680922210216522
0.0897870883345604
0.21466834843158722
0.08998808264732361
0.08748988807201385
0.02983463741838932
0.1676435023546219
0.2184208631515503
0.09701757878065109
0.21033908426761627
0.6247881650924683
0.15948888659477234
0.29635336995124817
0.03918224573135376
0.7612242102622986
0.12191486358642578
0.023969946429133415
0.10797148197889328
0.057424191385507584
0.11967554688453674
0.06630987673997879
0.16258949041366577
0.09721099585294724
0.06223256513476372
0.1832527071237564
0.07609329372644424
0.03963591530919075
0.10123484581708908
0.06661007553339005
0.11880505084991455
0.08810440450906754
0.02751893550157547
0.085587278008461
0.14320066571235657
0.19167043268680573
0.19313974678516388
0.13765481114387512
0.11015734821557999
0.09381455183029175
0.2854687571525574
0.18351201713085175
0.14415431022644043
0.30097895860671997
0.1174713596701622
0.13800691068172455
0.06757564842700958
0.7282728552818298
0.19631345570087433
0.29235735535621643
0.18213121592998505
0.08426470309495926
0.037357501685619354
0.055646177381277084
0.12894128262996674
0.033205900341272354
0.20309624075889587
0.3262043297290802
0.08544990420341492
0.04060887545347214
0.06671041995286942
0.054533664137125015
0.047993533313274384
0.05438889563083649
0.019373998045921326
0.07767824828624725
0.12975285947322845
0.031515613198280334
0.060785941779613495
0.04312719777226448
0.23130394518375397
0.1261235475540161
0.06599967926740646
0.06379673629999161
0.041216298937797546
0.06401079893112183
0.5527709722518921
0.7788373827934265
0.08227423578500748
0.028219912201166153
0.036082349717617035
0.18760311603546143
0.04930344223976135
0.19468198716640472
0.01821201480925083
0.07420898228883743
0.2574211359024048
0.023273151367902756
0.06251190602779388
0.029073961079120636
0.05770610272884369
0.17245396971702576
0.19897887110710144
0.03304049372673035
0.02936428226530552
0.14108452200889587
0.13680380582809448
0.030685095116496086
0.027865096926689148
0.36529964208602905
0.25441262125968933
0.15373651683330536
0.07441845536231995
0.06145294010639191
0.08932111412286758
0.035564765334129333
0.047053076326847076
0.2471381276845932
0.26414012908935547
0.19999879598617554
0.12805166840553284
0.10074938833713531
0.3724401891231537
0.09147217124700546
0.0679694414138794
0.3865095376968384
0.0758257657289505
0.07781655341386795
0.2915772497653961
0.09176060557365417
0.0832880362868309
0.3887575566768646
0.0627128854393959
0.07950886338949203
0.05676683783531189
0.10623674094676971
0.06557443737983704
0.127573624253273
0.07478354126214981
0.03499586880207062
0.11813271045684814
0.02034139633178711
0.07026053220033646
0.2551878094673157
0.20075441896915436
0.31452107429504395
0.24018172919750214
0.017270764335989952
0.1051931381225586
0.48856523633003235
0.09023356437683105
0.1713217943906784
0.08569080382585526
0.4956258237361908
0.04074373096227646
0.17425701022148132
0.08845575898885727
0.5667932629585266
0.05683117359876633
0.0905572846531868
0.3594104051589966
0.08635687083005905
0.07770803570747375
0.11295531690120697
0.26533713936805725
0.062612384557724
0.13159438967704773
0.05511370673775673
0.1420811265707016
0.23751547932624817
0.1837768703699112
0.459823340177536
0.07631680369377136
0.41461366415023804
0.32381394505500793
0.06972073763608932
0.07307495921850204
0.16781657934188843
0.03983128443360329
0.10863257944583893
0.07571200281381607
0.043197523802518845
0.09821994602680206
0.2423987239599228
0.374316930770874
0.07520338147878647
0.19228559732437134
0.03748498484492302
0.27415674924850464
0.0563175342977047
0.07757777720689774
0.040043700486421585
0.19975292682647705
0.1310209035873413
0.210533007979393
0.016982968896627426
0.044826820492744446
0.22673299908638
0.14078578352928162
0.10964316129684448
0.02753925323486328
0.0563889816403389
0.06477135419845581
0.10597527772188187
0.22795507311820984
0.2543877065181732
0.2040039449930191
0.20898881554603577
0.02553573064506054
1.2341898679733276
0.23944969475269318
0.11081806570291519
0.09360042959451675
0.0917767584323883
0.11258698254823685
0.46983689069747925
0.15681222081184387
0.24075062572956085
0.17530636489391327
0.14306971430778503
0.17662106454372406
0.1544821858406067
0.054814670234918594
0.12249850481748581
0.26660555601119995
0.05392482876777649
0.6185943484306335
0.06713250279426575
0.059650082141160965
0.12006630748510361
0.09118872880935669
0.06552994251251221
0.3157424032688141
0.06716632097959518
0.030773669481277466
0.06562237441539764
0.06720016896724701
0.22854897379875183
0.053767625242471695
0.5328701138496399
0.050915542989969254
0.21416643261909485
0.220224991440773
0.1544877588748932
0.02185029909014702
0.21779997646808624
0.08812994509935379
0.7592689394950867
0.18480169773101807
0.0830085277557373
0.12408124655485153
0.059850480407476425
0.36028939485549927
0.34106001257896423
0.05605892837047577
0.036471135914325714
0.15222318470478058
0.07050275802612305
0.04845669865608215
0.1574701964855194
0.49456071853637695
0.3665115535259247
0.05455736070871353
0.22028276324272156
0.03222004696726799
0.10835650563240051
0.46828535199165344
0.07183509320020676
0.0389508455991745
0.06705158203840256
0.050569798797369
0.11837799847126007
0.11754174530506134
0.14762024581432343
0.12042243033647537
0.24259333312511444
0.6223829388618469
0.09882502257823944
0.10297836363315582
0.18309929966926575
0.11925563961267471
0.16460831463336945
0.2421777844429016
0.10369336605072021
0.09159230440855026
0.22576269507408142
0.306412011384964
0.11346131563186646
0.05705304443836212
0.07568883895874023
0.03456941992044449
0.13363862037658691
0.027088798582553864
0.18530292809009552
0.21051940321922302
0.0697508230805397
0.03714942932128906
0.12833397090435028
0.17262066900730133
0.09370514005422592
0.37296396493911743
0.37339848279953003
0.37896814942359924
0.10804003477096558
0.17025615274906158
0.0866791233420372
0.1329185962677002
0.17441418766975403
0.17868715524673462
0.03783726692199707
0.15883119404315948
0.0969918891787529
0.21705138683319092
0.07011814415454865
0.1358168125152588
0.13109548389911652
0.12966933846473694
0.5310988426208496
0.06263797730207443
0.031446076929569244
0.05757123976945877
0.12797607481479645
0.028485124930739403
0.07365727424621582
0.030595455318689346
0.9577355980873108
0.5295141339302063
0.05795980244874954
0.04867807403206825
0.07384940981864929
0.5774069428443909
0.26237818598747253
0.09007324278354645
0.11586050689220428
0.03761829063296318
0.9755986332893372
0.1118437722325325
0.15321983397006989
0.35353463888168335
0.18015208840370178
0.14419645071029663
0.12518036365509033
0.19821852445602417
0.11557890474796295
0.18508771061897278
0.2218998521566391
0.0543992705643177
0.06470891088247299
0.6472086906433105
0.025741076096892357
0.13005013763904572
0.03537912666797638
0.04183625429868698
0.2541416883468628
0.06004215031862259
0.1867883801460266
0.04128779098391533
0.2293413281440735
0.2538565993309021
0.7847532033920288
0.04247763380408287
0.11262260377407074
0.16819918155670166
0.014101083390414715
0.041072629392147064
0.07461532950401306
0.091480553150177
0.043456610292196274
0.08046410977840424
0.081034816801548
0.5321850180625916
0.12714919447898865
0.44295087456703186
0.15455055236816406
0.25301098823547363
0.12325285375118256
0.2763291299343109
0.40524017810821533
0.08708036690950394
0.4696846604347229
0.08102216571569443
0.2737698554992676
0.5828401446342468
0.09780372679233551
0.0779108852148056
0.11899729073047638
0.1278601735830307
0.7290075421333313
0.0720352977514267
0.08318998664617538
0.2083708941936493
0.1018226370215416
0.14423568546772003
0.10643213987350464
0.022812511771917343
0.11074118316173553
0.2596539258956909
0.17603808641433716
0.040115371346473694
0.0528956763446331
0.03305266052484512
0.07743935286998749
0.29707032442092896
0.056261565536260605
0.07755662500858307
0.5844011306762695
0.2134162038564682
0.3333204984664917
0.10405018925666809
0.03906581550836563
0.10856547206640244
0.5192386507987976
0.12131820619106293
0.11628025770187378
0.23503351211547852
0.20331606268882751
0.05729455500841141
0.04812758415937424
0.16971533000469208
0.055480703711509705
0.08122076094150543
0.1272197961807251
0.05638141930103302
0.07177653908729553
0.32385215163230896
0.02775963395833969
0.04694856330752373
0.029418492689728737
0.03718619793653488
0.48380419611930847
0.23865844309329987
0.2457462102174759
0.5979259610176086
0.11849217116832733
0.05059954151511192
0.16911835968494415
0.16056478023529053
0.11421702802181244
0.04719756543636322
0.031803861260414124
0.297309011220932
0.029628483578562737
0.19024193286895752
0.06102047488093376
0.1305859088897705
0.04285557195544243
0.09314724057912827
0.10445050150156021
0.03484470024704933
0.07702706009149551
0.6678624749183655
0.024848246946930885
0.04331990331411362
0.1868203580379486
0.031245430931448936
0.1805124580860138
0.06289329379796982
0.12327862530946732
0.10577448457479477
0.049042437225580215
0.19419384002685547
0.07647498697042465
0.07406572997570038
0.04839562997221947
0.03717312589287758
0.10406220704317093
0.12050267308950424
0.09023550897836685
0.7211722135543823
0.2742602229118347
0.2589452564716339
0.10225144028663635
0.08012518286705017
0.5020835995674133
0.08092095702886581
0.13933715224266052
0.19840945303440094
0.07686179131269455
0.18126942217350006
0.17928512394428253
0.23718810081481934
0.05014391243457794
0.11080280691385269
0.3636564016342163
0.08935841172933578
0.09510941058397293
0.16826610267162323
0.07379991561174393
0.06588074564933777
0.043229252099990845
0.7199187278747559
0.026664558798074722
0.2811411917209625
0.35399940609931946
0.018912166357040405
0.04616484418511391
0.06166019290685654
0.5168068408966064
0.10937173664569855
0.27267977595329285
0.05295274406671524
0.027829058468341827
0.03640430048108101
0.08286579698324203
0.05021407827734947
0.02423952892422676
0.33726853132247925
0.08149424940347672
0.04542160779237747
0.178092360496521
0.06522000581026077
0.20170310139656067
0.12769879400730133
0.04361875355243683
0.07834690064191818
0.1483423262834549
0.4866391122341156
0.042738184332847595
0.4109705984592438
0.08721931278705597
0.07670427113771439
0.16594244539737701
0.06075317785143852
0.05756617337465286
0.0804208517074585
0.06726788729429245
0.11558806151151657
0.035022441297769547
0.12403566390275955
0.06737136095762253
0.43430575728416443
0.056785374879837036
0.0598461851477623
0.09512303024530411
0.08627966046333313
0.19211217761039734
0.0467163510620594
0.03556772321462631
0.22222699224948883
0.04405754432082176
0.06003662571310997
0.18591423332691193
0.038007840514183044
0.03897612541913986
0.022306470200419426
0.08480698615312576
0.021481869742274284
0.13975580036640167
0.5291439294815063
0.21656812727451324
0.21270306408405304
0.0585152804851532
0.05300363525748253
0.07824113219976425
0.05942133814096451
0.03807586058974266
0.27035316824913025
0.02746141329407692
0.062140922993421555
0.26519981026649475
0.1133451908826828
0.1591620147228241
0.17958420515060425
0.14270441234111786
0.19530662894248962
0.04600245878100395
0.2632845342159271
0.047745462507009506
0.3864756226539612
0.2650516927242279
0.06027651205658913
0.08022727817296982
0.13404648005962372
0.12935121357440948
0.10529899597167969
0.03899421915411949
0.10930673778057098
0.10933007299900055
0.01873546466231346
0.15254680812358856
0.1958283931016922
0.06893736869096756
0.054089609533548355
0.13682584464550018
0.13430432975292206
0.08238189667463303
0.13396120071411133
0.2276071161031723
0.10428612679243088
0.09934081882238388
0.09886793047189713
0.14741508662700653
0.47306621074676514
0.034772999584674835
0.023135915398597717
0.16117770969867706
0.06636196374893188
0.37208929657936096
0.3381868004798889
0.48315492272377014
0.12276726961135864
0.07311596721410751
0.3798937499523163
0.1494203805923462
0.46970272064208984
0.04644524306058884
0.07381230592727661
0.17808862030506134
0.6061172485351562
0.4764179587364197
0.06895110011100769
0.06097167730331421
0.29559555649757385
0.2382574826478958
0.03958750516176224
0.12631624937057495
0.052924368530511856
0.0768699049949646
0.0419316366314888
0.05512939393520355
0.10347910225391388
0.05960199981927872
0.10140221565961838
0.05762134864926338
0.04936301335692406
0.24641938507556915
0.04367738962173462
0.3141181170940399
0.12274239212274551
0.16094619035720825
0.07391756772994995
0.05818771943449974
0.02710886485874653
0.07538419961929321
0.19237498939037323
0.19733111560344696
0.11656210571527481
0.4761785566806793
0.07451840490102768
0.08456104248762131
0.8451448082923889
0.22274364531040192
0.06555198132991791
0.037738487124443054
0.050756555050611496
0.08843810856342316
0.08068449795246124
0.048581503331661224
0.3259633779525757
0.08642064034938812
0.039469845592975616
0.08375810831785202
0.12675485014915466
0.07882051914930344
0.16903458535671234
0.07967616617679596
0.04321448132395744
0.02996881864964962
0.11174659430980682
0.06935176998376846
0.037255510687828064
0.10585900396108627
0.05201807618141174
0.05021103471517563
0.1903144270181656
0.2161019891500473
0.15275967121124268
0.03434845060110092
0.043546225875616074
0.23549847304821014
0.06519778817892075
0.8087942600250244
0.13426615297794342
0.04612953960895538
0.05969614163041115
0.08510372042655945
0.025335973128676414
0.612584114074707
0.09625162184238434
0.2139969915151596
0.40829724073410034
0.059243302792310715
0.07630456238985062
0.07663453370332718
0.08034040778875351
0.02334940806031227
0.07654770463705063
0.050969138741493225
0.25601714849472046
0.05786679685115814
0.3998394310474396
0.180753692984581
0.06936454027891159
0.04787072539329529
0.09363248199224472
0.24971000850200653
0.05048416554927826
0.06045341491699219
0.04311557486653328
0.04539903625845909
0.2288331687450409
0.0547395795583725
0.31558120250701904
0.16695000231266022
0.20715978741645813
0.05867718532681465
0.6253184676170349
0.0720294862985611
0.14855073392391205
0.17695041000843048
0.2295994609594345
0.0786992684006691
0.4558262526988983
0.17412595450878143
0.5895121693611145
0.08427571505308151
0.17195624113082886
0.47051286697387695
0.0748772844672203
0.1543719470500946
0.18459728360176086
0.09956330806016922
0.16768421232700348
0.12374115735292435
0.1751042753458023
0.08260414004325867
0.06079072132706642
0.04064961522817612
0.0352180190384388
0.10275056958198547
0.08706444501876831
0.10824797302484512
0.04808080568909645
0.07590191811323166
0.01736466959118843
0.2712368667125702
0.2635263204574585
0.09719341993331909
0.23944470286369324
0.039883553981781006
0.10097488015890121
0.173300102353096
0.14933012425899506
0.12977345287799835
0.10964743047952652
0.21257013082504272
0.08318974077701569
0.058998338878154755
0.4547594487667084
0.4489526152610779
0.08661852777004242
0.025663815438747406
0.06713741272687912
0.2822742462158203
0.06469237059354782
0.03386249765753746
0.2039317637681961
0.38944166898727417
0.05022386834025383
0.0706363394856453
0.05433233454823494
0.11750872433185577
0.028860613703727722
0.045724909752607346
0.10171254724264145
0.2382844239473343
0.07328235357999802
0.1611335724592209
0.05979158729314804
0.12971870601177216
0.12714892625808716
0.030564097687602043
0.11313622444868088
0.11883068829774857
0.13682089745998383
0.2529396414756775
0.15950877964496613
0.07451184839010239
0.05902637913823128
0.0716937854886055
0.07615799456834793
0.06993114203214645
0.09781333059072495
0.0394333116710186
0.04055815562605858
0.05560941621661186
0.5015686750411987
0.06339151412248611
0.033292777836322784
0.10320187360048294
0.020091906189918518
0.4330877363681793
0.10471371561288834
0.02929528057575226
0.04035736620426178
0.1634393334388733
0.039528172463178635
0.029612740501761436
0.10917094349861145
0.38422802090644836
0.6043352484703064
0.0828697457909584
0.08263154327869415
0.10472270101308823
0.2980709969997406
0.08352084457874298
0.14168156683444977
0.08921977877616882
0.09261494874954224
0.1751772165298462
0.21503786742687225
0.14141742885112762
0.325247198343277
0.1075049564242363
0.26646509766578674
0.13059520721435547
0.1985137164592743
0.09411837160587311
0.0922866240143776
0.12530888617038727
0.08666233718395233
0.07084611058235168
0.014325584284961224
0.06400978565216064
0.07966897636651993
0.5974605083465576
0.13925530016422272
0.08872928470373154
0.32660242915153503
0.0563674196600914
0.029243718832731247
0.09834255278110504
0.10261985659599304
0.03942883014678955
0.2737390100955963
0.05755225196480751
0.05230267718434334
0.03827200457453728
0.6317411065101624
0.09133637696504593
0.19881679117679596
0.06413597613573074
0.04610363394021988
0.23018239438533783
0.09805384278297424
0.09668482840061188
0.05365750566124916
0.1907573789358139
0.17418955266475677
0.1979038268327713
0.06696115434169769
0.16822046041488647
0.03653198853135109
0.021687332540750504
0.18407543003559113
0.1060691848397255
0.11336537450551987
0.06236487999558449
0.020589400082826614
0.030150828883051872
0.3117707371711731
0.040070079267024994
0.04385749250650406
0.1653091460466385
0.0797341912984848
0.28985780477523804
0.20624671876430511
0.06994638592004776
0.6976783871650696
0.06467311829328537
0.18567879498004913
0.07341430336236954
0.19005270302295685
0.11394579708576202
0.20758739113807678
0.20504632592201233
0.3166382312774658
0.5209650993347168
0.3883877992630005
0.17817147076129913
0.24408605694770813
0.07798345386981964
0.12330883741378784
0.2329237312078476
0.13104654848575592
0.1165766790509224
0.07376538962125778
0.41718289256095886
0.020147187635302544
0.04443763941526413
0.039471857249736786
0.11757534742355347
0.7066661715507507
0.16600610315799713
0.17834505438804626
0.6511803865432739
0.4691300690174103
0.03626476228237152
0.06688906997442245
0.0846361443400383
0.06014999374747276
0.14955149590969086
0.04211926832795143
0.11222721636295319
0.09481452405452728
0.14228926599025726
0.13064736127853394
0.10809046030044556
0.07755900919437408
0.4696822762489319
0.2792471647262573
0.05867113545536995
0.19822070002555847
0.026145007461309433
0.4613954424858093
0.4244349002838135
0.06622311472892761
0.09308192133903503
0.056634631007909775
0.23146003484725952
0.13361050188541412
0.12136020511388779
0.13669756054878235
0.3851886987686157
0.5218441486358643
0.15972624719142914
0.38967689871788025
0.17276613414287567
0.05813467130064964
0.1575082689523697
0.2692914605140686
0.0710400938987732
0.24538083374500275
0.04977023974061012
0.19661051034927368
0.07332182675600052
0.09727290272712708
0.15768662095069885
0.13992898166179657
0.4942503869533539
0.2578144967556
0.11760187894105911
0.04568171873688698
0.8105642199516296
0.05259278416633606
0.19133344292640686
0.0538923405110836
0.030754821375012398
0.07826435565948486
0.07459729164838791
0.07092852145433426
0.12904442846775055
0.6744345426559448
0.08570294827222824
0.09576431661844254
0.1692107766866684
0.18124344944953918
0.174317866563797
0.07230377942323685
0.08513128757476807
0.062357693910598755
0.17210619151592255
0.0581241250038147
0.08796586096286774
0.6511580944061279
0.03497911989688873
0.02188405953347683
0.025549354031682014
0.04742714390158653
0.2623805105686188
0.1268051713705063
0.05684581771492958
0.03181447088718414
0.128775954246521
0.23718369007110596
0.38352933526039124
0.0761684998869896
0.06836457550525665
0.4579022228717804
0.6747168898582458
0.09740275144577026
0.09814124554395676
0.046471256762742996
0.4701668322086334
0.08684194087982178
0.19707167148590088
0.3719279170036316
0.07531008124351501
0.1338801383972168
0.06854528933763504
0.067449189722538
0.07700508832931519
0.11493935436010361
0.14082786440849304
0.2552260160446167
0.3870810568332672
0.055164873600006104
0.638247549533844
0.5378511548042297
0.06221110746264458
0.03578038141131401
0.08398670703172684
0.06949514895677567
0.028531642630696297
0.06312504410743713
0.27309897541999817
0.0759224146604538
0.14300599694252014
0.04939398542046547
0.12160243839025497
0.05971751734614372
0.06759308278560638
0.025036459788680077
0.12363489717245102
0.019601192325353622
0.12919685244560242
0.3353481590747833
0.026747746393084526
0.39816591143608093
0.044600341469049454
0.24211011826992035
0.1863842010498047
0.12944543361663818
0.15071402490139008
0.02939537540078163
0.2782619595527649
0.14746405184268951
0.09644608944654465
0.0872916504740715
0.06290920823812485
0.09100751578807831
0.4201781749725342
0.4870706796646118
0.09398310631513596
0.1105414554476738
0.06579805910587311
0.03895894065499306
0.058826107531785965
0.018591945990920067
0.4854074716567993
0.17999452352523804
0.0290153156965971
0.19249588251113892
0.23369349539279938
0.08988649398088455
0.042991459369659424
0.0320436991751194
0.2248031198978424
0.12109848111867905
0.04256114736199379
0.04782954230904579
0.05506409704685211
0.08318792283535004
0.20759227871894836
0.1341697722673416
0.14017325639724731
0.02313627488911152
0.1359221190214157
0.07480340451002121
0.06506989896297455
0.05512935668230057
0.20258773863315582
0.09962308406829834
0.03973520174622536
0.1390303671360016
0.03146737813949585
0.043131858110427856
0.26825952529907227
0.04418473318219185
0.03819664940237999
0.11956928670406342
0.6673083901405334
0.06333298981189728
0.12545529007911682
0.19262796640396118
0.0913471132516861
0.17633236944675446
1.0572853088378906
0.11705265939235687
0.1689290553331375
0.13014858961105347
0.23701508343219757
0.2166939377784729
0.18314522504806519
0.11230270564556122
0.19638310372829437
0.43369826674461365
0.11134107410907745
0.14688657224178314
0.12372221052646637
0.06992975622415543
0.30398666858673096
0.10752610862255096
0.5506139397621155
0.14495722949504852
0.056636910885572433
0.11391034722328186
0.1256224513053894
0.6087941527366638
0.501591682434082
0.041413888335227966
0.06422174721956253
0.09347792714834213
0.12494581937789917
0.06674320250749588
0.2617816925048828
0.040834251791238785
0.04068296402692795
0.05126514658331871
0.23735222220420837
0.0306237880140543
0.02472609281539917
0.01281898282468319
0.024732233956456184
0.08621162176132202
0.024821678176522255
0.03412555530667305
0.026741009205579758
0.340271919965744
0.04172582924365997
0.0793476551771164
0.22036361694335938
0.06984498351812363
0.026679664850234985
0.07501506805419922
0.4820461869239807
0.0331035740673542
0.1828203946352005
0.043698202818632126
0.4561517834663391
0.02876630797982216
0.1425103396177292
0.06906355172395706
1.1508598327636719
0.17277146875858307
0.1016659364104271
0.23829025030136108
0.08704639971256256
0.10882455855607986
0.06886280328035355
0.21237297356128693
0.05718190595507622
0.3245331943035126
0.07709169387817383
0.09334336966276169
0.11036408692598343
0.3128930926322937
0.13200528919696808
0.08475127071142197
0.03816051036119461
0.1091635450720787
0.03632871434092522
0.05530084669589996
0.31313806772232056
0.2527531087398529
0.023043381050229073
0.0470263734459877
0.10860346257686615
0.0761965960264206
0.09161782264709473
0.11042524129152298
0.061310410499572754
0.03216158226132393
0.21736837923526764
0.18900346755981445
0.055247850716114044
0.10872093588113785
0.1532072126865387
0.7613759636878967
0.0580889992415905
0.037337567657232285
0.14545638859272003
0.026082836091518402
0.2525440752506256
0.02632991224527359
0.07293937355279922
0.05886435508728027
0.16514812409877777
0.5435149669647217
0.13163000345230103
0.12411298602819443
0.1106955036520958
0.07559606432914734
0.20089241862297058
0.049012184143066406
0.04667229950428009
0.05572320520877838
0.2850586771965027
0.47278615832328796
0.03374450281262398
0.0373329222202301
0.07698839157819748
0.059455111622810364
0.1732761412858963
0.09376537054777145
0.3088862895965576
0.06497859954833984
0.11270436644554138
0.1859901249408722
0.12861688435077667
0.06534513086080551
0.04018385335803032
0.1183544173836708
0.035230230540037155
0.0774613618850708
0.05343927443027496
0.07833175361156464
0.07835938036441803
0.8235997557640076
0.06920789182186127
0.23938971757888794
0.03216976672410965
0.05944681912660599
0.044258300215005875
0.0738864466547966
0.026971006765961647
0.2323710322380066
0.03900139033794403
0.0813363716006279
0.025025682523846626
0.4742096960544586
0.13458199799060822
0.2614142894744873
0.05457562580704689
0.14895722270011902
0.062062088400125504
0.10695436596870422
0.20946332812309265
0.06257471442222595
0.12995868921279907
0.033740460872650146
0.04520446062088013
0.5969430804252625
0.36106425523757935
0.2519230842590332
0.133171945810318
0.08605096489191055
0.054756034165620804
0.22576498985290527
0.12760931253433228
0.15514416992664337
0.29820966720581055
0.1475360244512558
0.08785893768072128
0.07572069764137268
0.15918827056884766
0.03954172134399414
0.23282289505004883
0.3991750478744507
0.2428131252527237
0.16714133322238922
0.46123260259628296
0.13400934636592865
0.058625008910894394
0.3865853548049927
0.03158234804868698
0.09773623943328857
0.06520345062017441
0.25863224267959595
0.2789240777492523
0.09300222247838974
0.07530148327350616
0.5784046649932861
0.12240446358919144
0.1057257428765297
0.22374218702316284
0.07648349553346634
0.06928101927042007
0.3449138402938843
0.04784602299332619
0.13155144453048706
0.521281898021698
0.35331541299819946
0.08922278136014938
0.08697056770324707
0.04807070642709732
0.3446924686431885
0.3938196897506714
0.3330255150794983
0.10784115642309189
0.10795031487941742
0.08577699214220047
0.13291791081428528
0.25846487283706665
0.09159485250711441
0.06462285667657852
0.09493060410022736
0.186454638838768
0.04385514184832573
0.09250614792108536
0.13307778537273407
0.25790852308273315
0.2593793272972107
0.07293852418661118
0.04774608090519905
0.15025635063648224
0.05818560719490051
0.12488198280334473
0.045389093458652496
0.05405373498797417
0.04219542071223259
0.63987797498703
0.0581735223531723
0.07410607486963272
0.13760721683502197
0.1396317034959793
0.39750614762306213
0.03532642126083374
0.05039909854531288
0.12286593019962311
0.05001112073659897
0.15526588261127472
0.044146228581666946
0.18635262548923492
0.17028802633285522
0.43070054054260254
0.059586863964796066
0.029007451608777046
0.03188702464103699
0.16133685410022736
0.04447627440094948
0.18195153772830963
0.08103642612695694
0.5302297472953796
0.061773620545864105
0.14464950561523438
0.13694339990615845
0.03378865122795105
0.04434363171458244
0.34613290429115295
0.0933932214975357
0.06315718591213226
0.08000261336565018
0.14771071076393127
0.17460991442203522
0.1076955646276474
0.29720059037208557
0.03223741427063942
0.0823962390422821
0.049529753625392914
0.07636918127536774
0.12822860479354858
0.05079732462763786
0.11233268678188324
0.05399297922849655
0.09096205979585648
0.033259887248277664
0.35174360871315
0.21936413645744324
0.2395726442337036
0.32899633049964905
0.05183330550789833
0.028935344889760017
0.17437036335468292
0.028156273066997528
0.21182602643966675
0.06115058436989784
0.0700533464550972
0.06982867419719696
0.22134684026241302
0.08228985965251923
0.16198669373989105
0.13127698004245758
0.21366889774799347
0.28745949268341064
0.06187962368130684
0.10211337357759476
0.08330995589494705
0.05313414707779884
0.0352926142513752
0.04506365582346916
0.0546906404197216
0.07236230373382568
0.11835812777280807
0.08214464038610458
0.021958034485578537
0.05588439851999283
0.05797974020242691
0.14679618179798126
0.7520076036453247
0.16970735788345337
0.09091240167617798
0.03969161957502365
0.45803552865982056
0.1116303950548172
0.08306968957185745
0.05113665387034416
0.7512024641036987
0.2360459864139557
0.15965832769870758
0.05802377685904503
0.07944266498088837
0.2700306475162506
0.7088083028793335
0.05756911635398865
0.12373025715351105
0.1181802824139595
0.1029723510146141
0.020813480019569397
0.018939416855573654
0.07231567054986954
0.11364438384771347
0.28941333293914795
0.2068164050579071
0.20705829560756683
0.4297149181365967
0.5118698477745056
0.14448459446430206
0.06932248175144196
0.03958537429571152
0.24057386815547943
0.04424435645341873
0.08377425372600555
0.17870426177978516
0.26421916484832764
0.14248301088809967
0.09352058172225952
0.825890302658081
0.4901846647262573
0.14252138137817383
0.4549824595451355
0.10455253720283508
0.14362071454524994
0.09576021879911423
0.3475378453731537
0.0742846354842186
0.09150337427854538
0.36259278655052185
0.1202160120010376
0.11567170172929764
0.32860517501831055
0.06109161302447319
0.1452316790819168
0.04065461456775665
0.07640986144542694
0.080997996032238
0.23167680203914642
0.2167675793170929
0.038070157170295715
0.060519810765981674
0.05891380459070206
0.040041059255599976
0.24750353395938873
0.2285946160554886
0.449677050113678
0.45370540022850037
0.20909658074378967
0.2110384702682495
0.28704315423965454
0.11075592786073685
0.06560885161161423
0.20629340410232544
0.07160311192274094
0.09274175763130188
0.1464342623949051
0.563850998878479
0.06749950349330902
0.07496777176856995
0.04159517586231232
0.05224606767296791
0.16353781521320343
0.1164851263165474
0.30462703108787537
0.09637346118688583
0.07722409814596176
0.19215087592601776
0.07630324363708496
0.5010101795196533
0.1363840252161026
0.10040370374917984
0.03000834211707115
0.02378593385219574
0.353278249502182
0.04083417356014252
0.09345664829015732
0.037025086581707
0.045468274503946304
0.034908752888441086
0.014757472090423107
0.15250931680202484
0.057359542697668076
0.3933883309364319
0.07926912605762482
0.18465478718280792
0.041968896985054016
0.03684961050748825
0.055647533386945724
0.38122478127479553
0.28833070397377014
0.2634909451007843
0.22096015512943268
0.1372445821762085
0.16349196434020996
0.0562615692615509
0.09973303973674774
0.2785748541355133
0.05139676481485367
0.0912318080663681
0.032763347029685974
0.058126263320446014
0.14744389057159424
0.06303233653306961
0.03638685867190361
0.18890951573848724
0.04408244788646698
0.0464087575674057
0.316351056098938
0.06438738107681274
0.15881119668483734
0.1523638218641281
0.06616734713315964
0.04366753250360489
0.06051909178495407
0.7493401765823364
0.060793437063694
0.03139708936214447
0.17757654190063477
0.36679452657699585
0.22180765867233276
0.125173881649971
0.12461945414543152
0.6174626350402832
0.21644222736358643
0.06098245829343796
0.07458334416151047
0.1677880436182022
0.09343281388282776
0.10103138536214828
0.17541100084781647
0.20245659351348877
0.06935255974531174
0.11154909431934357
0.4646972417831421
0.1388886421918869
0.16824743151664734
0.0527656115591526
0.1063442975282669
0.32280492782592773
0.02778383158147335
0.13592253625392914
1.2597497701644897
0.1919509619474411
0.07251757383346558
0.06348124891519547
0.0380304753780365
0.05716203525662422
0.037677329033613205
0.2851562798023224
0.07733196765184402
0.11120519787073135
0.016944482922554016
0.036528874188661575
0.08553725481033325
0.037300676107406616
0.13822808861732483
0.09365373104810715
0.031449198722839355
0.01846485771238804
0.07554955035448074
0.05114839971065521
0.10618876665830612
0.10991702973842621
0.3318100869655609
0.15792341530323029
0.14020444452762604
0.3470703959465027
0.21600912511348724
0.027150645852088928
0.06432947516441345
0.06974636763334274
0.04154151678085327
0.2797369658946991
0.23499204218387604
0.09022309631109238
0.16437724232673645
0.13584496080875397
0.14488303661346436
0.1285237967967987
0.4157717525959015
0.13337841629981995
0.03675166890025139
0.224724680185318
0.40485307574272156
0.07199279218912125
0.758747935295105
0.034518592059612274
0.09655532240867615
0.05750579759478569
0.5238983035087585
0.06745146214962006
0.1823836863040924
0.07398195564746857
0.14668190479278564
0.09402193129062653
0.055452555418014526
0.05284687876701355
0.16573956608772278
0.13629038631916046
0.09635648876428604
0.24909117817878723
0.12683242559432983
0.07181590795516968
0.017769236117601395
0.16602125763893127
0.0535636842250824
0.23655804991722107
0.08670732378959656
0.22046522796154022
0.08002583682537079
0.06630861759185791
0.05284788832068443
0.4507058560848236
0.1921364665031433
0.11587394773960114
0.0866788700222969
0.08587166666984558
0.045419782400131226
0.14383971691131592
0.29565367102622986
0.20214882493019104
0.16572989523410797
0.10606657713651657
0.13873884081840515
0.7056847810745239
0.12170632183551788
0.11946742981672287
0.049775730818510056
0.08464018255472183
0.030066557228565216
0.7655192017555237
0.049445830285549164
0.12488017231225967
0.10067061334848404
0.02763877809047699
0.3231012523174286
0.08349934965372086
0.07321865856647491
0.15482056140899658
0.0551927350461483
0.2852623760700226
0.05139492079615593
0.02592761255800724
0.06500864028930664
0.14134818315505981
0.06752786785364151
0.033689823001623154
0.5278475284576416
0.08797218650579453
0.049540579319000244
0.03249363973736763
0.0447576530277729
0.16837260127067566
0.03556637465953827
0.07152903825044632
0.022853421047329903
0.1206948459148407
0.02722199074923992
0.027994997799396515
0.17544867098331451
0.12300903350114822
0.09508288651704788
0.0889195054769516
0.02836030162870884
0.45437097549438477
0.026783645153045654
0.3914915919303894
0.12155788391828537
0.0720529779791832
0.030674727633595467
0.08994892239570618
0.09716816991567612
0.11837143450975418
0.13835768401622772
0.16085490584373474
0.5712159276008606
0.09807776659727097
0.06371098756790161
0.31148335337638855
0.11425869166851044
0.13486063480377197
0.08687812089920044
0.19501923024654388
0.19097621738910675
0.08297708630561829
0.12984491884708405
0.29783281683921814
0.021830644458532333
0.04957273602485657
0.13734616339206696
0.02669047750532627
0.07664605230093002
0.12536023557186127
0.6483964323997498
0.05875485762953758
0.06539136171340942
0.34468773007392883
0.32073262333869934
0.03309294208884239
0.052367351949214935
0.035928383469581604
0.05530911684036255
0.179904043674469
0.08865077048540115
0.03647645190358162
0.48061883449554443
0.3654630184173584
0.03539377450942993
0.06368240714073181
0.6441278457641602
0.0863918662071228
0.09819794446229935
0.09035208076238632
0.6823375821113586
0.08238449692726135
0.029709581285715103
0.06953688710927963
0.06745769828557968
0.4591241180896759
0.11480239033699036
0.06417382508516312
0.1149398684501648
0.05460061505436897
0.2882906198501587
0.06577488780021667
0.2050505131483078
0.0786190927028656
0.06342686712741852
0.05346387252211571
0.09676676988601685
0.05552114173769951
0.05206386744976044
0.04791778326034546
0.04151500016450882
0.09049083292484283
0.03781869262456894
0.024626072496175766
0.04540068283677101
0.3101139962673187
0.03443486988544464
0.3903472125530243
0.15109120309352875
0.5524514317512512
0.885333776473999
0.0854109451174736
0.05324217304587364
0.0298443716019392
0.26188918948173523
0.09378698468208313
0.1855359524488449
0.06396263837814331
0.21627186238765717
0.26261773705482483
0.3464016914367676
0.07396689057350159
0.12772469222545624
0.218806192278862
0.052289195358753204
0.27872368693351746
0.2647508382797241
0.09213058650493622
0.14792904257774353
0.13928143680095673
0.0708867684006691
0.12367093563079834
0.04186655953526497
0.023831551894545555
0.18006688356399536
0.06238262727856636
0.025441378355026245
0.1127576008439064
0.02641329914331436
0.2876232862472534
0.09195248782634735
0.07258825749158859
0.07083422690629959
0.38379529118537903
0.03481677174568176
0.057480327785015106
0.04152195155620575
0.21221759915351868
0.03442911431193352
0.30912405252456665
0.04934260621666908
0.025561030954122543
0.09329478442668915
0.09207917004823685
0.20275907218456268
0.14136368036270142
0.27244725823402405
0.049588482826948166
0.14234958589076996
0.06650479882955551
0.08732323348522186
0.04088420420885086
0.14241839945316315
0.08836816251277924
0.6373267769813538
0.0860508531332016
0.1420687735080719
0.04143597185611725
0.03008483164012432
0.1624089479446411
0.4589686393737793
0.03003571927547455
0.043886441737413406
0.038521505892276764
1.1198569536209106
0.11671002954244614
0.20590031147003174
0.047608014196157455
0.5620712637901306
0.07652006298303604
0.5490032434463501
0.0594208724796772
0.16917245090007782
0.15128782391548157
0.09882321953773499
0.09545083343982697
0.062957264482975
0.04585536569356918
0.1470496505498886
0.04524077847599983
0.05972587689757347
0.17812518775463104
0.08300979435443878
0.043951623141765594
0.2945282459259033
0.03189107030630112
0.23753876984119415
0.13513287901878357
0.027355119585990906
0.27839985489845276
0.23585756123065948
0.14116224646568298
0.06472846865653992
0.4751090705394745
0.027576878666877747
0.6299809217453003
0.15269756317138672
0.05168776586651802
0.15840677917003632
0.056214019656181335
0.03426274284720421
0.05544034391641617
0.09782438725233078
0.07205940037965775
0.11691401153802872
0.1443837434053421
0.1097705289721489
0.08668346703052521
0.09825246036052704
0.036662787199020386
0.08923039585351944
0.0213047843426466
0.15067562460899353
0.07784909754991531
0.21825560927391052
0.6340704560279846
0.04355612024664879
0.1047261580824852
0.05762505531311035
0.1500893235206604
0.05833388492465019
0.08645199984312057
0.2827388048171997
0.10063835233449936
0.25999945402145386
0.2939694821834564
0.04739142954349518
0.06664542108774185
0.08323562890291214
0.028428273275494576
0.11993249505758286
0.07911460846662521
0.6878306269645691
0.12717321515083313
0.1273190677165985
0.0694529265165329
0.3405148386955261
0.24468368291854858
0.10854072868824005
0.02925904467701912
0.07440821081399918
0.26300927996635437
0.10115884989500046
0.23103055357933044
0.18765756487846375
0.0403992123901844
0.04054775834083557
0.2170284539461136
0.08185743540525436
0.08518796414136887
0.2240048348903656
0.22004099190235138
0.17028313875198364
0.11778492480516434
0.03536835312843323
0.07064991444349289
0.04305870085954666
0.1629970818758011
0.40989363193511963
0.429159939289093
0.06288614124059677
0.050452250987291336
0.05067134276032448
0.059050388634204865
0.15102602541446686
0.15647490322589874
0.11949940770864487
0.07987704128026962
0.1526026874780655
0.05779038369655609
0.40582114458084106
0.07631707936525345
0.0805608257651329
0.13516606390476227
0.44047465920448303
0.11314623802900314
0.057054247707128525
0.039217814803123474
0.034353796392679214
0.07192038744688034
0.46878862380981445
0.07769598066806793
0.17015016078948975
0.08840613812208176
0.08291668444871902
0.4604890048503876
0.053782910108566284
0.20699149370193481
0.08906325697898865
0.08740527182817459
0.1263437420129776
0.24284867942333221
0.27535632252693176
0.4958449602127075
0.44475966691970825
0.047819800674915314
0.09201204031705856
0.0685090497136116
0.041838571429252625
0.08594121783971786
0.0862557590007782
0.04627162963151932
0.22773002088069916
0.0628691241145134
0.03927180543541908
0.039259135723114014
0.5539484620094299
0.19844695925712585
0.08131355047225952
0.11611662060022354
0.20436571538448334
0.9579790830612183
0.2113640010356903
0.10048792511224747
0.20241448283195496
0.14550700783729553
0.07260031253099442
0.08670888096094131
0.10717082023620605
0.11168879270553589
0.0932038426399231
0.19171258807182312
0.04567833989858627
0.12291581928730011
0.2508143186569214
0.4727986752986908
0.11954613775014877
0.09258490055799484
0.050855107605457306
0.04639417305588722
0.03929617255926132
0.06987456232309341
0.21387265622615814
0.05321037396788597
0.04671904817223549
0.08009923249483109
0.06553474068641663
0.05299779400229454
0.06537802517414093
0.039103880524635315
0.059262536466121674
0.03306198492646217
0.08755646646022797
0.18100327253341675
0.1444619596004486
0.2598409056663513
0.17671796679496765
0.4482516944408417
0.03787833824753761
0.11128664016723633
0.10636110603809357
0.047116294503211975
0.07205811887979507
0.04045975208282471
0.10001529008150101
0.11309956014156342
0.34782516956329346
0.12459047883749008
0.07542524486780167
0.25059181451797485
0.24046219885349274
0.022830864414572716
0.030771633610129356
0.07555390149354935
0.049818333238363266
0.03791848197579384
0.5042335987091064
0.06253539770841599
0.2684984505176544
0.2130986452102661
0.13558010756969452
0.0422721728682518
0.0509052500128746
0.1397460401058197
0.1344829499721527
0.14000177383422852
0.06311475485563278
0.31854403018951416
0.3061332702636719
0.026604674756526947
0.1372229903936386
0.19278903305530548
0.09964773058891296
0.11242982000112534
0.5633718371391296
0.03399007022380829
0.15787427127361298
0.057141099125146866
0.05649809539318085
0.18191216886043549
0.3622663617134094
0.13010236620903015
0.04152374342083931
0.5249162316322327
0.1553739756345749
0.13188566267490387
0.0649738609790802
0.11369726061820984
0.21635934710502625
0.15054002404212952
0.4740994870662689
0.06586052477359772
0.11182054132223129
0.09802256524562836
0.10293973237276077
0.2754785716533661
0.1674136370420456
0.45796990394592285
0.06551820784807205
0.21277441084384918
0.04544343426823616
0.057302795350551605
0.061308134347200394
0.18365734815597534
0.11283133178949356
0.20133979618549347
0.0503796711564064
0.037208084017038345
0.20542201399803162
0.038539618253707886
0.07524831593036652
0.06542955338954926
0.34741735458374023
0.06603800505399704
0.2598734200000763
0.12014960497617722
0.042180679738521576
0.14356811344623566
0.06438115984201431
0.08354470133781433
0.04781431704759598
0.05805626139044762
0.08265234529972076
0.06685589253902435
0.419100284576416
0.23613280057907104
0.02797485888004303
0.07479400187730789
0.16206711530685425
1.0912326574325562
0.7456867694854736
0.03506502881646156
0.16090521216392517
0.10415048897266388
0.3740405738353729
0.11918336898088455
0.11324245482683182
0.06965814530849457
0.20925788581371307
0.35232841968536377
0.08106409758329391
0.11046337336301804
0.15310639142990112
0.09280072897672653
0.11413947492837906
0.16878241300582886
0.047761719673871994
0.6465646028518677
0.12051799893379211
0.1258823275566101
0.10288510471582413
0.11304604262113571
0.09009257704019547
0.10255403816699982
0.07352720946073532
0.09208571910858154
0.027272362262010574
0.12395095080137253
0.04096071794629097
0.07077746093273163
0.06464877724647522
0.1948843151330948
0.028334584087133408
0.8844366669654846
0.048809099942445755
0.17528685927391052
0.2766955494880676
0.032196126878261566
0.19217804074287415
0.04174934700131416
0.03980734571814537
0.04621832072734833
0.2566967308521271
0.05010232329368591
0.0440681092441082
0.15621024370193481
0.14616219699382782
0.08290541917085648
0.12252631783485413
0.04198804870247841
0.06644991040229797
0.03074168972671032
0.07448521256446838
0.07399190217256546
0.062189072370529175
0.5160883069038391
0.24543580412864685
0.2643933594226837
0.045058831572532654
0.04929322376847267
0.2778586149215698
0.06014052405953407
0.13885673880577087
0.5224881768226624
0.49121981859207153
0.037637222558259964
0.12343428283929825
0.021041272208094597
0.12891167402267456
0.4362936317920685
0.17205284535884857
0.5461011528968811
0.12306449562311172
0.08097140491008759
0.09450162947177887
0.14236584305763245
0.20002885162830353
0.11813998967409134
0.07741010189056396
0.07229041308164597
0.5687251687049866
0.04771856591105461
0.08537080138921738
0.12008503079414368
0.08660412579774857
0.09879851341247559
0.5773820877075195
0.07048042863607407
0.03360571712255478
0.20046058297157288
0.11048180609941483
0.024580879136919975
0.07236231863498688
0.22641313076019287
0.05315715819597244
0.18249060213565826
0.19638772308826447
0.30775925517082214
0.059552352875471115
0.19386811554431915
0.03686469793319702
0.08869222551584244
0.14704754948616028
0.1494254618883133
0.04210015758872032
0.07613006234169006
0.04275968670845032
0.09860680252313614
0.4827820658683777
0.15975502133369446
0.04839172959327698
0.045770369470119476
0.29084208607673645
0.09131687879562378
0.6064565181732178
0.23626317083835602
0.0385967455804348
0.0752498060464859
0.15067392587661743
0.14292964339256287
0.04375391826033592
0.10758445411920547
0.1543852835893631
0.21856549382209778
0.2579227089881897
0.0997806042432785
0.08063965290784836
0.1355704814195633
0.18672406673431396
0.3037472069263458
0.08073876798152924
0.05904082581400871
0.0342051237821579
0.09335383027791977
0.08430366218090057
0.06350292265415192
0.034969739615917206
0.027536891400814056
0.07197368890047073
0.34630173444747925
0.1255708485841751
0.1989096701145172
0.01783360168337822
0.018919583410024643
0.10736440122127533
0.413684606552124
0.01644507236778736
0.29552051424980164
0.13496547937393188
0.3948479890823364
0.042574454098939896
0.18961535394191742
0.035054560750722885
0.1687893569469452
0.2423003911972046
0.13170728087425232
0.7549539804458618
0.28679680824279785
0.39278799295425415
0.26945242285728455
0.21018432080745697
0.11748024821281433
0.28466925024986267
0.044779807329177856
0.28176480531692505
0.11397480219602585
0.13249120116233826
0.16732770204544067
0.19788682460784912
0.08392441272735596
0.12424583733081818
0.1145743876695633
0.3998428285121918
0.2738947868347168
0.24312147498130798
0.1949455589056015
0.07975723594427109
0.5248205661773682
0.1288709044456482
0.04878681153059006
0.04187808558344841
0.09805258363485336
0.14939722418785095
0.07697643339633942
0.017386706545948982
0.040212929248809814
0.04237847030162811
0.031100496649742126
0.10958615690469742
0.030362941324710846
0.23309549689292908
0.1959519237279892
0.17737926542758942
0.08819395303726196
0.21495363116264343
0.03700032830238342
0.20369458198547363
0.06419776380062103
0.30965209007263184
0.12743869423866272
0.052311740815639496
0.13358497619628906
0.042812786996364594
0.22654074430465698
0.6336405873298645
0.038424767553806305
0.054746922105550766
0.1933428943157196
0.3339724838733673
0.48013997077941895
0.1268492192029953
0.089456707239151
0.08879739791154861
0.057971660047769547
0.32216888666152954
0.2577485144138336
0.14099794626235962
0.048784784972667694
0.11895104497671127
0.3571857213973999
0.05902784317731857
0.10628283768892288
0.05638296529650688
0.08271409571170807
0.3440500497817993
0.03640459477901459
0.06181269511580467
0.07602334767580032
0.06822709739208221
0.5476157069206238
0.048667266964912415
0.2698795199394226
0.11874429881572723
0.0320853590965271
0.4728182852268219
0.04192952439188957
0.053715698421001434
0.07473762333393097
0.18342706561088562
0.29384565353393555
0.07443433254957199
0.15428291261196136
0.12958629429340363
0.12602411210536957
0.07519181072711945
0.0970718041062355
0.03850138559937477
0.04440803453326225
0.24180267751216888
0.21459339559078217
0.07039258629083633
0.05080202594399452
0.1858503669500351
0.02795051783323288
0.10348960012197495
0.22660009562969208
0.7563965916633606
0.057330161333084106
0.08575984835624695
0.09438197314739227
0.033389486372470856
0.22047755122184753
0.08337071537971497
0.0198622178286314
0.6231402158737183
0.10375811159610748
0.10293194651603699
0.07555016875267029
0.11908307671546936
0.3767116069793701
0.08512719720602036
0.36523357033729553
0.027129607275128365
0.0878937691450119
0.07866546511650085
0.04878982901573181
0.14350773394107819
0.047944195568561554
0.5275757908821106
0.2701924741268158
0.10319498926401138
0.4488084316253662
0.13152243196964264
0.10386746376752853
0.330308735370636
0.08330827951431274
0.1672597974538803
0.10251254588365555
0.06198851019144058
0.09572257846593857
0.06459002941846848
0.14891265332698822
0.045844946056604385
0.031376175582408905
0.09401334077119827
0.23289084434509277
0.10071023553609848
0.0415973924100399
0.17335133254528046
0.145057812333107
0.0665694996714592
0.03332025930285454
0.09686588495969772
0.34911349415779114
0.6786586046218872
0.08721501380205154
0.10741321742534637
0.16708649694919586
0.04307954013347626
0.06888327747583389
0.13389798998832703
0.7535787224769592
0.3277567923069
0.06506352126598358
0.060652170330286026
0.11613158881664276
0.16589976847171783
0.229111909866333
0.05399607867002487
0.032770585268735886
0.2334233820438385
0.08223721385002136
0.05292803794145584
0.09785635024309158
0.1327972561120987
0.14382970333099365
0.23882988095283508
0.38334178924560547
0.082339808344841
0.25385981798171997
0.2090987265110016
0.0548403263092041
0.2656123638153076
0.0597543865442276
0.5127487182617188
0.02406911738216877
0.03180637210607529
0.0323045589029789
0.0719136893749237
0.18273696303367615
0.07842602580785751
0.03277856484055519
0.048761069774627686
0.04338588938117027
0.11823737621307373
0.2822609543800354
0.4553569257259369
0.23209227621555328
0.47813358902931213
0.04492154344916344
0.05376838892698288
0.06040912866592407
0.09568408876657486
0.1822376847267151
0.4624484181404114
0.19328178465366364
0.06815473735332489
0.08329340815544128
0.19502700865268707
0.2695254683494568
0.7212439179420471
0.20014983415603638
0.07996609061956406
0.08053497970104218
0.09398075938224792
0.08526380360126495
0.4745064675807953
0.12306351959705353
0.05668296292424202
0.027994439005851746
0.06317736953496933
0.04334115982055664
0.07366806268692017
0.05049910768866539
0.07304693758487701
0.05481027066707611
0.0717868059873581
0.35873061418533325
0.08423390984535217
0.453985333442688
0.028643961995840073
0.06542947888374329
0.10409687459468842
0.3296099603176117
0.11947596073150635
0.11582852154970169
0.13285444676876068
0.2372877150774002
0.04270701855421066
0.06523380428552628
0.1002424955368042
0.0874667838215828
0.054953355342149734
0.40863651037216187
0.0507173128426075
0.2833181917667389
0.037389397621154785
0.23127537965774536
0.1581837385892868
0.05428575351834297
0.024418039247393608
0.42406511306762695
0.032728973776102066
0.1771739274263382
0.03869437053799629
0.06775172054767609
0.05442415550351143
0.36946916580200195
0.6098381876945496
0.031310681253671646
0.15393908321857452
0.0630200058221817
0.05329006165266037
0.4756131172180176
0.1596532166004181
0.06940194219350815
0.060774389654397964
0.08199233561754227
0.03330279514193535
0.20968981087207794
0.031395599246025085
0.552493691444397
0.05009455978870392
0.5406938195228577
0.05037804692983627
0.05754632502794266
0.2486921101808548
0.12252846360206604
0.05445864051580429
0.14815378189086914
0.053914450109004974
0.06550855189561844
0.03854760155081749
0.05918573588132858
0.10515176504850388
0.4933188855648041
0.14199002087116241
0.1554117351770401
0.04207474738359451
0.019403943791985512
0.09806399047374725
0.022663235664367676
0.21657618880271912
0.2911636531352997
0.01820758543908596
0.15932542085647583
0.17258082330226898
0.21658191084861755
0.0519760362803936
0.39908793568611145
0.05714724585413933
0.12899328768253326
0.05754061043262482
0.17979976534843445
0.12396462261676788
0.11162514239549637
0.1927786022424698
0.24072545766830444
0.3964684307575226
0.19338788092136383
0.3146462142467499
0.24815800786018372
0.06276097148656845
0.08084435760974884
0.08482962846755981
0.04281497001647949
0.11928578466176987
0.286936491727829
0.032691147178411484
0.3036330044269562
0.047709859907627106
0.04469485208392143
0.09265869855880737
0.48330405354499817
0.2051319032907486
0.0825984999537468
0.09352380782365799
0.05833159014582634
0.1302708238363266
0.03303566202521324
0.11094147711992264
0.17519046366214752
0.03583640977740288
0.2582475244998932
0.40039896965026855
0.20246058702468872
0.7135536074638367
0.041406549513339996
0.26069211959838867
0.27232787013053894
0.16872262954711914
0.22519251704216003
0.046876657754182816
0.1358586847782135
0.16743457317352295
0.08710764348506927
0.09525468200445175
0.42110663652420044
0.6134088635444641
0.051988743245601654
0.06388405710458755
0.13822653889656067
0.11895549297332764
0.11010602861642838
0.06742524355649948
0.04930080473423004
0.165902778506279
0.05118738114833832
0.34033718705177307
0.05851540341973305
0.6464980244636536
0.12846669554710388
0.1951623558998108
0.03018113411962986
0.021226098760962486
0.07195404917001724
0.3734957277774811
0.14342756569385529
0.04575945436954498
0.20161886513233185
0.034370288252830505
0.13620229065418243
0.04780898988246918
0.4612314701080322
0.06487686187028885
0.26494789123535156
0.05724817514419556
0.03939371928572655
0.25521278381347656
0.2617650330066681
0.03363831713795662
0.5834699869155884
0.02278381958603859
0.06239761784672737
0.2271265834569931
0.07270796597003937
0.12906979024410248
0.11650412529706955
0.11279086768627167
0.4596449136734009
0.06182967871427536
0.12983261048793793
0.05990051105618477
0.4119873046875
0.4347671866416931
0.0661851167678833
0.19310040771961212
0.4855649173259735
0.09275633096694946
0.07176633179187775
0.0914650559425354
0.5133870244026184
0.09834374487400055
0.07650954276323318
0.13877297937870026
0.14427496492862701
0.10345170646905899
0.11733394116163254
0.26866745948791504
0.07426170259714127
0.08168607205152512
0.0978998914361
0.046186596155166626
0.10150332003831863
0.13511137664318085
0.10809814184904099
0.018781442195177078
0.01788179576396942
0.06317999958992004
0.03956260532140732
0.08488539606332779
0.02210124395787716
0.042819298803806305
0.033632293343544006
0.10910296440124512
0.03989522531628609
0.13564445078372955
0.09143306314945221
0.23430931568145752
0.12538185715675354
0.08653590083122253
0.043899908661842346
0.550905168056488
0.04716037958860397
0.07229838520288467
0.36095720529556274
0.04430170729756355
0.06475235521793365
0.12535756826400757
0.0489540696144104
0.04727831482887268
0.03920486196875572
0.042999472469091415
0.04751196131110191
0.04103771969676018
0.09107352048158646
0.11579252779483795
0.04209805652499199
0.7856626510620117
0.13351693749427795
0.5213764309883118
0.212486132979393
0.1169109120965004
0.2824982702732086
0.07501708716154099
0.05369118973612785
0.03722106292843819
0.05484344810247421
0.09885261207818985
0.40467581152915955
0.12498073279857635
0.07570859044790268
0.046064555644989014
0.052834656089544296
0.6534395217895508
0.022584829479455948
0.09669923782348633
0.053480833768844604
0.13102120161056519
0.3950229287147522
0.056217778474092484
0.05885612592101097
0.12410251051187515
0.06775640696287155
0.14058564603328705
0.8852624893188477
0.0752764493227005
0.05645112320780754
0.05836452543735504
0.07738005369901657
0.04918259009718895
0.4729579985141754
0.04498319327831268
0.06089663505554199
0.0870669037103653
0.1604611873626709
0.408666729927063
0.10139423608779907
0.08433660864830017
0.12889553606510162
0.3075205385684967
0.2085883766412735
0.13990898430347443
0.2082587033510208
0.19165560603141785
0.08532973378896713
0.04368186742067337
0.040974210947752
0.26856714487075806
0.028192926198244095
0.07002416253089905
0.036363210529088974
0.25948458909988403
0.6322342157363892
0.2934838533401489
0.6403752565383911
0.12993349134922028
0.06929230690002441
0.34072133898735046
0.6934110522270203
0.36275091767311096
0.5513087511062622
0.15830275416374207
0.1704527586698532
0.21323305368423462
0.1359267234802246
0.042827557772397995
0.16452905535697937
0.21169450879096985
0.17665812373161316
0.18060685694217682
0.13594502210617065
0.15418687462806702
0.33160775899887085
0.3139845132827759
0.2326367199420929
0.1130010262131691
0.5675163865089417
0.08140002936124802
0.21836356818675995
0.08911479264497757
0.040568817406892776
0.12647023797035217
0.12683610618114471
0.4357247054576874
0.1791953295469284
0.22468514740467072
0.040443211793899536
0.09234552830457687
0.0535774901509285
0.06949324160814285
0.03174584358930588
0.041992783546447754
0.059048064053058624
0.09321395307779312
0.2940245568752289
0.023252056911587715
0.029598649591207504
0.35435357689857483
0.08185674995183945
0.12145202606916428
0.04620642587542534
0.19150514900684357
0.054452281445264816
0.07919268310070038
0.04441598430275917
0.14569060504436493
0.037875186651945114
0.0372464545071125
0.08141932636499405
0.03325478732585907
0.07224497944116592
0.4450022876262665
0.03869826719164848
0.0919618159532547
0.02327415719628334
0.03289937227964401
0.06457538902759552
0.06662602722644806
0.03774191066622734
0.038394950330257416
0.0708155483007431
0.06987527012825012
0.13298070430755615
0.041608404368162155
0.0810331180691719
0.08250090479850769
0.19156406819820404
0.01995595172047615
0.041342418640851974
0.04673473536968231
0.755422830581665
0.07156381011009216
0.11781357228755951
0.05222783610224724
0.1054394394159317
0.04464789479970932
0.13540592789649963
0.2205810695886612
0.587765634059906
0.06380810588598251
0.3442840278148651
0.06646803021430969
0.16754522919654846
0.04289969801902771
0.0847405344247818
0.1259509176015854
0.2060072273015976
0.5142064690589905
0.06207258254289627
0.08910243958234787
0.4592195153236389
0.09763715416193008
0.09372279793024063
0.25389376282691956
0.2728487253189087
0.10942205786705017
0.054040390998125076
0.28809458017349243
0.1075761690735817
0.09271497279405594
0.18933998048305511
0.06236773356795311
0.0157774630934
0.319476842880249
0.05676911398768425
0.19712470471858978
0.03829985111951828
0.1305004060268402
0.02186957560479641
0.024374084547162056
0.023933932185173035
0.020555995404720306
0.03214501217007637
0.2409844696521759
0.25512710213661194
0.4653048813343048
0.22065900266170502
0.041822705417871475
0.050820477306842804
0.38229718804359436
0.07124397158622742
0.09968278557062149
0.03549506142735481
0.14526447653770447
0.5018148422241211
0.06087467446923256
0.11597475409507751
0.0487847626209259
0.07294047623872757
0.4101100564002991
0.04089944809675217
0.22297489643096924
0.17314904928207397
0.09328246861696243
0.07423119992017746
0.03193274885416031
0.09362559020519257
0.15133032202720642
0.03443538397550583
0.2988329231739044
0.2532738149166107
0.08311650902032852
0.21226873993873596
0.17710137367248535
0.0920724868774414
0.13300178945064545
0.07356870919466019
0.1257379800081253
0.07754639536142349
0.09686681628227234
0.13681232929229736
0.34458890557289124
0.2387697696685791
0.04993460699915886
0.28511711955070496
0.029537901282310486
0.279911607503891
0.21997812390327454
0.07793376594781876
0.36002668738365173
0.037584785372018814
0.3594364523887634
0.11603540927171707
0.04545163735747337
0.04174335300922394
0.02734101563692093
0.4234887659549713
0.085098035633564
0.10129576921463013
0.10136507451534271
0.1390046626329422
0.12016425281763077
0.03019988350570202
0.1562355011701584
0.03629400208592415
0.39322352409362793
0.05789243057370186
0.15709230303764343
0.14727893471717834
0.056002043187618256
0.16197293996810913
0.2712993025779724
0.6007678508758545
0.06131869927048683
0.12482275068759918
0.1065465584397316
0.16683971881866455
0.05254494026303291
0.06901679933071136
0.08198557049036026
0.05783651024103165
0.14587360620498657
0.16578245162963867
0.26430487632751465
0.04326942190527916
0.06367083638906479
0.035140179097652435
0.07099777460098267
0.12837792932987213
0.17226845026016235
0.10828612744808197
0.06179821118712425
0.18517257273197174
0.24830414354801178
0.19681300222873688
0.019390391185879707
0.04374188557267189
0.08700193464756012
0.2870557904243469
0.10438790917396545
0.0996275469660759
0.2644208073616028
0.05911676585674286
0.06730853766202927
0.06774726510047913
0.06458672881126404
0.2435784637928009
0.102704256772995
0.1414051055908203
0.14585371315479279
0.06754187494516373
0.058985911309719086
0.07955656200647354
0.06078923121094704
0.2386714369058609
0.07609953731298447
0.125193253159523
0.09873533993959427
0.0589786171913147
0.3041803538799286
0.10822772234678268
0.0683559700846672
0.16496938467025757
0.07205356657505035
0.5486177802085876
0.023085610941052437
0.4273638129234314
0.025494728237390518
0.1009499579668045
0.14969667792320251
0.14416830241680145
0.020713942125439644
0.47901302576065063
0.06404532492160797
0.19970454275608063
0.06385549157857895
0.10968543589115143
0.505480170249939
0.08662665635347366
0.13574296236038208
0.17624793946743011
0.09238492697477341
0.09247471392154694
0.15783584117889404
0.3410850763320923
0.08682020753622055
0.05465620011091232
0.1336854100227356
0.05284351110458374
0.10283947736024857
0.1562645137310028
0.04441685602068901
0.42675232887268066
0.0259085800498724
0.6069471836090088
0.08630838990211487
0.17456847429275513
0.04138994216918945
0.038393180817365646
0.4370450973510742
0.330542653799057
0.08367446810007095
0.1507103443145752
0.15655331313610077
0.1616664081811905
0.20391711592674255
0.13601987063884735
0.07792741805315018
0.03526837378740311
0.05960746854543686
0.05514943599700928
0.09069213271141052
0.0786953791975975
0.18076638877391815
0.2935256063938141
0.023080945014953613
0.05514528602361679
0.1366092562675476
0.04360724985599518
0.15714743733406067
0.12173373997211456
0.217754065990448
0.3515591323375702
0.5486698150634766
0.05395571142435074
0.20425307750701904
0.05217520147562027
0.06584121286869049
0.20685748755931854
0.4907732903957367
0.08077892661094666
0.07748124748468399
0.13719017803668976
0.028618639335036278
0.056816015392541885
0.14821580052375793
0.1858973652124405
0.03039737418293953
0.05683908611536026
0.025303388014435768
0.051237113773822784
0.024771539494395256
0.07596850395202637
0.13341787457466125
0.033142633736133575
0.07890252768993378
0.2541428208351135
0.09393838793039322
0.020625116303563118
0.02945355698466301
0.16144420206546783
0.03711323067545891
0.2630476951599121
0.2900252044200897
0.575366199016571
0.20636816322803497
0.12281467020511627
0.24741217494010925
0.1252862960100174
0.3419281840324402
0.0738585814833641
0.23429492115974426
0.4072812795639038
0.1137097030878067
0.08190608024597168
0.12333788722753525
0.10032381117343903
0.25040215253829956
0.06166016682982445
0.12113149464130402
0.03956088051199913
0.14175117015838623
0.028409628197550774
0.09963363409042358
0.06046094372868538
0.17454496026039124
0.26243412494659424
0.10667496174573898
0.07794682681560516
0.27085334062576294
0.053101085126399994
0.10649459809064865
0.08810900896787643
0.047808997333049774
0.12461480498313904
0.11128927022218704
0.04556982219219208
0.0537119023501873
0.08028150349855423
0.09215180575847626
0.03115754947066307
0.09715747088193893
0.13524264097213745
0.3730853199958801
0.05138961225748062
0.131186380982399
0.08401642739772797
0.015210386365652084
0.05093342438340187
0.19940772652626038
0.1430310606956482
0.11566254496574402
0.035261619836091995
0.053003184497356415
0.02913442999124527
0.08229774236679077
0.02813544310629368
0.6195380687713623
0.08047556132078171
0.38113337755203247
0.06829456984996796
0.11004256457090378
0.15588268637657166
0.06838780641555786
0.03957728296518326
0.4255267381668091
0.07589828968048096
0.10800985991954803
0.1949211061000824
0.03553490340709686
0.4958406090736389
0.08833638578653336
0.12008366733789444
0.13782678544521332
0.026609698310494423
0.5372850298881531
0.05896370857954025
0.1556311547756195
0.03850891441106796
0.05510210990905762
0.08415248990058899
0.043498486280441284
0.25392621755599976
0.06314852088689804
0.3234524428844452
0.18588945269584656
0.5126310586929321
0.04609515890479088
0.05741896852850914
0.06599299609661102
0.051724497228860855
0.06448081135749817
0.04765257239341736
0.3196254372596741
0.4873102009296417
0.24583056569099426
0.3505271077156067
0.13529440760612488
0.0328802615404129
0.07791837304830551
0.03954629227519035
0.07946380972862244
0.034244976937770844
0.10570545494556427
0.06102834269404411
0.11231901496648788
0.022461116313934326
0.0519828125834465
0.04982113093137741
0.03895004093647003
0.03626431152224541
0.06824551522731781
0.510388195514679
0.23916436731815338
0.3783963620662689
0.28449127078056335
0.22080868482589722
0.09482783079147339
0.026450231671333313
0.13406279683113098
0.16076190769672394
0.6066060662269592
0.09276190400123596
0.05982927232980728
0.1574932038784027
0.8355364799499512
0.15532739460468292
0.35107511281967163
0.21058392524719238
0.037425536662340164
0.4405624270439148
0.04571826756000519
0.041291482746601105
0.1968715637922287
0.03010815940797329
0.5103765726089478
0.10229035466909409
0.026880409568548203
0.030768411234021187
0.36638128757476807
0.058103032410144806
0.13521914184093475
0.049242496490478516
0.21268849074840546
0.025743771344423294
0.07077369093894958
0.13635572791099548
0.5657978653907776
0.6287012696266174
0.20103390514850616
0.1767144799232483
0.05815031751990318
0.0836133286356926
0.13570398092269897
0.10912594944238663
0.0470416359603405
0.08363711833953857
0.13968582451343536
0.13211393356323242
0.11853338032960892
0.0473828949034214
0.3164784610271454
0.2496163696050644
0.15913033485412598
0.10203497856855392
0.11840608716011047
0.04143497347831726
0.03401185944676399
0.17288687825202942
0.025670332834124565
0.08266709744930267
0.024743489921092987
0.08639974892139435
0.6131964921951294
0.05124989524483681
0.2391461431980133
0.15025073289871216
0.09253659099340439
0.04694907367229462
0.46265390515327454
0.16972284018993378
0.09082432836294174
0.146904855966568
0.11306044459342957
0.16657260060310364
0.14932948350906372
0.22870497405529022
0.0560128353536129
0.1621563881635666
0.09755362570285797
0.4004693627357483
0.06137656047940254
0.1494484394788742
0.2707773745059967
0.07043139636516571
0.0656994879245758
0.03730129078030586
0.062436167150735855
0.0866772010922432
0.07620378583669662
0.24621812999248505
0.24599313735961914
0.024456512182950974
0.08944284170866013
0.17038483917713165
0.5397395491600037
0.15710699558258057
0.2442488670349121
0.10778027027845383
0.17065545916557312
0.32390815019607544
0.09526575356721878
0.24830082058906555
0.09305660426616669
0.08904816210269928
0.06426982581615448
0.11810697615146637
0.26805293560028076
0.16415444016456604
0.4487445056438446
0.039699193090200424
0.04590406268835068
0.05836145952343941
0.4841156601905823
0.05317186191678047
0.17422837018966675
0.07936239242553711
0.09745866805315018
0.15507426857948303
0.9617773294448853
0.2761385142803192
0.1260526031255722
0.18325483798980713
0.08033445477485657
0.12716254591941833
0.13652263581752777
0.04337072744965553
0.1044134721159935
0.16602009534835815
0.10271869599819183
0.05334948003292084
0.29729270935058594
0.20066525042057037
0.07029195129871368
0.05995946377515793
0.14005668461322784
0.07130225747823715
0.6865361928939819
0.08091229200363159
0.1096944808959961
0.124761201441288
0.16349264979362488
0.03404424339532852
0.04698127880692482
0.1180921345949173
0.08766421675682068
0.058798693120479584
0.04240933805704117
0.1140466257929802
0.4306985139846802
0.12729468941688538
0.25219109654426575
0.05228675901889801
0.11239360272884369
0.09548602253198624
0.08245178312063217
0.16874054074287415
0.2458399385213852
0.1934133917093277
0.6023995876312256
0.3222663104534149
0.13057562708854675
0.577878475189209
0.07938341796398163
0.08916939795017242
0.06061229109764099
0.09517629444599152
0.05486735701560974
0.06727761030197144
0.1753574013710022
0.46816086769104004
0.10002805292606354
0.242440864443779
0.17657610774040222
0.2117702066898346
0.12240905314683914
0.10881209373474121
0.2695179581642151
1.0696407556533813
0.15927746891975403
0.25129976868629456
0.23348109424114227
0.12743960320949554
0.04942001402378082
0.27435845136642456
0.0518912598490715
0.1310700923204422
0.2095436155796051
1.2190169095993042
0.05420038476586342
0.1331607848405838
0.04895889386534691
0.056619785726070404
0.45865917205810547
0.3752986192703247
0.08130976557731628
0.4178900420665741
0.1594490259885788
0.0509016290307045
0.11095874011516571
0.03762926533818245
0.05832575634121895
0.37842226028442383
0.24282027781009674
0.2185884416103363
0.03310234472155571
0.14542506635189056
0.1415482461452484
0.10044658929109573
0.19686172902584076
0.4350898265838623
0.06572001427412033
0.01995750144124031
0.07378236204385757
0.05433125048875809
0.056264303624629974
0.06394315510988235
0.03412684053182602
0.0752744972705841
0.03072410821914673
0.06090714409947395
0.11861154437065125
0.17420534789562225
0.06398390978574753
0.014175198040902615
0.06657017767429352
0.33367395401000977
0.059742845594882965
0.026897506788372993
0.7384293079376221
0.26371142268180847
0.2772603929042816
0.07413443177938461
0.11614168435335159
0.051846470683813095
0.30210307240486145
0.057965658605098724
0.07576111704111099
0.15242452919483185
0.13785195350646973
0.11826640367507935
0.14680595695972443
0.0780116468667984
0.2916310727596283
0.04948703944683075
0.05378478765487671
0.08190904557704926
0.06549543887376785
0.3891887366771698
0.047401271760463715
0.12160054594278336
0.17513760924339294
0.7395244836807251
0.25977563858032227
0.11545056104660034
0.1054132804274559
0.24009349942207336
0.10226181894540787
0.5225599408149719
0.18133339285850525
0.1492406576871872
0.0822509378194809
0.07731646299362183
0.08279921859502792
0.06585177779197693
0.10920164734125137
0.05865829810500145
0.14576445519924164
0.15102553367614746
0.09772858023643494
0.5608479380607605
0.11867648363113403
0.08233997225761414
0.04311855509877205
0.03977404534816742
0.039060335606336594
0.04583748057484627
0.03119570016860962
0.1310957670211792
0.10275440663099289
0.35999852418899536
0.08608560264110565
0.08963032066822052
0.08079664409160614
0.8207913637161255
0.04478292539715767
0.038894910365343094
0.09544771164655685
0.2460557520389557
0.07675661146640778
0.3318125009536743
0.04349357634782791
0.37667834758758545
0.10941774398088455
0.11627382785081863
0.06715502589941025
0.2891472578048706
0.05015488341450691
0.29838040471076965
0.0527208037674427
0.11537937819957733
0.1144237294793129
0.09761906415224075
0.3828904628753662
0.09103401005268097
0.05191975086927414
0.14065077900886536
0.1491662859916687
0.08880828320980072
0.07118678092956543
0.15054066479206085
0.06906783580780029
0.45347273349761963
0.1024518758058548
0.09694762527942657
0.047123100608587265
0.08694208413362503
0.25041040778160095
0.09583822637796402
0.03798877075314522
0.053958386182785034
0.04293034225702286
0.11895081400871277
0.08349943906068802
0.033181220293045044
0.3639998435974121
0.05871992185711861
0.05188027396798134
0.04467330500483513
0.5930995345115662
0.07556027919054031
0.09996243566274643
0.031117724254727364
0.021277815103530884
0.024754464626312256
0.01808840036392212
0.021608181297779083
0.08008156716823578
0.19963102042675018
0.030667051672935486
0.051709115505218506
0.09237390011548996
0.29293617606163025
0.09806713461875916
0.08435574918985367
0.032880980521440506
0.10851491242647171
0.06399410218000412
0.39772167801856995
0.06334994733333588
0.15318918228149414
0.1079830452799797
0.47247156500816345
0.7415754199028015
0.12322702258825302
0.2978091835975647
0.09732992202043533
0.07340330630540848
0.06325573474168777
0.10045550018548965
0.1814488023519516
0.18465973436832428
0.12134198844432831
0.047615647315979004
0.1846320778131485
0.09534826129674911
0.11838055402040482
0.06609555333852768
0.1652056723833084
0.10011408478021622
0.030762575566768646
0.2126179188489914
0.13293598592281342
0.3867362439632416
0.39687788486480713
0.16861358284950256
0.13493216037750244
0.2642919719219208
0.06256178021430969
0.16217754781246185
0.029794344678521156
0.08116620033979416
0.05555793270468712
0.22310779988765717
0.1367960423231125
0.03213551267981529
0.15932214260101318
0.03426394984126091
0.052997689694166183
0.03669976815581322
0.07948722690343857
0.061275798827409744
0.48521581292152405
0.2717292308807373
0.18759407103061676
0.15481488406658173
0.09934267401695251
0.235361710190773
0.07482010871171951
0.04537930712103844
0.04458228871226311
0.4949609339237213
0.05927901342511177
0.2654455900192261
0.07060316950082779
0.04570457339286804
0.2706588804721832
0.6515073180198669
0.09849154949188232
0.27107512950897217
0.09384390711784363
0.06684517860412598
0.20491923391819
0.1034647524356842
0.7309530377388
0.0897051990032196
0.21628978848457336
0.22642406821250916
0.4563072621822357
0.21684721112251282
0.04789474233984947
0.0794820562005043
0.06945040076971054
0.08375687152147293
0.2718687951564789
0.04745858907699585
0.08261976391077042
0.1643521934747696
0.08072787523269653
0.06629764288663864
0.7862525582313538
0.2787446677684784
0.17345747351646423
0.05758130922913551
0.25065305829048157
0.10531608760356903
0.1192934513092041
0.21408939361572266
0.08536957204341888
0.10473187267780304
0.4694216549396515
0.18235565721988678
0.0875721350312233
0.11886779218912125
0.03959919512271881
0.0336984358727932
0.16166986525058746
0.11668649315834045
0.08893650025129318
0.034906480461359024
0.02123628742992878
0.18736456334590912
0.0260553527623415
0.05966264009475708
0.05822715908288956
0.17054501175880432
0.04526692256331444
0.272630900144577
0.17664287984371185
0.09152664244174957
0.025814926251769066
0.16720713675022125
0.6935001015663147
0.05757935717701912
0.5526580810546875
0.1786065399646759
0.07893702387809753
0.06271350383758545
0.0829489603638649
0.029968297109007835
0.09914734959602356
0.5268393158912659
0.5363259315490723
0.11579203605651855
0.11471015214920044
0.053982555866241455
0.09685201197862625
0.3213789761066437
0.2664313018321991
0.22120560705661774
0.09129893779754639
0.05409062281250954
0.1370815634727478
0.08106577396392822
0.1569814831018448
0.42045995593070984
0.03151354566216469
0.19453087449073792
0.07519441097974777
0.08425917476415634
0.06041265279054642
0.7036397457122803
0.13059790432453156
0.027792464941740036
0.08026670664548874
0.09863605350255966
0.06554363667964935
0.15187044441699982
0.03564180061221123
0.05039364472031593
0.06873444467782974
0.5004105567932129
0.10487665981054306
0.02747616171836853
0.4191336929798126
0.02160392329096794
0.06528444588184357
0.09524793177843094
0.046272944658994675
0.04969151318073273
0.06465578079223633
0.17496243119239807
0.045850809663534164
0.4496411979198456
0.11179447919130325
0.05581928417086601
0.26401758193969727
0.3000521659851074
0.3769696354866028
0.06781911104917526
0.08587325364351273
0.1230553463101387
0.05990910530090332
0.054780907928943634
0.17441970109939575
0.4245859384536743
0.07924386858940125
0.21675150096416473
0.05149415135383606
0.14861084520816803
0.08471722155809402
0.04059106484055519
0.023938870057463646
1.207203984260559
0.03795907646417618
0.050185926258563995
0.05008731037378311
0.6029239296913147
0.07455352693796158
0.03171072155237198
0.48162683844566345
0.10715297609567642
0.04228249564766884
0.1201806366443634
0.024761782959103584
0.05029888078570366
0.02506493777036667
0.2980356812477112
0.2097282111644745
0.05936999246478081
0.09731392562389374
0.03181012347340584
0.0272965170443058
0.10853946208953857
0.018780246376991272
0.04369756206870079
0.03310825675725937
0.07804279774427414
0.03412529081106186
0.3479069769382477
0.11150053143501282
0.05807824432849884
0.07013463973999023
0.07314269244670868
0.03170902654528618
0.06964436173439026
0.05186781659722328
0.2276240736246109
0.07782848179340363
0.05694656819105148
0.19901148974895477
0.1217246800661087
0.22833161056041718
0.04905567318201065
0.06527256965637207
0.12397856265306473
0.063008613884449
0.03450305759906769
0.09302586317062378
0.11994092911481857
0.044586725533008575
0.4913387596607208
0.14686989784240723
0.07374951243400574
0.05903327465057373
0.3722189664840698
0.10475136339664459
0.037933170795440674
0.31188079714775085
0.17940561473369598
0.06455741822719574
0.11896270513534546
0.05021117255091667
0.19952507317066193
0.08473165333271027
0.039088573306798935
0.14056144654750824
0.030225252732634544
0.11319109797477722
0.08136492967605591
0.08314397186040878
0.03547585383057594
0.23243539035320282
0.22940301895141602
0.8311240077018738
0.036577075719833374
0.03226572647690773
0.015084530226886272
0.0684208944439888
0.08838198333978653
0.12729819118976593
0.44917577505111694
0.05922775715589523
0.23019903898239136
0.046043720096349716
0.29256385564804077
0.2511741816997528
0.08849401026964188
0.7380996942520142
0.527884840965271
0.0914752334356308
0.10166226327419281
0.0807110071182251
0.18369635939598083
0.050796207040548325
0.1304255723953247
0.0326140820980072
0.09572411328554153
0.023447882384061813
0.1287391632795334
0.12277383357286453
0.08187524229288101
0.1809205710887909
0.12584134936332703
0.02633683755993843
0.09289798885583878
0.040991656482219696
0.06415528059005737
0.21273547410964966
0.08952365815639496
0.7358052730560303
0.4919019043445587
0.22207099199295044
0.047773025929927826
0.044292960315942764
0.11220505088567734
0.08832146972417831
0.15958769619464874
0.06688655912876129
0.08018149435520172
0.0714748352766037
0.4453865587711334
0.09057751297950745
0.0655040368437767
0.10001353919506073
0.38436010479927063
0.1520923376083374
0.15172700583934784
0.04430413618683815
0.5908340811729431
0.09008916467428207
0.0307775866240263
0.07993357628583908
0.09182105213403702
0.17872685194015503
0.1381923109292984
0.055954355746507645
0.36004698276519775
0.11853029578924179
0.0684647485613823
0.15517310798168182
0.02744188718497753
0.06742092221975327
0.5554823875427246
0.20560355484485626
0.056851085275411606
0.21538607776165009
0.060905858874320984
0.4512176215648651
0.17484919726848602
0.03743474557995796
0.03980231657624245
0.19606436789035797
0.0533592589199543
0.1388411819934845
0.052319131791591644
0.07774204015731812
0.04115781560540199
0.043628472834825516
0.03802528232336044
0.4697820246219635
0.08030691742897034
0.04380398616194725
0.07911629229784012
0.08268703520298004
0.04526619240641594
0.03526948764920235
0.25082629919052124
0.12103501707315445
0.025127321481704712
0.03931989520788193
0.029874956235289574
0.05977730080485344
0.028051134198904037
0.04557578265666962
0.1287483423948288
0.059770599007606506
0.03398407995700836
0.6542763113975525
0.14635144174098969
0.06757891923189163
0.047037847340106964
0.1361388862133026
0.43772274255752563
0.15999504923820496
0.10057985037565231
0.14036385715007782
0.03459548205137253
0.12124684453010559
0.1045885682106018
0.08055400848388672
0.05497613921761513
0.11597707122564316
0.043631311506032944
0.05197859928011894
0.14478947222232819
0.10951108485460281
0.06780581176280975
0.734957218170166
0.0466642826795578
0.23580975830554962
0.0661165714263916
0.3010437488555908
0.314238578081131
0.08529706299304962
0.34486332535743713
0.14171138405799866
0.06483979523181915
0.1137562245130539
0.23756955564022064
0.05795696750283241
0.09616632759571075
0.2923603355884552
0.1544155776500702
0.28370004892349243
0.6755322813987732
0.12148308008909225
0.06616535782814026
0.4211476445198059
0.13513557612895966
0.10614384710788727
0.19048583507537842
0.11819326132535934
0.16937479376792908
0.04034634307026863
0.05141853541135788
0.40890344977378845
0.1311303675174713
0.1655789464712143
0.09158532321453094
0.03458883613348007
0.21544289588928223
0.12289547920227051
0.2664967477321625
0.20106270909309387
0.039753224700689316
0.041207294911146164
0.2832407057285309
0.05562952905893326
0.038567621260881424
0.06197917461395264
0.08184652775526047
0.0676637589931488
0.2265290468931198
0.55253005027771
0.053943146020174026
0.041129447519779205
0.3678671717643738
0.13893260061740875
0.11656850576400757
0.10819137841463089
0.187020406126976
0.3635093569755554
0.27352797985076904
0.10504323244094849
0.1392199844121933
0.38587868213653564
0.08144678175449371
0.2597191631793976
0.19424831867218018
0.4393131136894226
0.2123381346464157
0.13047583401203156
0.2200222611427307
0.2904128432273865
0.05105216056108475
0.027267107740044594
0.05972118303179741
0.020414847880601883
0.5126060247421265
0.1581874042749405
0.15272732079029083
0.11099667847156525
0.14227023720741272
0.0614604726433754
0.053535204380750656
0.03181774169206619
0.08243207633495331
0.20623475313186646
0.2333497703075409
0.05607416853308678
0.3895249366760254
0.08192294836044312
0.05510704964399338
0.14060164988040924
0.03175274655222893
0.2800285518169403
0.034854330122470856
0.06785650551319122
0.33151698112487793
0.0451323539018631
0.04255696386098862
0.3161207139492035
0.19996662437915802
0.3132365942001343
0.23050913214683533
0.11253798753023148
0.04351974278688431
0.4609684348106384
0.10272277891635895
0.09787867218255997
0.11608774214982986
0.11914125829935074
0.37597885727882385
0.6594418883323669
0.1083100289106369
0.11303979158401489
0.12237312644720078
0.07509171217679977
0.7317229509353638
0.09616222977638245
0.15508154034614563
0.2283879816532135
0.3856174349784851
0.07569503039121628
0.14790678024291992
0.13553360104560852
0.09273397922515869
0.09855767339468002
0.039952002465724945
0.1048646941781044
0.1310209333896637
0.05547149479389191
0.2844407260417938
0.10355132818222046
0.143666073679924
0.03323143348097801
0.13781483471393585
0.15537841618061066
0.5085049867630005
0.18804635107517242
0.03876626491546631
0.3930695354938507
0.03568294644355774
0.12119077891111374
0.05657278746366501
0.046680692583322525
0.05581972375512123
0.23054061830043793
0.03920390456914902
0.13643549382686615
0.18407927453517914
0.4660133123397827
0.12956082820892334
0.13480621576309204
0.15166747570037842
0.13607940077781677
0.03438819199800491
0.11618463695049286
0.072468101978302
0.05086479336023331
0.2028752863407135
0.061548031866550446
0.25826841592788696
0.15070897340774536
0.04920743405818939
0.07134959846735
0.054952673614025116
0.14195966720581055
0.2628838121891022
0.06937407702207565
0.1663050800561905
0.016039950773119926
0.18963603675365448
0.3869250416755676
0.02752918004989624
0.07651705294847488
0.15549704432487488
0.07434336841106415
0.04999068006873131
0.26525115966796875
0.32674187421798706
0.13336916267871857
0.12178953737020493
0.12913912534713745
0.12715056538581848
0.18757662177085876
0.08325538039207458
0.06961004436016083
0.1962568461894989
0.10273676365613937
0.04815606400370598
0.04127386957406998
0.06389976292848587
0.1496707946062088
0.06208277866244316
0.1950664222240448
0.249752476811409
0.0499776154756546
0.16591550409793854
0.16154779493808746
0.1557203233242035
0.050503283739089966
0.6250520348548889
0.09782519191503525
0.044082820415496826
0.05193531513214111
0.11964684724807739
0.03706488013267517
0.6129764318466187
0.4032825231552124
0.07318422943353653
0.10403803735971451
0.4122316241264343
0.2562808096408844
0.17301447689533234
0.07826396077871323
0.05015137046575546
0.03416077047586441
0.07267947494983673
0.15094320476055145
0.13257624208927155
0.1489250659942627
0.07069475203752518
0.10973051190376282
0.06353331357240677
0.20123110711574554
0.17432719469070435
0.2772528827190399
0.10274811834096909
0.03328234702348709
0.07202359288930893
0.1236477717757225
0.0960804894566536
0.6868817806243896
0.1278245449066162
0.2628077268600464
0.05739833787083626
0.07177400588989258
0.0734223872423172
0.049518223851919174
0.23307697474956512
0.09438657015562057
0.15325768291950226
0.04437698796391487
0.1105857864022255
0.04758070409297943
0.11252196878194809
0.07358274608850479
0.025210537016391754
0.1369885504245758
0.09462352097034454
0.07654999941587448
0.09307499974966049
0.024189164862036705
0.2404400110244751
0.12148495763540268
0.8460425734519958
0.058389853686094284
0.05913352966308594
0.2050759643316269
0.03465387970209122
0.0957275852560997
0.0846417099237442
0.10797297209501266
0.03294242545962334
0.055226463824510574
0.07986243069171906
0.14281193912029266
0.13218989968299866
0.16388453543186188
0.06470482051372528
0.15787950158119202
0.17444449663162231
0.6985677480697632
0.4266277253627777
0.4821925759315491
0.13272641599178314
0.18760941922664642
0.17820322513580322
0.5189992785453796
0.034103043377399445
0.05030061677098274
0.12621064484119415
0.05906813219189644
0.043724216520786285
0.07418529689311981
0.19968754053115845
0.2048300951719284
0.5582498908042908
0.2734193801879883
0.042554792016744614
0.1360243856906891
0.26571470499038696
0.04913729801774025
0.17021116614341736
0.11863654851913452
0.09061914682388306
0.06784195452928543
0.0713488757610321
0.08314482867717743
0.0662379041314125
0.0568431131541729
0.27249929308891296
0.22532574832439423
0.11152350902557373
0.030600856989622116
0.1270115226507187
0.0729685127735138
0.08623000979423523
0.6199352145195007
0.15756693482398987
0.07290028780698776
0.03714120388031006
0.9375601410865784
0.020604418590664864
0.036376532167196274
0.11251901835203171
0.48529353737831116
0.033441126346588135
0.07901439070701599
0.1622951179742813
0.08708476275205612
0.05436696484684944
0.14093010127544403
0.11558752506971359
0.05019873380661011
0.04332384467124939
0.45504677295684814
0.2398466318845749
0.06825587898492813
0.06055362522602081
1.0029884576797485
0.06883557885885239
0.07610578089952469
0.04904365539550781
0.06454978883266449
0.3526306450366974
1.258465051651001
0.21822386980056763
0.11323478817939758
0.04675769433379173
0.05187990516424179
0.02230941317975521
0.1428566575050354
0.2403838336467743
0.5582513809204102
0.3918314576148987
0.5888795256614685
0.08099419623613358
0.10903242230415344
0.3677768111228943
0.12473957240581512
0.3660416007041931
0.3326267898082733
0.18076340854167938
0.13182388246059418
0.18116134405136108
0.35044431686401367
0.20062367618083954
0.06318126618862152
0.09826893359422684
0.15395553410053253
0.11394929885864258
0.36834266781806946
0.04591737315058708
0.1515989750623703
0.29766303300857544
0.035197217017412186
0.22464792430400848
0.027711691334843636
0.47724008560180664
0.03142543137073517
0.01735246554017067
0.5685439705848694
0.02926049754023552
0.46245551109313965
0.018495062366127968
0.018796740099787712
0.09508523344993591
0.13989663124084473
0.07705109566450119
0.06585896760225296
0.04581233486533165
0.047073882073163986
0.10728110373020172
1.0620408058166504
0.16665968298912048
0.033491723239421844
0.12192992866039276
0.09266676753759384
0.048857495188713074
0.14341363310813904
0.11683642119169235
0.060513634234666824
0.22456751763820648
0.040763046592473984
0.20757272839546204
0.1517384797334671
0.19014951586723328
0.09165119379758835
0.0331677682697773
0.16800996661186218
0.6450695395469666
0.06099884957075119
0.06699202209711075
0.3573194742202759
0.10800031572580338
0.05598459392786026
0.03053794428706169
0.09437328577041626
0.10527849942445755
0.08358514308929443
0.10960734635591507
0.11439497023820877
0.05302230641245842
0.043088629841804504
0.01872784085571766
0.04032205045223236
0.29349109530448914
0.1865018755197525
0.04461052641272545
0.06298118084669113
0.10208423435688019
0.04842304065823555
0.07991788536310196
0.06037645787000656
0.2635481059551239
0.2941800355911255
0.03738497197628021
0.11367723345756531
0.1908804178237915
0.024075428023934364
0.025411101058125496
0.02781689167022705
0.04989224672317505
0.10967419296503067
0.21981923282146454
0.4533497989177704
0.0377749428153038
0.08266831189393997
0.06649782508611679
0.052105456590652466
0.5634047985076904
0.045902568846940994
0.06779605895280838
0.026813751086592674
0.0723436251282692
0.13123679161071777
0.16766032576560974
0.08436399698257446
0.06406541913747787
0.40018606185913086
0.07271503657102585
0.5335320234298706
0.10790041089057922
0.4502411484718323
0.13523487746715546
0.08477140963077545
0.1210329458117485
0.14202038943767548
0.16539651155471802
0.12431278079748154
0.3133369982242584
0.10733112692832947
0.08312833309173584
0.03292737901210785
0.08110277354717255
0.0864587277173996
0.0553826279938221
0.07211847603321075
0.2502630352973938
0.03630239889025688
0.4810032248497009
0.08254296332597733
0.044440314173698425
0.02808578684926033
0.10541806370019913
0.07194793224334717
0.08154817670583725
0.034639470279216766
0.47207358479499817
0.04677874594926834
0.03696812689304352
0.042543355375528336
0.06248413026332855
0.10643549263477325
0.20281028747558594
0.11759170889854431
0.03299500793218613
0.226563960313797
0.03881147876381874
0.07779082655906677
0.01624204032123089
0.1097119003534317
0.03862180560827255
0.25067001581192017
0.2773205041885376
0.06319183111190796
0.10527366399765015
0.045039743185043335
0.09031866490840912
0.06186573952436447
0.1703888326883316
0.23097918927669525
0.04422900453209877
0.17207805812358856
0.052343133836984634
0.6763617396354675
0.4976498782634735
0.10084725171327591
0.024001019075512886
0.05820251256227493
0.045097336173057556
0.029106026515364647
0.02483610436320305
0.09136507660150528
0.05657889321446419
0.1143047958612442
0.6150912046432495
0.026273559778928757
0.062235649675130844
0.3609219193458557
0.2968257665634155
0.08659834414720535
0.07076318562030792
0.07520219683647156
0.22209735214710236
0.09148004651069641
0.36979058384895325
0.38699257373809814
0.12886440753936768
0.13780441880226135
0.1110190749168396
0.1166837215423584
0.35074934363365173
0.3657470643520355
0.09462922811508179
0.12293980270624161
0.0914190262556076
0.12012682855129242
0.05887024849653244
0.24539437890052795
0.14550073444843292
0.03762976825237274
0.059351157397031784
0.05684802681207657
0.11031047254800797
0.21838554739952087
0.040224913507699966
0.08118496090173721
0.03809366375207901
0.25607937574386597
0.04193058982491493
0.02305191569030285
0.0884799063205719
0.02837812341749668
0.17595912516117096
0.09393253177404404
0.07641575485467911
0.23932018876075745
0.3679007887840271
0.10418225824832916
0.15222999453544617
0.17476749420166016
0.062190476804971695
0.4565143883228302
0.07977554947137833
0.13956519961357117
0.05802932754158974
0.17469719052314758
0.5072729587554932
0.21015147864818573
0.16128793358802795
0.08798089623451233
0.18384769558906555
0.09593930095434189
0.04740417003631592
0.13975642621517181
0.07911849021911621
0.14041700959205627
0.41423001885414124
0.07229670137166977
0.11109094321727753
0.14067460596561432
0.473803848028183
0.6578399538993835
0.049329131841659546
0.1509103626012802
0.20866118371486664
0.05145876482129097
0.05196547135710716
0.06936221569776535
0.10267285257577896
0.0768328607082367
0.08204542100429535
0.19660484790802002
0.19541557133197784
0.17291750013828278
0.23874691128730774
0.05378951132297516
0.12343800812959671
0.05583216995000839
0.6148458123207092
0.04978138953447342
0.049837131053209305
0.04405680298805237
0.7701964378356934
0.41070878505706787
0.7417359948158264
0.051878880709409714
0.04930822551250458
0.040756162256002426
0.101618692278862
0.1598556488752365
0.08532121032476425
0.08533631265163422
0.05880966782569885
0.058348484337329865
0.10998669266700745
0.10030875355005264
0.2822447717189789
0.08430156111717224
0.04005247354507446
0.041600700467824936
0.07340797781944275
0.07422658801078796
0.16090257465839386
0.03479022905230522
0.09109162539243698
0.02893262915313244
0.031161265447735786
0.2482278198003769
0.17666073143482208
0.40921586751937866
0.03910469263792038
0.30191177129745483
0.017804134637117386
0.039602868258953094
0.19142429530620575
0.06893578171730042
0.05896011367440224
0.023151466622948647
0.09643097966909409
0.4947478473186493
0.045186568051576614
0.061787210404872894
0.07540124654769897
0.5184904932975769
0.07946672290563583
0.1837201714515686
0.1029113233089447
0.051937613636255264
0.0735350176692009
0.22026950120925903
0.05659213662147522
0.08215099573135376
0.1476404219865799
0.038935672491788864
0.28033703565597534
0.12391649931669235
0.2368221879005432
0.11779617518186569
0.48752743005752563
0.05774533376097679
0.08749278634786606
0.12700475752353668
0.07441858947277069
0.1396111100912094
0.21810226142406464
0.06040296331048012
0.08777429163455963
0.27239012718200684
0.07549741119146347
0.7690902352333069
0.19234567880630493
0.08023416996002197
0.06253723055124283
0.38310933113098145
0.13202081620693207
0.2153075635433197
0.051455795764923096
0.08494504541158676
0.14067506790161133
0.11432348191738129
0.2965226471424103
0.28459250926971436
0.04838278517127037
0.05747717246413231
0.03478092700242996
0.05555220693349838
0.20592807233333588
0.37280431389808655
0.10724401473999023
0.13219161331653595
0.36166810989379883
0.03969807177782059
0.2618747353553772
0.029304277151823044
0.017893565818667412
0.08353941142559052
0.023937614634633064
0.0475158728659153
0.7030084729194641
0.025542473420500755
0.09064913541078568
0.08512714505195618
0.5786100029945374
0.06466710567474365
0.2397431582212448
0.12876002490520477
0.035427525639534
0.21413759887218475
0.5042189359664917
0.18487022817134857
0.11780527234077454
0.03089459240436554
0.026098137721419334
0.23011024296283722
0.01823645643889904
0.2540048658847809
0.033946506679058075
0.031155264005064964
0.04122904688119888
0.10520721226930618
0.6953193545341492
0.06788677722215652
0.11530718952417374
0.33351120352745056
0.23203575611114502
0.15850527584552765
0.06542236357927322
0.11668574064970016
0.12915709614753723
0.07530999928712845
0.16335487365722656
0.18798422813415527
0.24512140452861786
0.1737390160560608
0.057204846292734146
0.2961044907569885
0.12553417682647705
0.12562572956085205
0.06511743366718292
0.08278828859329224
0.07062825560569763
0.04199181869626045
0.08854931592941284
0.19773831963539124
0.015413375571370125
0.10569224506616592
0.28195545077323914
0.11093126982450485
0.26754847168922424
0.12194067984819412
0.04302293434739113
0.10469216108322144
0.021718380972743034
0.19171938300132751
0.49209871888160706
0.1734752357006073
0.3657302260398865
0.3634806275367737
0.028044231235980988
0.21430355310440063
0.0541878417134285
0.10832926630973816
0.11060634255409241
0.12620243430137634
0.10109641402959824
0.14244045317173004
0.12507686018943787
0.41515809297561646
0.04310838505625725
0.07767342031002045
0.04319476708769798
0.031008407473564148
0.08023829013109207
0.042757634073495865
0.1420953869819641
0.03479323536157608
0.233584463596344
0.08881844580173492
0.1499985158443451
0.17700345814228058
0.1430189609527588
0.1270754188299179
0.5702051520347595
0.05600859224796295
0.7374250888824463
0.08965567499399185
0.058400046080350876
0.04800233617424965
0.12084636092185974
0.024437637999653816
0.10964694619178772
0.021327748894691467
0.06319814920425415
0.042001865804195404
0.14044873416423798
0.06668077409267426
0.04057460278272629
0.26124417781829834
0.04413926228880882
0.13521382212638855
0.049921665340662
0.09279371798038483
0.2602860629558563
0.3143325746059418
0.018734896555542946
0.12858213484287262
0.534273087978363
0.5874639749526978
0.022177264094352722
0.03403344005346298
0.5973645448684692
0.06560757011175156
0.32220032811164856
0.06265003234148026
0.4689103364944458
0.07355561852455139
0.6460447311401367
0.16856250166893005
0.12279210239648819
0.28851065039634705
0.131544291973114
0.08420872688293457
0.09723080694675446
0.40750598907470703
0.03919244557619095
0.11611243337392807
0.11250045895576477
0.06420168280601501
0.17715704441070557
0.05390636995434761
0.14270441234111786
0.09593988955020905
0.032959092408418655
0.4446137547492981
0.060091782361269
0.06777091324329376
0.037583768367767334
0.0840270146727562
0.5938979387283325
0.4930388927459717
0.4579719603061676
0.2669121325016022
0.11089878529310226
0.25964900851249695
0.1191374883055687
0.15567678213119507
0.09876297414302826
0.09045431762933731
0.1437961459159851
0.13513360917568207
0.18135157227516174
0.047576818615198135
0.12022023648023605
0.04241795465350151
0.2834829092025757
0.030850734561681747
0.5863115191459656
0.055682189762592316
0.09080103039741516
0.025256861001253128
0.04449786618351936
0.05313016101717949
0.05865120515227318
0.05744190514087677
0.7187058329582214
0.23483748733997345
0.05045003443956375
0.08347146958112717
0.03873191773891449
0.03193121775984764
0.11200781166553497
0.044544536620378494
0.04042394459247589
0.075397789478302
0.05262776464223862
0.09655846655368805
0.09752722084522247
0.08994840830564499
0.1547364890575409
0.04853292182087898
0.19982653856277466
0.13960817456245422
0.030117211863398552
0.1751633733510971
0.39008158445358276
0.057011816650629044
0.27839958667755127
0.36166828870773315
0.04234844073653221
0.29415515065193176
0.2776409089565277
0.05629909411072731
0.03614688292145729
0.029611961916089058
0.029911654070019722
0.12481459975242615
0.17220044136047363
0.040142081677913666
0.15863177180290222
0.13406172394752502
0.0436396598815918
0.07806501537561417
0.364105761051178
0.03456650301814079
0.12274008244276047
0.4718720614910126
0.06315280497074127
0.06780101358890533
0.25176292657852173
0.06922619789838791
0.4947950541973114
0.05853315442800522
0.07506608963012695
0.10111040621995926
0.03909222036600113
0.3261460065841675
0.07293592393398285
0.13423576951026917
0.12097154557704926
0.08798957616090775
0.13396532833576202
0.11449369788169861
0.08357097953557968
0.06237640976905823
0.19241318106651306
0.08506009727716446
0.04823346436023712
0.055194247514009476
0.09546979516744614
0.15962368249893188
0.5860661268234253
0.049956969916820526
0.06999573856592178
0.04698401317000389
0.16070456802845
0.03292115405201912
0.10782697796821594
0.021097330376505852
0.030189083889126778
0.04054586589336395
0.06364221125841141
0.07456516474485397
0.5537410974502563
0.05168106406927109
0.07707881927490234
0.05709477514028549
0.1951645314693451
0.1445120871067047
0.7612791657447815
0.06729575246572495
0.20398125052452087
0.34778720140457153
0.1711522340774536
0.09524013847112656
0.09216494858264923
0.1515587866306305
0.05107443034648895
0.06838177144527435
0.19480162858963013
0.085087351500988
0.06622175127267838
1.091037631034851
0.46417859196662903
0.05478648468852043
0.0932813510298729
0.03600246086716652
0.3292297422885895
0.16154620051383972
0.056130729615688324
0.1304367333650589
0.059352245181798935
0.055578093975782394
0.1299249678850174
0.6487500667572021
0.032153427600860596
0.13901565968990326
0.1042194813489914
0.13995575904846191
0.05026060715317726
0.03646617382764816
0.05889515206217766
0.3344382345676422
0.07174432277679443
0.027141841128468513
0.029777223244309425
0.3072948157787323
0.36961624026298523
0.04690401628613472
0.4231114089488983
0.06952407956123352
0.08327523618936539
0.15855206549167633
0.2013300210237503
0.040403906255960464
0.026834636926651
0.1280948519706726
0.08942659944295883
0.2881717085838318
0.4820447266101837
0.2851563096046448
0.11808566749095917
0.17334911227226257
0.18655996024608612
0.24280941486358643
0.14618688821792603
0.08133375644683838
0.04807858541607857
0.21255819499492645
0.09081467986106873
0.07795897871255875
0.2322842925786972
0.061013225466012955
0.352538526058197
0.03673388436436653
0.2193288505077362
0.021749597042798996
0.05145466327667236
0.11601986736059189
0.06095978990197182
0.02592025324702263
0.593511164188385
0.03277944400906563
0.025283804163336754
0.10394611209630966
0.03770963475108147
0.24430324137210846
0.20642097294330597
0.059059228748083115
0.05973806604743004
0.04627386853098869
0.08346953243017197
0.2687978446483612
0.17392699420452118
0.07125642895698547
0.046976238489151
0.45385944843292236
0.30987274646759033
0.1171373724937439
0.18120448291301727
0.18347933888435364
0.13791903853416443
0.24480731785297394
0.1321735382080078
0.06616801768541336
0.41740351915359497
0.06455356627702713
0.21686479449272156
0.05406730994582176
0.0743614211678505
0.17134930193424225
0.10697746276855469
0.08322767168283463
0.026220500469207764
0.033981021493673325
0.09934931248426437
0.026294240728020668
0.46537312865257263
0.11496184021234512
0.1142355427145958
0.1378914713859558
0.2803398370742798
0.07400760799646378
0.05699086934328079
0.03923330456018448
0.061557769775390625
0.06999098509550095
0.6944566965103149
0.03273507207632065
0.03334612026810646
0.08284623920917511
0.14856553077697754
0.05201406031847
0.1678505390882492
0.06775713711977005
0.05853909254074097
0.06461545825004578
0.114991694688797
0.039813172072172165
0.3235037624835968
0.037434861063957214
0.4103353023529053
0.05231637880206108
0.08553120493888855
0.07787089794874191
0.07834751904010773
0.04739100858569145
0.03542831912636757
0.03462393581867218
0.086423859000206
0.22611349821090698
0.13731655478477478
0.03941112011671066
0.23210228979587555
0.2121865600347519
0.237022265791893
0.19464325904846191
0.1683553159236908
0.0873924270272255
0.12146813422441483
0.393845796585083
0.1252424269914627
0.0464911013841629
0.12687404453754425
0.08636545389890671
0.13963818550109863
0.09549728780984879
0.26356881856918335
0.22371771931648254
0.058524638414382935
0.036202322691679
0.28286758065223694
0.3933280110359192
0.10478132218122482
0.08569615334272385
0.6383153200149536
0.04252905398607254
0.06607282906770706
0.09097197651863098
0.11996817588806152
0.040656931698322296
0.04913443326950073
0.3002517521381378
0.02952975407242775
0.15506090223789215
0.2750060558319092
0.09965848177671432
0.05698608234524727
0.03999122604727745
0.01621529459953308
0.11338338255882263
0.689914345741272
0.05595553293824196
0.3055327534675598
0.03659994527697563
0.023156728595495224
0.03784675896167755
0.08981955051422119
0.21292436122894287
0.041225116699934006
0.057483360171318054
0.02361971139907837
0.054584793746471405
0.025400107726454735
0.06196524575352669
0.048154763877391815
0.029252491891384125
0.2647498548030853
0.10399375855922699
0.13352496922016144
0.14315515756607056
0.07351873815059662
0.04126692935824394
0.07881436496973038
0.07783934473991394
0.12732438743114471
0.1222895011305809
0.09335129708051682
0.04227679222822189
0.09751641750335693
0.027027111500501633
0.06419852375984192
0.08065992593765259
0.0889543890953064
0.03827375918626785
0.059190958738327026
0.21306976675987244
0.24538011848926544
0.022176774218678474
0.26345694065093994
0.03249514102935791
0.023288872092962265
0.06296256929636002
0.11231634020805359
0.04824161157011986
0.16329365968704224
0.03936145827174187
0.19022546708583832
0.21103931963443756
0.07514171302318573
0.16150519251823425
0.48093563318252563
0.20606271922588348
0.040348030626773834
0.04410907253623009
0.026378734037280083
0.09005533903837204
0.044941142201423645
0.09329384565353394
0.11599545925855637
0.040201980620622635
0.06950695812702179
0.07224365323781967
0.6621366739273071
0.1431000530719757
0.11898525059223175
0.10198978334665298
0.34003037214279175
0.09287840127944946
0.5437052845954895
0.10000043362379074
0.15932908654212952
0.0960998386144638
0.10380097478628159
0.11866489052772522
0.08338599652051926
0.24065609276294708
0.08153117448091507
0.20856815576553345
0.048536356538534164
0.44286131858825684
0.048038385808467865
0.43592604994773865
0.030774608254432678
0.11891039460897446
0.09077693521976471
0.07641039788722992
0.636448860168457
0.02600562386214733
0.12623827159404755
0.10171352326869965
0.03666464611887932
0.15945282578468323
0.10657746344804764
0.05765045806765556
0.1058376207947731
0.27776408195495605
0.29773184657096863
0.05839432403445244
0.4646197259426117
0.07048700004816055
0.18283000588417053
0.17561300098896027
0.0755627304315567
0.027308568358421326
0.08242366462945938
0.10574102401733398
0.08125321567058563
0.07443535327911377
0.09810145944356918
0.26489993929862976
0.1498297154903412
0.049807168543338776
0.33288949728012085
0.2158515602350235
0.1699478179216385
0.16099724173545837
0.04909200966358185
0.03195621073246002
0.2949386537075043
0.2810400426387787
0.12748180329799652
0.14001579582691193
0.19364526867866516
0.07215748727321625
0.10176124423742294
0.09769688546657562
0.15676023066043854
0.06055247038602829
0.039488088339567184
0.07044883817434311
0.07065562903881073
0.034567832946777344
0.062175389379262924
0.4054003059864044
0.03320339322090149
0.030234407633543015
0.07089629769325256
0.06628002971410751
0.03212987259030342
0.06301746517419815
0.021098753437399864
0.04804501309990883
0.03371138870716095
0.020263131707906723
0.19789528846740723
0.3559892177581787
0.5060691237449646
0.045606862753629684
0.031357187777757645
0.24424560368061066
0.11349570006132126
0.21471278369426727
0.18753929436206818
0.08631593734025955
0.052635855972766876
0.12371475249528885
0.028600560501217842
0.09846555441617966
0.09393325448036194
0.11574973165988922
0.05876002088189125
0.40562981367111206
0.04368213936686516
0.3373189866542816
0.11727426201105118
0.10204676538705826
0.6100773215293884
0.1409020721912384
0.13122475147247314
0.1021009013056755
0.506341278553009
0.04814960062503815
0.04557211697101593
0.022960981354117393
0.03828331083059311
0.11120500415563583
0.13700540363788605
0.5283254384994507
0.07871367782354355
0.03524176776409149
0.46923407912254333
0.0472915880382061
0.10742001980543137
0.055307768285274506
0.03508063778281212
0.03792774677276611
0.02139551378786564
0.1026800274848938
0.2854747772216797
0.1625172644853592
0.034295305609703064
0.041780635714530945
0.6084614396095276
0.06485747545957565
0.09657090902328491
0.05992567166686058
0.2626287341117859
0.09661939740180969
0.054857127368450165
0.055124808102846146
0.17392052710056305
0.8420189023017883
0.07247567921876907
0.6207793354988098
0.12689056992530823
0.16289617121219635
0.08738308399915695
0.14268191158771515
0.4265488088130951
0.070967897772789
0.12901818752288818
0.1072096899151802
0.0924057587981224
0.18468226492404938
0.1226876899600029
0.1274605691432953
0.02787833847105503
0.1306474506855011
0.05362124368548393
0.049985334277153015
0.25673583149909973
0.03800160065293312
0.208609938621521
0.1705077886581421
0.2350897341966629
0.6985689997673035
0.10791832953691483
0.4687797725200653
0.14808952808380127
0.17804166674613953
0.4098941385746002
0.13415056467056274
0.10839955508708954
0.14022648334503174
0.38033026456832886
0.24424569308757782
0.06247510761022568
0.16637428104877472
0.15469352900981903
0.12308535724878311
0.12129906564950943
0.035369016230106354
0.048699796199798584
0.05528578907251358
0.3866354525089264
0.1312687247991562
0.10181620717048645
0.48827821016311646
0.12311094999313354
0.09866582602262497
0.10481210798025131
0.1395089477300644
0.11424892395734787
0.18374232947826385
0.04125719517469406
0.31468918919563293
0.09040796011686325
0.2476854920387268
0.09372787922620773
0.34374263882637024
0.25576433539390564
0.49211227893829346
0.10907775908708572
0.054732535034418106
0.06009918823838234
0.08447712659835815
0.10727228969335556
0.10249306261539459
0.1379285603761673
0.17615269124507904
0.06602583080530167
0.4758369028568268
0.06607264280319214
0.18671146035194397
0.16396820545196533
0.07080686837434769
0.09688054025173187
0.25949034094810486
0.06773616373538971
0.3789035975933075
0.03565754368901253
0.0879272073507309
0.05245295166969299
0.032009318470954895
0.037410080432891846
0.8524389266967773
0.1633807271718979
0.056581225246191025
0.441682368516922
0.20420344173908234
0.08253327757120132
0.060141246765851974
0.2531391680240631
0.10173313319683075
0.12374279648065567
0.24220648407936096
0.22553206980228424
0.10005030035972595
0.11137434840202332
0.6540084481239319
0.13831669092178345
0.2467869073152542
0.022656382992863655
0.027056396007537842
0.3937181532382965
0.07875186204910278
0.02938293293118477
0.02773633413016796
0.2206447869539261
0.12524926662445068
0.10216431319713593
0.011759252287447453
0.2818049192428589
0.022465402260422707
0.050070781260728836
0.029706697911024094
0.08426442742347717
0.02957814186811447
0.15740859508514404
0.20848309993743896
0.026019567623734474
0.70192950963974
0.23567938804626465
0.08207878470420837
0.05019248276948929
0.3042646050453186
0.09277252107858658
0.09539702534675598
0.5319995880126953
0.3268106281757355
0.10573618113994598
0.2876376211643219
1.0157514810562134
0.252867728471756
0.1679152101278305
0.1151522547006607
0.4851023256778717
0.08776988834142685
0.06822340935468674
0.16988857090473175
0.10998329520225525
0.03899162635207176
0.2692893445491791
0.045292578637599945
0.02920438162982464
0.02624831534922123
0.18073245882987976
0.045837488025426865
0.06571478396654129
0.10580994933843613
0.24751757085323334
0.1934473216533661
1.3868849277496338
0.12585513293743134
0.01859370991587639
0.27454859018325806
0.24862487614154816
0.3517681062221527
0.08239482343196869
0.07859346270561218
0.08018218725919724
0.109620600938797
0.4206700623035431
0.09160985797643661
0.1259019523859024
0.40071097016334534
0.1951887458562851
0.04860006272792816
0.09271565079689026
0.14548544585704803
0.0768008753657341
0.022202830761671066
0.13717691600322723
0.06765040010213852
0.23380644619464874
0.14778637886047363
0.33468571305274963
0.6968353390693665
0.3229348957538605
0.01714331842958927
0.7452770471572876
0.1750684231519699
0.7431498765945435
0.1366025060415268
0.1442568451166153
0.04056532308459282
0.07278995215892792
0.2592230439186096
0.1151917576789856
0.06222932040691376
0.2585739493370056
0.09194736927747726
0.5210278034210205
0.5815678834915161
0.13447584211826324
0.3993631601333618
0.13342514634132385
0.07748682796955109
0.12139047682285309
0.06539677828550339
0.12922696769237518
0.0632878988981247
0.1025996059179306
0.22838632762432098
0.025948762893676758
0.3798220753669739
0.5341932773590088
0.06413865089416504
0.1820652037858963
0.11479933559894562
0.16040074825286865
0.09006159007549286
0.05293525755405426
0.08783774822950363
0.07388005405664444
0.2447202354669571
0.07184736430644989
0.2562341094017029
0.05012757331132889
0.07764501869678497
0.04549979791045189
0.10652913898229599
0.054823923856019974
0.03305620327591896
0.09362342208623886
0.0542718805372715
0.22456298768520355
0.2709140181541443
0.180672749876976
0.08253917098045349
0.03763063624501228
0.31126582622528076
0.03932284936308861
0.13255979120731354
0.04859990254044533
0.07119206339120865
0.08423516899347305
0.07315777242183685
0.08825336396694183
0.050687696784734726
0.5195119976997375
0.08795212209224701
0.34859588742256165
0.14983691275119781
0.07367973774671555
0.22941434383392334
0.11181589215993881
0.05618201196193695
0.07992571592330933
0.06516817212104797
0.08079218864440918
0.0696740671992302
0.08146058022975922
0.08291316032409668
0.09638040512800217
0.034868065267801285
0.05179508402943611
0.09506641328334808
0.11192968487739563
0.5474033951759338
0.08517865836620331
0.1301451325416565
0.19216817617416382
0.09052254259586334
0.20777462422847748
0.11489526182413101
0.06447750329971313
0.05031556263566017
0.0808662548661232
0.04327557608485222
0.06868844479322433
0.09324734658002853
0.06252589821815491
0.27048707008361816
0.06979746371507645
0.06620492786169052
0.17956341803073883
0.27647215127944946
0.06466935575008392
0.16065804660320282
0.07818238437175751
0.1966279298067093
0.11415766179561615
0.42550238966941833
0.4570746123790741
0.0197310633957386
0.22493019700050354
0.06840948015451431
0.0231668408960104
0.14630915224552155
0.04511810094118118
0.05419846624135971
0.07992561906576157
0.07888448983430862
0.051852352917194366
0.0291044432669878
0.029977140948176384
0.217898890376091
0.05997556075453758
0.04514342173933983
0.02454495243728161
0.09962823241949081
0.21302765607833862
0.08566483855247498
0.7054751515388489
0.26150164008140564
0.26164862513542175
0.16985109448432922
0.44734910130500793
0.11495468765497208
0.49062737822532654
0.13575921952724457
0.14573244750499725
0.0621495358645916
0.10423042625188828
0.08910641819238663
0.15622718632221222
0.15853570401668549
0.17243331670761108
0.05627623572945595
0.3761560916900635
0.17570385336875916
0.08206966519355774
0.0576036237180233
0.13245944678783417
0.23971149325370789
0.040602680295705795
0.04816895350813866
0.17327626049518585
0.04633010923862457
0.13057006895542145
0.060706328600645065
0.22311630845069885
0.059112634509801865
0.032347287982702255
0.021353580057621002
0.03860277682542801
0.06189841032028198
0.13803136348724365
0.020732076838612556
0.25369441509246826
0.06807992607355118
0.18777760863304138
0.20470280945301056
0.11166789382696152
0.31734001636505127
0.27640384435653687
0.05683507025241852
0.18953204154968262
0.09857365489006042
0.19116413593292236
0.04490755498409271
0.09698620438575745
0.13440494239330292
0.07026863843202591
0.10455058515071869
0.05025307089090347
0.05872008949518204
0.12779271602630615
0.10994420945644379
0.027253905311226845
0.26565414667129517
0.1542060226202011
0.132833793759346
0.18970827758312225
0.07871029525995255
0.40952610969543457
0.46819350123405457
0.07049379497766495
0.05624234303832054
0.4668216109275818
0.32982519268989563
0.042105939239263535
0.03466792404651642
0.0891721323132515
0.2097100466489792
0.04400914907455444
0.057150278240442276
0.12718529999256134
0.04005936160683632
0.2748735845088959
0.09421073645353317
0.049541860818862915
0.1201128140091896
0.020640291273593903
0.058956652879714966
0.053351934999227524
0.03835349157452583
0.026691116392612457
0.06772870570421219
0.22371909022331238
0.07403083145618439
0.5413994193077087
0.04401693493127823
0.052473850548267365
0.1436482071876526
0.06352180987596512
0.07129129767417908
0.18519872426986694
0.03180399537086487
0.3578762710094452
0.39504626393318176
0.07473044097423553
0.10156944394111633
0.9003077149391174
0.12349508702754974
0.05859881266951561
0.17549364268779755
0.18371036648750305
0.07912378758192062
0.1390516310930252
0.21651215851306915
0.08333636075258255
0.0933631956577301
0.11813987791538239
0.11576583981513977
0.26490142941474915
0.06788244098424911
0.024669025093317032
0.04263695701956749
0.058534495532512665
0.5202686190605164
0.023250676691532135
0.10474199056625366
0.7045783400535583
0.17472538352012634
0.13159289956092834
0.03238644823431969
0.4098608195781708
0.1205405592918396
0.07012609392404556
0.0800505056977272
0.03779849410057068
0.05923618748784065
0.10814747959375381
0.054451294243335724
0.40777453780174255
0.17106790840625763
0.1592295616865158
0.15112218260765076
0.20502600073814392
0.035117294639348984
0.11534140259027481
0.03741777688264847
0.2737795412540436
0.296709269285202
0.2309924215078354
0.08450545370578766
0.0656655952334404
0.05738773196935654
0.041412610560655594
0.06845712661743164
0.11241687089204788
0.05283027142286301
0.08348903805017471
0.12246759980916977
0.06502144783735275
0.11562931537628174
0.02480163425207138
0.5276281833648682
0.030122241005301476
0.08381786942481995
0.24935616552829742
0.11948246508836746
0.09095194190740585
0.04531319811940193
0.03684188798069954
0.11082697659730911
0.10569769889116287
0.5474095344543457
0.05580940842628479
0.022488292306661606
0.07280977070331573
0.2680741548538208
0.13631035387516022
0.043849535286426544
0.1879824846982956
0.07126875966787338
0.14455491304397583
0.10169608145952225
0.17646938562393188
0.08271561563014984
0.06932076811790466
0.3003201484680176
0.10474435985088348
0.04165799543261528
0.03678470849990845
0.5068711042404175
0.06751753389835358
0.03549416363239288
0.06615103781223297
0.11495249718427658
0.1685713827610016
0.3920455873012543
0.041423723101615906
0.0611666738986969
0.5371248722076416
0.03174550458788872
0.45750415325164795
0.07574062049388885
0.06559254974126816
0.13023842871189117
0.0967366099357605
0.14976166188716888
0.10375276952981949
0.5040157437324524
0.10309020429849625
0.06229472532868385
0.056429196149110794
0.1389293670654297
0.0794963389635086
0.07359166443347931
0.04173288494348526
0.12765802443027496
0.04304937645792961
0.06556007266044617
0.04673090577125549
0.10451722145080566
0.2862967252731323
0.017622780054807663
0.2148658186197281
0.20513691008090973
0.07541851699352264
0.25259536504745483
0.052658811211586
0.16815820336341858
0.423221617937088
0.03674083948135376
0.11928766965866089
0.05329744145274162
0.04820527136325836
0.04580000042915344
0.04067929834127426
0.03936659172177315
0.053439512848854065
0.6188628077507019
0.012446829117834568
0.2808246910572052
0.13111506402492523
0.056749142706394196
0.14916427433490753
0.07790101319551468
0.04014817997813225
0.029305171221494675
0.13042964041233063
0.1795705407857895
0.04624715819954872
0.1389957219362259
0.06120163947343826
0.08804295212030411
0.09369300305843353
0.061604466289281845
0.062252890318632126
0.23365581035614014
0.027432512491941452
0.22631849348545074
0.20447637140750885
0.09506373852491379
0.10832991451025009
0.12699447572231293
0.0213311780244112
0.013875564560294151
0.10324025899171829
0.4408460855484009
0.09131272882223129
0.06262609362602234
0.0954764187335968
0.03350146487355232
0.2045917958021164
0.03502478450536728
0.5660324096679688
0.03785015270113945
0.12537595629692078
0.23551452159881592
0.025826171040534973
0.06060495972633362
0.055615536868572235
0.21193519234657288
0.032987773418426514
0.05260937288403511
0.20051813125610352
0.09787873178720474
0.10030312091112137
0.022694652900099754
0.3016744554042816
0.11524992436170578
0.026061100885272026
0.09715767204761505
0.09007617086172104
0.0816635936498642
0.5948154330253601
0.1942765861749649
0.23629754781723022
0.1933370977640152
0.18559296429157257
0.06661174446344376
0.1333741843700409
0.03464468941092491
0.2451394945383072
0.1330232173204422
0.45419344305992126
0.13079416751861572
0.11070487648248672
0.08351340144872665
0.09948042035102844
0.11292187124490738
0.17072738707065582
0.08198075741529465
0.22855985164642334
0.07525911182165146
0.026457594707608223
0.13599318265914917
0.03824523836374283
0.05393803119659424
0.46774256229400635
0.04063345864415169
0.20479977130889893
0.40045687556266785
0.1638135015964508
0.01647789403796196
0.210811585187912
0.045087993144989014
0.04055122286081314
0.11359772831201553
0.3149329125881195
0.08201545476913452
0.14181695878505707
0.22918801009655
0.060687679797410965
0.06764407455921173
0.08848237246274948
0.06334224343299866
0.14373137056827545
0.39095404744148254
0.05057813599705696
0.10711880773305893
0.24820426106452942
0.19742797315120697
0.18836699426174164
0.32734227180480957
0.37560513615608215
0.16654357314109802
0.06845160573720932
0.06258358061313629
0.11876153200864792
0.047731637954711914
0.2403119057416916
0.06464608013629913
0.14466723799705505
0.06154029443860054
0.2005145400762558
0.20933857560157776
0.18565943837165833
0.20946034789085388
0.03089829906821251
0.020158562809228897
0.09342490136623383
0.18887263536453247
0.29333075881004333
0.11344322562217712
0.02625975012779236
0.13080821931362152
0.12410111725330353
0.0458395853638649
0.15209883451461792
0.5606295466423035
0.07458439469337463
0.28839248418807983
0.06838811188936234
0.10592653602361679
0.05411995202302933
0.3209717273712158
0.20212845504283905
0.37948188185691833
0.0705610066652298
0.09137638658285141
0.33359089493751526
0.034580036997795105
0.11976279318332672
0.5169467926025391
0.03723647817969322
0.09374158829450607
0.3288566470146179
0.17666324973106384
0.08263441920280457
0.054220810532569885
0.0777672752737999
0.07942026108503342
0.07174710184335709
0.03699541464447975
0.046565208584070206
0.059377916157245636
0.12033829092979431
0.1329399198293686
0.03590625524520874
0.589682400226593
0.036965008825063705
0.43527206778526306
0.2229577898979187
0.5337011814117432
0.07521715760231018
0.26035115122795105
0.06925196200609207
0.4313249886035919
0.07423175871372223
0.04814518615603447
0.09217244386672974
0.17881466448307037
0.4820530116558075
0.1313420683145523
0.08028332144021988
0.03364009037613869
0.2802305519580841
0.13383300602436066
0.09046182781457901
0.05787992849946022
0.28565579652786255
0.07240337878465652
0.7749424576759338
0.12134584784507751
0.041334368288517
0.1295272707939148
0.29137158393859863
0.09603216499090195
0.046695951372385025
0.18430444598197937
0.06833870708942413
0.03937319666147232
0.0925731211900711
0.10366834700107574
0.11183719336986542
0.09589488059282303
0.06835319101810455
0.6957808136940002
0.7174830436706543
0.1425226777791977
0.0817708894610405
0.07866814732551575
0.13276991248130798
0.11262340098619461
0.33915624022483826
0.3941349387168884
0.30027270317077637
0.129280224442482
0.3398720622062683
0.1431955248117447
0.21323207020759583
0.4351656138896942
0.14981123805046082
0.21362748742103577
0.08763416856527328
0.14453141391277313
0.11218853294849396
0.10102253407239914
0.062098149210214615
0.05094793438911438
0.026454351842403412
0.8388739824295044
0.032931115478277206
0.1201600432395935
0.1874753087759018
0.029256945475935936
0.04946312680840492
0.13749487698078156
0.023139644414186478
0.16093644499778748
0.0723799541592598
0.1611175239086151
0.4774126708507538
0.05358772352337837
0.27043354511260986
0.034059636294841766
0.1532590240240097
0.21201005578041077
0.1192966029047966
0.193032369017601
0.058139532804489136
0.383353590965271
0.15199866890907288
0.13758230209350586
0.2723045349121094
0.3780575692653656
0.0422663688659668
0.06758446246385574
0.28960540890693665
0.0881800726056099
0.05736357346177101
0.04770830273628235
0.05076869949698448
0.2032339721918106
0.3122897446155548
0.13611246645450592
0.5865068435668945
0.08773632347583771
0.21919852495193481
0.13010737299919128
0.08071402460336685
0.04657457396388054
0.7297245860099792
0.05017103999853134
0.06925848126411438
0.04972579702734947
0.06205018237233162
0.021059762686491013
0.2394874393939972
0.07270710170269012
0.04988368973135948
0.33855968713760376
0.042516469955444336
0.04353369027376175
0.07141037285327911
0.06207563355565071
0.07076787203550339
0.029434187337756157
0.06918636709451675
0.04949868470430374
0.4979373514652252
0.3342684507369995
0.09100319445133209
0.038266632705926895
0.2024611234664917
0.0659935474395752
0.08781701326370239
0.07122275233268738
0.12405937165021896
0.239540234208107
0.10653102397918701
0.17511996626853943
0.16923731565475464
0.17537863552570343
0.11729884892702103
0.04459162428975105
0.10921765118837357
0.09601620584726334
0.060087528079748154
0.728666365146637
0.2837810516357422
0.10386306047439575
0.09395142644643784
0.15940459072589874
0.5174143314361572
0.3857882022857666
0.17040038108825684
0.18473100662231445
0.04941851645708084
0.12135487794876099
0.49507635831832886
0.7086391448974609
0.17444787919521332
0.06504020094871521
0.10053014010190964
0.1200818344950676
0.06447507441043854
0.044566843658685684
0.12035863101482391
0.34623026847839355
0.4101462662220001
0.20904541015625
0.06101174280047417
0.059080302715301514
0.1723533719778061
0.08800958096981049
0.06170845776796341
0.11348413676023483
0.043292783200740814
0.038286738097667694
0.5880326628684998
0.17881862819194794
0.32271668314933777
0.10052240639925003
0.029904847964644432
0.11042717099189758
0.028279313817620277
0.0937686413526535
0.13641412556171417
0.041111432015895844
0.6487035751342773
0.06048242002725601
0.0408315435051918
0.1739320605993271
0.7468374967575073
0.06762321293354034
0.0713675394654274
0.1814245730638504
0.25875094532966614
0.13191939890384674
0.11073259264230728
0.25015005469322205
0.09159255027770996
0.10012909770011902
0.09338787943124771
0.4530734121799469
0.7404224276542664
0.09565538913011551
0.11575107276439667
0.09707307070493698
0.25623467564582825
0.07510191947221756
0.1317029595375061
0.06944558769464493
0.19731438159942627
0.06602410227060318
0.45905154943466187
0.144326314330101
0.20349745452404022
0.2359032928943634
0.07505592703819275
0.2278302013874054
0.030204808339476585
0.084321528673172
0.04191148653626442
0.03518964722752571
0.04230440407991409
0.06647688895463943
0.1432378739118576
0.06403473019599915
0.1017860546708107
0.04293384402990341
0.03847978264093399
0.24936021864414215
0.46197542548179626
0.14921240508556366
0.40682461857795715
1.0615931749343872
0.07889186590909958
0.7186775803565979
0.0816764160990715
0.44557586312294006
0.15059438347816467
0.19612331688404083
0.40026330947875977
0.4634714722633362
0.10657448321580887
0.4407555162906647
0.14276918768882751
0.07667635381221771
0.11123120039701462
0.13852271437644958
0.17467588186264038
0.15256889164447784
0.0954727753996849
0.13482244312763214
0.2191045582294464
0.06188591197133064
0.2233811914920807
0.23812931776046753
0.04239508509635925
0.027940843254327774
0.19143737852573395
0.03360547497868538
0.3344859182834625
0.04544351249933243
0.2067406177520752
0.04426664486527443
0.15155646204948425
0.05339153856039047
0.02759586088359356
0.031938567757606506
0.0468628890812397
0.06428670138120651
0.03185715898871422
0.10247758775949478
0.06159995123744011
0.02376357652246952
0.02618248760700226
0.03151240199804306
0.27622801065444946
0.02953300066292286
0.1324673295021057
0.04039815813302994
0.3954123556613922
0.032234154641628265
0.030498411506414413
0.041694365441799164
0.08261773735284805
0.11667098104953766
0.4907899796962738
0.07813793420791626
0.16179341077804565
0.035623613744974136
0.04412907361984253
0.06578416377305984
0.04191741719841957
0.03787996247410774
0.22138261795043945
0.0478786900639534
0.06999345123767853
0.02638740837574005
0.03639642894268036
0.036003001034259796
1.0694695711135864
0.5207432508468628
0.03398897498846054
0.08290541917085648
0.08296440541744232
0.38116395473480225
0.08460226655006409
0.19721351563930511
0.10073280334472656
0.3235324025154114
0.07909741997718811
0.09826778620481491
0.06047942861914635
0.4732531011104584
0.16569237411022186
0.1776638925075531
0.3368622362613678
0.05920993536710739
0.1226593479514122
0.1161167174577713
0.05553808435797691
0.6975827217102051
0.1528712958097458
0.08355613797903061
0.14494739472866058
0.03956642374396324
0.11730509996414185
0.22070106863975525
0.1007877066731453
0.06594342738389969
0.15081337094306946
0.11571310460567474
0.30253899097442627
0.08858419954776764
0.23176781833171844
0.2947207987308502
0.06811019033193588
0.7590638399124146
0.04856995865702629
0.0767190009355545
0.05715348944067955
0.44170817732810974
0.23266029357910156
0.12209536135196686
0.09884113073348999
0.09561064094305038
0.23816879093647003
0.023112855851650238
0.11204366385936737
0.0638863667845726
0.3254980742931366
0.051783934235572815
0.20912252366542816
0.09069197624921799
0.15469928085803986
0.049524687230587006
0.05709151551127434
0.08159586042165756
0.03657091036438942
0.1265803724527359
0.08636468648910522
0.16219237446784973
0.023194653913378716
0.24196845293045044
0.04840748757123947
0.1426173597574234
0.13259632885456085
0.04784442484378815
0.4644729495048523
0.2941522002220154
0.07190386950969696
0.08237451314926147
0.07996177673339844
0.11223843693733215
0.0689680352807045
0.05119391530752182
0.6132789850234985
0.08350247889757156
0.056684885174036026
0.028163328766822815
0.07480284571647644
0.08438224345445633
0.22860868275165558
0.13981123268604279
0.20820561051368713
0.11745351552963257
0.19179025292396545
0.032645128667354584
0.0657409280538559
0.05845547839999199
0.05460686609148979
0.08011235296726227
0.08968150615692139
0.0604974590241909
0.19515934586524963
0.03651811555027962
0.13867391645908356
0.13178038597106934
0.6394641399383545
0.3486546277999878
0.07458530366420746
0.4404892325401306
0.38232436776161194
0.20348745584487915
0.11845644563436508
0.08946526050567627
0.12522558867931366
0.09152167290449142
0.24214868247509003
0.08863282203674316
0.11434511095285416
0.05430596321821213
0.08366461098194122
0.09628760814666748
0.04554453492164612
0.13257479667663574
0.20855861902236938
0.6181673407554626
0.06679096817970276
0.03702141344547272
0.045650750398635864
0.0932595282793045
0.05023554712533951
0.19165250658988953
0.08315064758062363
0.27096787095069885
0.05980049818754196
0.026500262320041656
0.088782899081707
0.3122561573982239
0.1805921047925949
0.15116353332996368
0.061526183038949966
0.10823208093643188
0.0767553299665451
0.46197107434272766
0.05906444415450096
0.18204545974731445
0.055606499314308167
0.077855184674263
0.17934465408325195
0.0781649500131607
0.6028283834457397
0.17864975333213806
0.060395386070013046
0.17804007232189178
0.3269566297531128
0.5029767155647278
0.051647838205099106
0.06895209103822708
0.10225965082645416
0.15246611833572388
0.24638505280017853
0.07776398956775665
0.5491565465927124
0.46109598875045776
0.24687673151493073
0.038552988320589066
0.3344325125217438
0.05255253612995148
0.15808828175067902
0.12228845804929733
0.1634618192911148
0.3203873932361603
0.07125996798276901
0.2708926796913147
0.38007035851478577
0.14261683821678162
0.1612948328256607
0.14771483838558197
0.37806689739227295
0.18128906190395355
0.0398993082344532
0.14906848967075348
0.02080068364739418
0.11529189348220825
0.05016031488776207
0.41530585289001465
0.018829448148608208
0.19451148808002472
0.2432541400194168
0.021235482767224312
0.719088613986969
0.1343841254711151
0.13923519849777222
0.507366955280304
0.04805147647857666
0.2737083435058594
0.22388525307178497
0.11842193454504013
0.07087641209363937
0.0571729950606823
0.13102883100509644
0.08704850822687149
0.06297212094068527
0.16222701966762543
0.2069835364818573
0.11005841940641403
0.18367964029312134
0.03467850014567375
0.0511896014213562
0.03979630768299103
0.05914853513240814
0.05681290104985237
0.7469976544380188
0.09386002272367477
0.044469695538282394
0.08026528358459473
0.15808157622814178
0.05474410951137543
0.030812693759799004
0.026283299550414085
0.09483271092176437
0.41117197275161743
0.7827267646789551
0.43475809693336487
0.03293132036924362
0.17496950924396515
0.1691073626279831
0.24128735065460205
0.08296468108892441
0.04078061133623123
0.0701741874217987
0.09308179467916489
0.07036631554365158
0.42594364285469055
0.17139418423175812
0.0811321958899498
0.0458468422293663
0.060870639979839325
0.1523710936307907
0.19006681442260742
0.0816400945186615
0.09946160763502121
0.18668952584266663
0.44095155596733093
0.03506672754883766
0.19908952713012695
0.07309097051620483
0.03404197469353676
0.10610044747591019
0.24525614082813263
0.07257317751646042
0.07957024872303009
0.030849022790789604
0.23866069316864014
0.07341796904802322
0.08343597501516342
0.31679481267929077
0.02945706620812416
0.07249248772859573
0.5225312113761902
0.2879953682422638
0.1844668686389923
0.08897005021572113
0.17979054152965546
0.528759777545929
0.4004805088043213
0.05762234330177307
0.09897558391094208
0.22924017906188965
0.06730668991804123
0.20138119161128998
0.18446017801761627
0.05117832124233246
0.22191855311393738
0.10600971430540085
0.12278708070516586
0.026378029957413673
0.10508168488740921
0.04825139790773392
0.10906114429235458
0.04147174954414368
0.2787240147590637
0.07368474453687668
0.052842240780591965
0.0894417092204094
0.050878677517175674
0.05484992638230324
0.0687611773610115
0.05667712166905403
0.0408206507563591
0.03786604106426239
0.027941100299358368
0.17882658541202545
0.13639771938323975
0.07801923900842667
0.2049463838338852
0.06532200425863266
0.26826202869415283
0.05367718264460564
0.1196504607796669
0.19003191590309143
0.0474233403801918
0.020872870460152626
0.11949429661035538
0.2443046271800995
0.053326018154621124
0.21296356618404388
0.12202106416225433
0.18865710496902466
0.2289654165506363
0.026022490113973618
0.1476689875125885
0.07047934830188751
0.5404965281486511
0.25129562616348267
0.016550913453102112
0.11879445612430573
0.04813934862613678
0.051334869116544724
0.08333493769168854
0.0852852389216423
0.08636417984962463
0.5621997117996216
0.44703593850135803
0.08385121077299118
0.06651560217142105
0.08954949676990509
0.13425898551940918
0.12443049252033234
0.28687694668769836
0.14771191775798798
0.23026274144649506
0.08520546555519104
0.07566680759191513
0.038720399141311646
0.2661600410938263
0.705384373664856
0.19992846250534058
0.08608309179544449
0.03547288104891777
0.1448802500963211
0.15967412292957306
0.12802959978580475
0.04014025256037712
0.1471409648656845
0.5613194108009338
0.34642016887664795
0.04654020443558693
0.06820803135633469
0.08187274634838104
0.039246514439582825
0.07823522388935089
0.03606841340661049
0.07821426540613174
0.02828829362988472
0.09228858351707458
0.14897377789020538
0.41308075189590454
0.08836989849805832
0.08025767654180527
0.515631914138794
0.1994195431470871
0.4455021321773529
0.04870237782597542
0.039882298558950424
0.0440061092376709
0.17787706851959229
0.2750134766101837
0.3010607361793518
0.04940848797559738
0.05110212042927742
0.062098629772663116
0.148448646068573
0.08540982007980347
0.13193027675151825
0.06244194880127907
0.03367164358496666
0.38146382570266724
0.13108882308006287
0.06273295730352402
0.041987158358097076
0.17264042794704437
0.13479703664779663
0.11176200956106186
0.14009639620780945
0.017351744696497917
0.22290855646133423
1.2987462282180786
0.08091386407613754
0.17753839492797852
0.666637659072876
0.05501069128513336
0.1475866436958313
0.14736171066761017
0.055548135191202164
0.08073772490024567
0.07105334848165512
0.10434191673994064
0.10724494606256485
0.05508321523666382
0.15101809799671173
0.7547363638877869
0.12515772879123688
0.4466021955013275
0.3652448356151581
0.047947101294994354
0.02961244434118271
0.3663983643054962
0.26590171456336975
0.2487461417913437
0.03369937837123871
0.13695093989372253
0.0483747161924839
0.7011341452598572
0.0887741893529892
0.042156461626291275
0.1361406147480011
0.25715985894203186
0.42421308159828186
0.21100197732448578
0.11861882358789444
0.048427678644657135
0.0632096529006958
0.056634947657585144
0.15091553330421448
0.1831888109445572
0.22383253276348114
0.05412977188825607
0.12589742243289948
0.21564042568206787
0.16580212116241455
0.08556105941534042
0.04416639730334282
0.04276154562830925
0.4682716727256775
0.16143451631069183
0.059576522558927536
0.05896284058690071
0.2725036144256592
0.061527132987976074
0.4269711673259735
0.9201804399490356
0.47773632407188416
0.12751704454421997
0.09181749075651169
0.2285219132900238
0.077656090259552
0.06490381062030792
0.0599067322909832
0.14861901104450226
0.16221819818019867
0.10042940080165863
0.21449291706085205
0.028013896197080612
0.20766761898994446
0.07952243089675903
0.022534038871526718
0.04104689136147499
0.041096825152635574
0.01832442171871662
0.8011736869812012
0.01926371268928051
0.0887230709195137
0.16171300411224365
0.038930270820856094
0.37646278738975525
0.14651460945606232
0.019078735262155533
0.028144972398877144
0.04821226745843887
0.15623825788497925
0.03787617385387421
0.25902116298675537
0.09863338619470596
0.16443796455860138
0.1470063477754593
0.08510374277830124
0.10174192488193512
0.069992296397686
0.05493625998497009
0.10775429755449295
0.051890164613723755
0.14974939823150635
0.05787840858101845
0.05331948772072792
0.15891537070274353
0.03570418432354927
0.2513108253479004
0.18710869550704956
0.466189444065094
0.02356504090130329
0.18367739021778107
0.02431243471801281
0.08061951398849487
0.09942472726106644
0.07102040946483612
0.032910678535699844
0.0394073948264122
0.0660708099603653
0.2156575620174408
0.03188447654247284
0.04103776440024376
0.043130066245794296
0.08892519026994705
0.08441668748855591
0.18347972631454468
0.042540550231933594
0.4253678619861603
0.06660708785057068
0.12111430615186691
0.10939599573612213
0.39438408613204956
0.0862385705113411
0.03936528041958809
0.1916423738002777
0.029703618958592415
0.0603087954223156
0.7515448927879333
0.033346179872751236
0.02655666694045067
0.04027136415243149
0.03342077136039734
0.09251338988542557
0.04555433988571167
0.05403345823287964
0.037007737904787064
0.09765011817216873
0.12054520845413208
0.13888128101825714
0.15630212426185608
0.12945246696472168
0.5894052982330322
0.2114570438861847
0.04603058844804764
0.04313306137919426
0.08269265294075012
0.697306215763092
0.3722286522388458
0.12912976741790771
0.09495490789413452
0.21188947558403015
0.046594198793172836
0.12728075683116913
0.21839366853237152
0.16465435922145844
0.13768689334392548
0.10641828179359436
0.14447270333766937
0.07250329107046127
0.287982702255249
0.06870101392269135
0.3235798478126526
0.07963407039642334
0.09764562547206879
0.05075763165950775
0.0755840316414833
0.11587272584438324
0.06674420088529587
0.030194411054253578
0.5075543522834778
0.24872493743896484
0.04434312507510185
0.06525692343711853
0.04399097338318825
0.04627892002463341
0.10930236428976059
0.03306034952402115
0.3846750855445862
0.49678120017051697
0.03510614484548569
0.23746302723884583
0.06254695355892181
0.2704210877418518
0.09692417830228806
0.05692844092845917
0.1314079761505127
0.08257003128528595
0.06871681660413742
0.031180480495095253
0.08562663942575455
0.05175190418958664
0.06237509474158287
0.0410347618162632
0.12915000319480896
0.05507059767842293
0.10190488398075104
0.20668436586856842
0.30875569581985474
0.08296777307987213
0.19094765186309814
0.10675016790628433
0.06724336743354797
0.07584809511899948
0.6289719343185425
0.2747553586959839
0.10955367237329483
0.17624692618846893
0.0646328330039978
0.04387203976511955
0.09676732867956161
0.03776945546269417
0.11637221276760101
0.06745725870132446
0.07568195462226868
0.27936768531799316
0.028641246259212494
0.03663630411028862
0.10109863430261612
0.07781728357076645
0.09767251461744308
0.03066946379840374
0.04877478629350662
0.07674311101436615
0.31202247738838196
0.3385487496852875
0.7022643685340881
0.030341442674398422
0.08868831396102905
0.031453654170036316
0.05999560281634331
0.039662085473537445
0.05648639425635338
0.05920323356986046
0.06469403207302094
0.042333297431468964
0.05666755139827728
0.35231858491897583
0.0473288930952549
0.050993818789720535
0.15565572679042816
0.11337647587060928
0.047549113631248474
0.03793973848223686
0.11129919439554214
0.08375998586416245
0.08421525359153748
0.034822978079319
0.03290531039237976
0.05987122654914856
0.04251781478524208
0.02225189283490181
0.03158289194107056
0.08756067603826523
0.2740304470062256
0.2853456437587738
0.17541663348674774
0.049662668257951736
0.2178981602191925
0.15199728310108185
0.04042783007025719
0.21423906087875366
0.05350833013653755
0.03984731808304787
0.07115313410758972
0.3124556243419647
0.6827074289321899
0.5682519674301147
0.6128190159797668
0.07213035970926285
0.14601413905620575
0.09461943060159683
0.13791745901107788
0.11269679665565491
0.1204480454325676
0.20900653302669525
0.2549717128276825
0.17414115369319916
0.09867370128631592
0.046537742018699646
0.07938553392887115
0.030501509085297585
0.07224790006875992
0.07375627011060715
0.1096479743719101
0.37385594844818115
0.059488847851753235
0.09270072728395462
0.6901537775993347
0.15867306292057037
0.4085671007633209
0.5191761255264282
0.0859748125076294
0.06379440426826477
0.242937833070755
0.08520308881998062
0.22032438218593597
0.09910878539085388
0.10581784695386887
0.09201270341873169
0.09457968175411224
0.10497155785560608
0.2638147473335266
0.13111628592014313
0.3694724142551422
0.30421650409698486
0.11468184739351273
0.1992308497428894
0.05118786543607712
0.27670276165008545
0.05937485024333
0.03265509381890297
0.3325802683830261
0.08251623064279556
0.03581225499510765
0.20430581271648407
0.13019944727420807
0.08891404420137405
0.1981658637523651
0.1533224880695343
0.07769249379634857
0.30161547660827637
0.048545073717832565
0.20029966533184052
0.11336957663297653
0.044471625238657
0.3560687005519867
0.08356259018182755
0.15259048342704773
0.07392692565917969
0.0478479228913784
0.4469732940196991
0.1230689212679863
0.3694706857204437
0.16807697713375092
0.12091850489377975
0.1856604516506195
0.1498785763978958
0.1880180388689041
0.10930623859167099
0.07532425969839096
0.1534738391637802
0.038486383855342865
0.07194624096155167
0.2334248423576355
0.5265486240386963
0.1267128437757492
0.05825258791446686
0.16074082255363464
0.11513949930667877
0.04588932543992996
0.05402996763586998
0.14942046999931335
0.06077687814831734
0.13141584396362305
0.03925152122974396
0.027316320687532425
0.04974732547998428
0.11576315760612488
0.08781278133392334
0.339973509311676
0.07963764667510986
0.04137455299496651
0.2840835750102997
0.6147565841674805
0.03012937866151333
0.19218620657920837
0.17710953950881958
0.07515871524810791
0.10500212013721466
0.116776242852211
0.460344523191452
0.14282923936843872
0.242958202958107
0.1351986527442932
0.13384313881397247
0.14770157635211945
0.2062283158302307
0.09466008096933365
0.18496105074882507
0.05423318222165108
0.0775538980960846
0.10485783219337463
0.3129023015499115
0.1236439198255539
0.17812784016132355
0.03174235671758652
0.04984232783317566
0.5523160099983215
0.03331432864069939
0.023574378341436386
0.36439046263694763
0.1348801553249359
0.033994369208812714
0.22669953107833862
0.09141894429922104
0.40318411588668823
0.439443439245224
0.027704374864697456
0.10574907064437866
0.07976282387971878
0.0739889144897461
0.053016357123851776
0.06696797907352448
0.044268108904361725
0.2962007224559784
0.0714096873998642
0.07463047653436661
0.04924183338880539
0.10798553377389908
0.14885656535625458
0.07577616721391678
0.28274282813072205
0.03512200340628624
0.09706492722034454
0.056885626167058945
0.02535182796418667
0.03567085415124893
0.12349766492843628
0.24504198133945465
0.026982620358467102
0.31075629591941833
0.027077849954366684
0.016811536625027657
0.049013491719961166
0.14495211839675903
0.5415082573890686
0.7577195167541504
0.09691441804170609
0.0898059755563736
0.05764293670654297
0.15295995771884918
0.049572937190532684
0.06919199973344803
0.10757409036159515
0.09309226274490356
0.14828957617282867
0.0570196658372879
0.037656836211681366
0.14017634093761444
0.15712665021419525
0.6026607155799866
0.057290732860565186
0.03585509583353996
0.22114960849285126
0.1291637271642685
0.06771478056907654
0.11008947342634201
0.4138375520706177
0.2181776762008667
0.07807647436857224
0.20362593233585358
0.30451467633247375
0.2963038980960846
0.1065416932106018
0.05238323286175728
0.08539339154958725
0.02241019904613495
0.11800607293844223
0.1135248988866806
0.3953183889389038
0.04673575237393379
0.0314449742436409
0.08426734060049057
0.07783237099647522
0.06989317387342453
0.05008343979716301
0.04971452057361603
0.03132997825741768
0.28428152203559875
0.04653594270348549
0.43498778343200684
0.10273274034261703
0.029057979583740234
0.07389230281114578
0.05115336924791336
0.06832233816385269
0.04935653880238533
0.26501017808914185
0.10282320529222488
0.3013136088848114
0.03872402757406235
0.4372539520263672
0.03867219761013985
0.13545086979866028
0.11124223470687866
0.07020962238311768
0.19808582961559296
0.8821978569030762
0.03604470193386078
0.06685160100460052
0.47689998149871826
0.050190698355436325
0.22828154265880585
0.12403088063001633
0.26555922627449036
0.3056652545928955
0.09271205961704254
0.02852221578359604
0.16460317373275757
0.2485152781009674
0.047324519604444504
0.06387484818696976
0.05149703100323677
0.0999692976474762
0.08563452214002609
0.1364373415708542
0.03693155571818352
0.03708324581384659
0.05319146439433098
0.04631780833005905
0.021586496382951736
0.05399341136217117
0.04793860390782356
0.5383925437927246
0.2148047238588333
0.20964564383029938
0.028346357867121696
0.18704481422901154
0.023243313655257225
0.18707041442394257
0.04102504625916481
0.11796142160892487
0.4655868113040924
0.06772857159376144
0.2769056558609009
0.07517912983894348
0.03474363684654236
0.06617656350135803
0.10659289360046387
0.06595075875520706
0.045616745948791504
0.11116880923509598
0.07334347069263458
0.06787757575511932
0.06679397076368332
0.39769166707992554
0.03684952110052109
0.13737718760967255
0.033752091228961945
0.4783015549182892
0.07175550609827042
0.268401175737381
0.1655598282814026
0.075584277510643
0.5693866014480591
0.06936798989772797
0.10034223645925522
0.028237249702215195
0.04490582272410393
0.18393757939338684
0.027409283444285393
0.20089951157569885
0.11071369051933289
0.08464938402175903
0.0501147098839283
0.2394033670425415
0.20774559676647186
0.3373716473579407
0.06971718370914459
0.11751215159893036
0.5010493397712708
0.1752440482378006
0.09920773655176163
0.0662728026509285
0.05353498458862305
0.04767921194434166
0.2700030207633972
0.5960977673530579
0.09993302822113037
0.07971354573965073
0.13773705065250397
0.03892942890524864
1.1866443157196045
0.413497656583786
0.04417095705866814
0.10022357106208801
0.26247861981391907
0.09677097946405411
0.5059974193572998
0.052768997848033905
0.04620138928294182
0.05662854015827179
0.11809838563203812
0.27248549461364746
0.06676142662763596
0.05490928888320923
0.4317694306373596
0.4935482442378998
0.24176327884197235
0.16842013597488403
0.5412829518318176
0.47675222158432007
0.07762235403060913
0.14188440144062042
0.03699091076850891
0.4143471121788025
0.1831940859556198
0.17381525039672852
0.07694344967603683
0.27357158064842224
0.033638689666986465
0.13810211420059204
0.14173737168312073
0.1826724112033844
0.036078862845897675
0.08458895236253738
0.12556277215480804
0.0577615462243557
0.06325837224721909
0.27116745710372925
0.02065099962055683
0.13013723492622375
0.06208676099777222
0.05405374616384506
0.026433683931827545
0.04488222673535347
0.13072966039180756
0.1695496290922165
0.050230588763952255
0.1196691021323204
0.3415977358818054
0.024858638644218445
0.04160207509994507
0.16183115541934967
0.07007559388875961
0.06314840167760849
0.12922394275665283
0.0865655392408371
0.033052701503038406
0.4616008698940277
0.2543696165084839
0.06394551694393158
0.09337714314460754
0.07800935208797455
0.22918446362018585
0.09112335741519928
0.04877220839262009
0.27271968126296997
0.1225607842206955
0.04748236760497093
0.3711966574192047
0.04825263097882271
0.040313273668289185
0.01940585859119892
0.053041089326143265
0.017861545085906982
0.08469932526350021
0.11681123822927475
0.05431004986166954
0.046421781182289124
0.1631983518600464
0.05226903036236763
0.18804331123828888
0.20336605608463287
0.18802325427532196
0.4410746991634369
0.3308899700641632
0.2343834936618805
0.06352197378873825
0.10985810309648514
0.1759132593870163
0.5127370953559875
0.14040882885456085
0.07609923928976059
0.056660253554582596
0.11309921741485596
0.11589400470256805
0.23657599091529846
0.11097082495689392
0.0682150200009346
0.22477543354034424
0.15105661749839783
0.03460896015167236
0.24209687113761902
0.13508789241313934
0.11954110860824585
0.1233116164803505
0.05748213455080986
0.10128317028284073
0.13324108719825745
0.1964586079120636
0.06611581146717072
0.12225724756717682
0.02695544995367527
0.524729311466217
0.17915542423725128
0.6796528100967407
0.18602201342582703
0.05752408131957054
0.16425980627536774
0.3509168028831482
0.62663334608078
0.06858508288860321
0.049150675535202026
0.5013733506202698
0.10396981984376907
0.09141149371862411
0.1413668841123581
0.24313275516033173
0.06796601414680481
0.060293346643447876
0.289389044046402
0.12345866113901138
0.029974132776260376
0.23294061422348022
0.02380024455487728
0.13140860199928284
0.03715173155069351
0.2584734857082367
0.021450577303767204
0.04037543013691902
0.018990136682987213
0.5547837018966675
0.14129893481731415
0.026221545413136482
0.20929178595542908
0.08546006679534912
0.018219562247395515
0.1890542209148407
0.32000932097435
0.1336205005645752
0.488470196723938
0.032350488007068634
0.4358602464199066
0.09664788097143173
0.18197770416736603
0.08186095952987671
0.0412549264729023
0.1822488009929657
0.13703224062919617
0.5049050450325012
0.0869305431842804
0.3909086287021637
0.13138170540332794
0.08633129298686981
0.3019401431083679
0.13757312297821045
0.07342542707920074
0.050680819898843765
0.05562971532344818
0.11100905388593674
0.03456532955169678
0.1332087367773056
0.06671649217605591
0.3864362835884094
0.09603078663349152
0.17830216884613037
0.21726083755493164
0.04672832041978836
0.3840899169445038
0.4754609167575836
0.08049686253070831
0.09582626819610596
0.2581150233745575
0.13797539472579956
0.14966841042041779
0.20884862542152405
0.24896378815174103
0.04649633541703224
0.20091857016086578
0.10408969223499298
0.025036251172423363
0.04444366320967674
0.053800810128450394
0.03410488739609718
0.06375075876712799
0.17092500627040863
0.07758476585149765
0.07458007335662842
0.042103350162506104
0.14194269478321075
0.18909166753292084
0.3817704916000366
0.05474298074841499
0.03769522160291672
0.05160225182771683
0.4132901728153229
0.035982221364974976
0.12908919155597687
0.03270306810736656
0.07224708795547485
0.0767999216914177
0.03590317815542221
0.0398331843316555
0.09816528111696243
0.060851145535707474
0.05752571299672127
0.03398117423057556
0.053344592452049255
0.038921058177948
0.12981672585010529
0.025905366986989975
0.14781048893928528
0.04429233446717262
0.05658193305134773
0.10322777926921844
0.3186710476875305
0.06127691641449928
0.040402885526418686
0.40446898341178894
0.0409950353205204
0.22635355591773987
0.05232672020792961
0.661707878112793
0.08520207554101944
0.10443432629108429
0.11824395507574081
0.026374150067567825
0.3237440288066864
0.06395398080348969
0.16042062640190125
0.23126129806041718
0.07492685317993164
0.13882896304130554
0.050625402480363846
0.13441656529903412
0.5850146412849426
0.08523651957511902
0.14990167319774628
0.11248013377189636
0.17325669527053833
0.024313371628522873
0.10962866991758347
0.18637661635875702
0.07184159010648727
0.18543793261051178
0.21835683286190033
0.13017606735229492
0.04635203257203102
0.49643054604530334
0.03352786600589752
0.0859985426068306
0.0654725432395935
0.17489561438560486
0.15640577673912048
0.055393729358911514
1.1161861419677734
0.17413485050201416
0.12096706032752991
0.12240380793809891
0.2892909348011017
0.33926936984062195
0.13531436026096344
0.7410793900489807
0.16159206628799438
0.16448622941970825
0.07837249338626862
0.5364539623260498
0.17653271555900574
0.04873595014214516
0.04617772623896599
0.07696663588285446
0.47355273365974426
0.11042376607656479
0.03275538235902786
0.16580365598201752
0.40034639835357666
0.09420203417539597
0.033302608877420425
0.10103756934404373
0.3560064136981964
0.18408235907554626
0.07242844253778458
0.03621334582567215
0.0675831064581871
0.43083953857421875
0.03277582302689552
0.07194830477237701
0.02894716151058674
0.4583996534347534
0.049810681492090225
0.03745773807168007
0.06423280388116837
0.12429412454366684
0.04724932089447975
0.051880668848752975
0.18313097953796387
0.0362250916659832
0.04825170338153839
0.03375130146741867
0.04410884156823158
0.033135510981082916
0.07085932791233063
0.04344581067562103
0.2130708396434784
0.24157772958278656
0.01594742015004158
0.06869382411241531
0.23488616943359375
0.036542076617479324
0.09574342519044876
0.19664663076400757
0.27973616123199463
0.1718820035457611
0.13129709661006927
0.2194691300392151
0.019252857193350792
0.05711241438984871
0.11606108397245407
0.6058890223503113
0.4959607422351837
0.21248456835746765
0.036993540823459625
0.12479767948389053
0.10466237366199493
0.1316763460636139
0.5597378015518188
0.10818765312433243
0.5648055672645569
0.3149118423461914
0.19906772673130035
0.09517735242843628
0.34969231486320496
0.4198612570762634
0.042997173964977264
0.9215368628501892
0.03176642209291458
0.24081957340240479
0.0358843170106411
0.02827887423336506
0.031682275235652924
0.13745732605457306
0.037867508828639984
0.027894536033272743
0.12833639979362488
0.324872761964798
0.09046471118927002
0.04693959280848503
0.40327292680740356
0.0389157198369503
0.028169292956590652
0.33799031376838684
0.031252212822437286
0.04401926323771477
0.08603299409151077
0.0368572399020195
0.08261001855134964
0.12100043892860413
0.0760989710688591
0.4731496572494507
0.7207006216049194
0.07807133346796036
0.024528659880161285
0.11074712872505188
0.10636259615421295
0.04668371379375458
0.10664594173431396
0.06058492138981819
0.14871595799922943
0.09616133570671082
0.11356198787689209
0.06662137061357498
0.0629478469491005
0.06830941885709763
0.07160135358572006
0.06815294176340103
0.04389297217130661
0.10212130844593048
0.0711420327425003
0.03200281783938408
0.5399184226989746
0.04655834659934044
0.07818131148815155
0.02958323061466217
0.11240706592798233
0.05611592158675194
0.684629499912262
0.28942611813545227
0.075517937541008
0.05501650273799896
0.3221037685871124
0.2816493511199951
0.018604479730129242
0.055029477924108505
0.11681687831878662
0.04110168293118477
0.06637707352638245
0.2460276484489441
0.044395092874765396
0.12313305586576462
0.04350074380636215
0.0806114450097084
0.23788334429264069
0.11184021830558777
0.21952904760837555
0.20172640681266785
0.051608018577098846
0.21596725285053253
0.0399894081056118
0.3434462547302246
0.14029991626739502
0.020977003499865532
0.04236830770969391
0.13666827976703644
0.06784791499376297
0.03487033769488335
0.05334040895104408
0.03320896998047829
0.06631473451852798
0.08108696341514587
0.3799292743206024
0.03105040267109871
0.1382206827402115
0.1780473291873932
0.06550423055887222
0.05160330608487129
0.10331156849861145
0.16860389709472656
0.15864938497543335
0.06172206252813339
0.13902364671230316
0.05216865614056587
0.05960872769355774
0.03886473923921585
0.05177416279911995
0.2754538059234619
0.03267476335167885
0.16963651776313782
0.044281162321567535
0.09464645385742188
0.03247148171067238
0.08815949410200119
0.07548999786376953
0.03500809520483017
0.06181011721491814
0.03083380125463009
0.21512213349342346
0.03670547530055046
0.0834866538643837
0.38995566964149475
0.12298819422721863
0.14458899199962616
0.14853380620479584
0.6068655848503113
0.05438711866736412
0.0741257518529892
0.41849592328071594
0.05999669060111046
0.07599736005067825
0.07739610970020294
0.11536835879087448
0.11094921827316284
0.6757380366325378
0.05705193802714348
0.04265680909156799
0.1888730227947235
0.5782737135887146
0.0826757401227951
0.37896478176116943
0.33468377590179443
0.05504960939288139
0.07825425267219543
0.13370995223522186
0.4708567261695862
0.05327708646655083
0.3959033489227295
0.07153286039829254
0.11228285729885101
0.10865950584411621
0.06488851457834244
0.09942178428173065
0.07306363433599472
0.07608445733785629
0.09085182845592499
0.08286211639642715
0.02285182848572731
0.18772168457508087
0.3847620487213135
0.02845720201730728
0.06768554449081421
0.08349135518074036
0.22210663557052612
0.2412024587392807
0.15220926702022552
0.26846426725387573
0.5251180529594421
0.059377990663051605
0.06845021992921829
0.12255119532346725
0.0508638471364975
0.10740789771080017
0.11161642521619797
0.11012262850999832
0.27212226390838623
0.07432811707258224
0.028776144608855247
0.18646225333213806
0.08933331072330475
0.042836178094148636
0.11566005647182465
0.03942128270864487
0.41633689403533936
0.13370822370052338
0.03570624813437462
0.08127756416797638
0.07525985687971115
0.03655767813324928
0.10779818892478943
0.03151502460241318
0.046877361834049225
0.026243505999445915
0.34044528007507324
0.28630805015563965
0.09643919765949249
0.17165493965148926
0.08601517230272293
0.04361042380332947
0.050944842398166656
0.04593407362699509
0.4760916531085968
0.11568673700094223
0.07618919759988785
0.2060597538948059
0.07028607279062271
0.043107494711875916
0.14772817492485046
0.673444390296936
0.1141238883137703
0.08679075539112091
0.5071724653244019
0.13667485117912292
0.09590982645750046
0.08648017048835754
0.14900968968868256
0.06747835874557495
0.07648807018995285
0.08297234028577805
0.13803578913211823
0.0715719684958458
0.40050214529037476
0.12610182166099548
0.35012131929397583
0.1039905771613121
0.2306956946849823
0.027206694707274437
0.38918349146842957
0.11718092858791351
0.042004942893981934
0.05148763209581375
0.07981414347887039
0.0881105288863182
0.5889779925346375
0.2810964584350586
0.07865749299526215
0.2630738615989685
0.1929115355014801
0.05355612561106682
0.1870165765285492
0.1591768115758896
0.03318953886628151
0.13438667356967926
0.12536123394966125
0.4713912904262543
0.03712516278028488
0.1202281191945076
0.042659834027290344
0.09102822095155716
0.056496214121580124
0.28086328506469727
0.3195735812187195
0.06740406155586243
0.05250297114253044
0.18988749384880066
0.08287081122398376
0.03537388890981674
0.3773318827152252
0.4807211756706238
0.24107174575328827
0.06565996259450912
0.2709650695323944
0.13276849687099457
0.7439269423484802
0.2873208522796631
0.09157436341047287
0.09671885520219803
0.5101805925369263
0.11920920014381409
0.1937677562236786
0.0715210810303688
0.056026242673397064
0.1869443953037262
0.08287034928798676
0.145073801279068
0.12114374339580536
0.13105453550815582
0.13199596107006073
0.23302499949932098
0.09149683266878128
0.03181096538901329
0.032341957092285156
0.584738552570343
0.25166791677474976
0.04952170327305794
0.31246307492256165
0.2508998513221741
0.1613038182258606
0.03802210092544556
0.05112963542342186
0.12471605837345123
0.04554589092731476
0.3034304082393646
0.07462120056152344
0.13904614746570587
0.05104241147637367
0.21517783403396606
0.07599049806594849
0.020685117691755295
0.029593706130981445
0.12810465693473816
0.038314297795295715
0.14275652170181274
0.5464869737625122
0.10010839998722076
0.04495980590581894
0.15960222482681274
0.08817519247531891
0.04473517835140228
0.015486502088606358
0.02406904473900795
0.08151036500930786
0.0623408742249012
0.08049838989973068
0.1801464706659317
0.05045031011104584
0.12342400848865509
0.2013646960258484
0.061661746352910995
0.13096889853477478
0.04257211834192276
0.11578554660081863
0.12157680094242096
1.0053775310516357
0.7308956384658813
0.13786986470222473
0.07967256754636765
0.10548312962055206
0.05749816820025444
0.12974096834659576
0.2702767550945282
0.2816140651702881
0.1702578067779541
0.0720718577504158
0.11121752858161926
0.07123196870088577
0.4542488157749176
0.20308074355125427
0.35959190130233765
0.13633668422698975
0.19347316026687622
0.11439057439565659
0.08159606903791428
0.0549781359732151
0.031111370772123337
0.719720184803009
0.49507826566696167
0.14384755492210388
0.053227026015520096
0.11505427211523056
0.035636913031339645
0.05400008335709572
0.051420364528894424
0.03665408119559288
0.09449479728937149
0.017975596711039543
0.42563650012016296
0.03512774780392647
0.10493256896734238
0.1722148358821869
0.04929515719413757
0.03249494731426239
0.031104762107133865
0.41540712118148804
0.0684848502278328
0.357893168926239
0.13245680928230286
0.13462166488170624
0.2791183590888977
0.13829024136066437
0.09516870975494385
0.08851046860218048
0.10962726920843124
0.19856847822666168
0.05018831789493561
0.03691290318965912
0.35863012075424194
0.5493402481079102
0.1902046650648117
0.21815504133701324
0.4925867021083832
0.5073927640914917
0.1013011783361435
0.3244359791278839
0.034910090267658234
0.10850624740123749
0.2101474106311798
0.0745016559958458
0.12914149463176727
0.03945120796561241
0.06447670608758926
0.18786129355430603
0.096147321164608
0.06318964809179306
0.06686024367809296
0.05257008969783783
0.05767497420310974
0.26771003007888794
0.12299705296754837
0.03476306051015854
0.019454173743724823
0.17999336123466492
0.21454451978206635
0.47249677777290344
0.05674827843904495
0.03985188528895378
0.07188604772090912
0.019604651257395744
0.8209031224250793
0.01945616491138935
0.32908594608306885
0.3272654414176941
0.4675234258174896
0.12502802908420563
0.046932440251111984
0.06274401396512985
0.10396891832351685
0.05687577277421951
0.10513156652450562
0.046110037714242935
0.142152339220047
0.09891367703676224
0.20356515049934387
0.14791400730609894
0.13624130189418793
0.04149629548192024
0.10823608189821243
0.09476830810308456
0.21052870154380798
0.6344407796859741
0.30035048723220825
0.0950213074684143
0.1648237705230713
0.024538731202483177
0.14327166974544525
0.13056272268295288
0.5508925914764404
0.036292437463998795
0.10243271291255951
0.12059690803289413
0.03265966847538948
0.14962761104106903
0.06631921231746674
0.24235355854034424
0.020551053807139397
0.04168473556637764
0.38306665420532227
0.07196546345949173
0.09311921149492264
0.48494577407836914
0.10088294744491577
0.23725390434265137
0.15043866634368896
0.050686828792095184
0.21002495288848877
0.09830789268016815
0.18022623658180237
0.06644290685653687
0.14861132204532623
0.03130331635475159
0.07491348683834076
0.17282351851463318
0.06608862429857254
0.2779238820075989
0.07136494666337967
0.04098768159747124
0.2610948979854584
0.24983911216259003
0.24330955743789673
0.06666124612092972
0.11176828294992447
0.03237795829772949
0.5786213278770447
0.06606221944093704
0.30783867835998535
0.09483196586370468
0.03926036134362221
0.2570968568325043
0.2109643518924713
0.0532456710934639
0.36886313557624817
0.12452470511198044
0.21104581654071808
0.049936093389987946
0.08341291546821594
0.3086952269077301
0.045853834599256516
0.49852216243743896
0.22485971450805664
0.09359319508075714
0.1066165640950203
0.11997012794017792
0.12038563191890717
0.03428792208433151
0.29049456119537354
0.07630249112844467
0.24623842537403107
0.13420559465885162
0.10455523431301117
0.014294872991740704
0.2219872921705246
0.2227538824081421
0.16555346548557281
0.45869407057762146
0.08024914562702179
0.05667515844106674
0.12568844854831696
0.2528141438961029
0.03619576618075371
0.1116652563214302
0.15059751272201538
0.08021876215934753
0.03790527209639549
0.03796285763382912
0.0634511187672615
0.13841906189918518
0.04091907665133476
0.12443633377552032
0.25990816950798035
0.021918661892414093
0.07540831714868546
0.20325131714344025
0.495238721370697
0.026396263390779495
0.19318242371082306
0.17521090805530548
0.06348317861557007
0.4459891617298126
0.08297286182641983
0.0416579395532608
0.40100520849227905
0.06215212121605873
0.0504496693611145
0.05678020417690277
0.045252878218889236
0.10380250960588455
0.3658081293106079
0.015193087048828602
0.3419216573238373
0.041845645755529404
0.4142700433731079
0.032582029700279236
0.09120114147663116
0.10114051401615143
0.03136546537280083
0.14938317239284515
0.19848208129405975
0.05533023551106453
0.021477654576301575
0.2050892561674118
0.03311627358198166
0.45869651436805725
0.26883599162101746
0.03570026531815529
0.04789721220731735
0.15288031101226807
0.10636850446462631
0.05446082726120949
0.09417250007390976
0.06351149082183838
0.04930821806192398
0.0555213987827301
0.09632942825555801
0.050353698432445526
0.11505133658647537
0.06233792006969452
0.08276976644992828
0.02289562299847603
0.23940196633338928
0.6872563362121582
0.05268961563706398
0.08351084589958191
0.09582638740539551
0.05597367510199547
0.3949328660964966
0.0590163916349411
0.10338233411312103
0.2514515221118927
0.0907638669013977
0.7246568202972412
0.6289203763008118
0.16720886528491974
0.06169671565294266
0.057566117495298386
0.24538974463939667
0.2781367003917694
0.03716125711798668
0.14245189726352692
0.1725376397371292
0.6399436593055725
0.3069455921649933
0.12929150462150574
0.05861501768231392
0.12259030342102051
0.1850164830684662
0.11489793658256531
0.17162033915519714
0.050727784633636475
0.1300128698348999
0.03180542588233948
0.315765917301178
0.19491350650787354
0.07811872661113739
0.7225534915924072
0.07864414900541306
0.06011121720075607
0.04326767101883888
0.16039161384105682
0.04672274738550186
0.18382003903388977
0.05110061541199684
0.14187775552272797
0.03060590662062168
0.10700195282697678
0.055367112159729004
0.10653556883335114
0.06751718372106552
0.10338493436574936
0.22235773503780365
0.05068393424153328
0.03393720090389252
0.5103783011436462
0.22080397605895996
0.1658070832490921
0.049492042511701584
0.24867340922355652
0.12171147018671036
0.04556268826127052
0.17878064513206482
0.07258271425962448
0.06650903075933456
0.39925190806388855
0.2117520421743393
0.1425151526927948
0.09553617984056473
0.09710578620433807
0.07692445069551468
0.04890657588839531
0.07464833557605743
0.0655561238527298
0.03824542835354805
0.12413013726472855
0.03277205303311348
0.36459168791770935
0.12517525255680084
0.03671477735042572
0.05251683294773102
0.5661605596542358
0.14676328003406525
0.023053618147969246
0.07190259546041489
0.06502903997898102
0.5003888607025146
0.124932661652565
0.05630640685558319
0.2546961009502411
0.07827870547771454
0.36572206020355225
0.45946937799453735
0.06470511108636856
0.552682101726532
0.10839201509952545
0.1426374912261963
0.24346554279327393
0.16129831969738007
0.13929623365402222
0.10417389869689941
0.22824892401695251
0.17294254899024963
0.09749183803796768
0.27794787287712097
0.06151638180017471
0.18705138564109802
0.12733760476112366
0.2055945247411728
0.14282140135765076
0.07573527097702026
0.11506009101867676
0.033583007752895355
0.04997187852859497
0.08442416787147522
0.19924986362457275
0.2894876301288605
0.5958111882209778
0.18141745030879974
0.032234903424978256
0.05939412862062454
0.05593676120042801
0.07374651730060577
0.11938605457544327
0.1895393580198288
0.1503443866968155
0.18418647348880768
0.2028231918811798
0.036319803446531296
0.0542803630232811
0.11634394526481628
0.3694760203361511
0.06619151681661606
0.036576706916093826
0.037343889474868774
0.06425732374191284
0.08010910451412201
0.04506281390786171
0.04065333306789398
0.23070070147514343
0.7693646550178528
0.035127636045217514
0.08049798011779785
0.053301580250263214
0.3977033197879791
0.1549825221300125
0.04371578246355057
0.23051288723945618
0.1701556295156479
0.05473577231168747
0.08772926032543182
0.04807877540588379
0.07998447120189667
0.7501605153083801
0.13534210622310638
0.0831737369298935
0.01749909669160843
0.029722515493631363
0.12452862411737442
0.08623570948839188
0.3512512147426605
0.45303046703338623
0.13374337553977966
0.42637714743614197
0.06813949346542358
0.06540832668542862
0.185799241065979
0.1846887469291687
0.446140855550766
0.2744430601596832
0.09020361304283142
0.10546625405550003
0.2367280274629593
0.08982598781585693
0.10569943487644196
0.1372242122888565
0.14060017466545105
0.07483907043933868
0.032765623182058334
0.08961183577775955
0.1493273675441742
0.24941058456897736
0.04533417895436287
0.15850830078125
0.1050310730934143
0.08237782120704651
0.03883941099047661
0.020187316462397575
0.07410671561956406
0.13326266407966614
0.2176150381565094
0.19029146432876587
0.06971447914838791
0.163757786154747
0.27055078744888306
0.42699843645095825
0.09156707674264908
0.3650015592575073
0.07028179615736008
0.12272641062736511
0.060473229736089706
0.17829975485801697
0.07901756465435028
0.10009853541851044
0.26387912034988403
0.24740839004516602
0.10883544385433197
0.26711225509643555
0.1271069496870041
0.4024840295314789
0.05033420771360397
0.07360941916704178
0.10104705393314362
0.182101771235466
0.021385811269283295
0.0423726849257946
0.03889209404587746
0.038599319756031036
0.10570146143436432
0.10051015019416809
0.03186211735010147
0.19277381896972656
0.06425701826810837
0.07077273726463318
0.4230665862560272
0.1500682532787323
0.22429457306861877
0.04409816116094589
0.46875107288360596
0.06942256540060043
0.06347475200891495
0.03677176311612129
0.08925603330135345
0.08887597173452377
0.2686944901943207
0.19989223778247833
0.04882839694619179
0.06169350445270538
0.21417447924613953
0.7404645085334778
0.10906118154525757
0.08282960206270218
0.07646611332893372
0.18745927512645721
0.126723974943161
0.11456413567066193
0.05505049228668213
0.0738259106874466
0.1083943322300911
0.35646313428878784
0.05265817791223526
0.07842849940061569
0.10241525620222092
0.11590030044317245
0.0784446969628334
0.054036449640989304
0.048639751970767975
0.018380293622612953
0.018660621717572212
0.08317086845636368
0.190156027674675
0.19753217697143555
0.03780042752623558
0.27295419573783875
0.09474631398916245
0.01568490080535412
0.14733213186264038
0.03433085232973099
0.047784753143787384
0.12524399161338806
0.031194213777780533
0.059381816536188126
0.028623376041650772
0.1984187811613083
0.16838373243808746
0.08330680429935455
0.1305038034915924
0.2740980386734009
0.031667646020650864
0.05658526346087456
0.0721278041601181
0.12687265872955322
0.042599957436323166
0.17683222889900208
0.10472099483013153
0.12088581174612045
0.0619085431098938
0.04572995379567146
0.04788673669099808
0.04928430914878845
1.3154398202896118
0.13037998974323273
0.49771764874458313
0.12968303263187408
0.09524509310722351
0.038877300918102264
0.1467517763376236
0.053167734295129776
0.8549479246139526
0.04911297932267189
0.1170266792178154
0.12352128326892853
0.09615063667297363
0.06849414110183716
0.09360168874263763
0.05083990469574928
0.15058715641498566
0.07227663695812225
0.05309240520000458
0.03350047022104263
0.16346782445907593
0.05176950618624687
0.08247000724077225
0.09190528094768524
0.17274636030197144
0.34746313095092773
0.09877630323171616
0.3403833210468292
0.26190200448036194
0.06176387891173363
0.034418798983097076
0.041109465062618256
0.0840296745300293
0.024459363892674446
0.1325741410255432
0.0456107072532177
0.4424975514411926
0.09175664186477661
0.04190991073846817
0.6134212613105774
0.05938800051808357
0.11222723126411438
0.08207829296588898
0.15226900577545166
0.07923324406147003
0.45994216203689575
0.07682393491268158
0.1089802235364914
0.10358677804470062
0.1741865873336792
0.07735676318407059
0.06583244353532791
0.12942762672901154
0.21063630282878876
0.020430531352758408
0.08894985914230347
0.11237415671348572
0.05199512094259262
0.2048337310552597
0.12163945287466049
0.08269639313220978
0.01660206727683544
0.023067273199558258
0.3981007933616638
0.24648001790046692
0.08861492574214935
0.5722520351409912
0.03220300376415253
0.10848792642354965
0.06243410333991051
0.03009757399559021
0.06204945966601372
0.04380033537745476
0.13659118115901947
0.12630008161067963
0.22489315271377563
0.053140778094530106
0.1929883062839508
0.3132811486721039
0.04102553427219391
0.14015519618988037
0.035650964826345444
0.09181375056505203
0.025372963398694992
0.02753564342856407
0.44027528166770935
0.030614929273724556
0.06731579452753067
0.05940958857536316
0.38143888115882874
0.0865139290690422
0.3699207901954651
0.24394704401493073
0.1318792700767517
0.04871760681271553
0.2682568430900574
0.2080591917037964
0.07732030004262924
0.06812725961208344
0.07431148737668991
0.13519607484340668
0.030757911503314972
0.04755747318267822
0.03819847106933594
0.15121041238307953
0.0509430430829525
0.07792453467845917
0.022682122886180878
0.08370448648929596
0.15992029011249542
0.49464720487594604
0.06583480536937714
0.02044154889881611
0.15999452769756317
0.31421199440956116
0.14571596682071686
0.6724066734313965
0.054267749190330505
0.2295324206352234
0.07319893687963486
0.20597714185714722
0.07309909164905548
0.06899423152208328
0.04688284173607826
0.21272733807563782
0.1350717544555664
0.13414186239242554
0.06984630227088928
0.06159314513206482
0.04071398079395294
0.3865582346916199
0.02719302289187908
0.14836283028125763
0.34457460045814514
0.08222513645887375
0.12267914414405823
0.11326877027750015
0.24090224504470825
0.04987015575170517
0.04697994142770767
0.09787807613611221
0.1269489973783493
0.10927548259496689
0.12424015998840332
0.03706426918506622
0.029314683750271797
0.3048315942287445
0.14448155462741852
0.02624175325036049
0.0725822001695633
0.07347007840871811
0.14071545004844666
0.19649948179721832
0.4708959758281708
0.34483543038368225
0.1611098051071167
0.05695093795657158
0.14220193028450012
0.33576691150665283
0.25384092330932617
0.1252783238887787
0.13023576140403748
0.2726902663707733
0.03792719170451164
0.3381294906139374
0.2952689230442047
0.2623651623725891
0.10633771866559982
0.05505423620343208
0.0803520604968071
0.6638898253440857
0.12310345470905304
0.06915898621082306
0.02841694839298725
0.0739373192191124
0.03359884396195412
0.31336501240730286
0.13428270816802979
0.024229157716035843
0.06662918627262115
0.033626195043325424
0.5684083700180054
0.04446575045585632
0.03128037601709366
0.05382315441966057
0.24473083019256592
0.05284551903605461
0.037755340337753296
0.13497209548950195
0.48452773690223694
0.051177382469177246
0.03835764154791832
0.042319804430007935
0.2794005870819092
0.03331836313009262
0.05172675475478172
0.050557784736156464
0.28342533111572266
0.039877749979496
0.1572098284959793
0.046057384461164474
0.18077616393566132
0.04162391275167465
0.15199071168899536
0.084422267973423
0.06499940156936646
0.5292227864265442
0.06354987621307373
0.17399588227272034
0.13622799515724182
0.2457103431224823
0.029530394822359085
0.23407164216041565
0.10067389905452728
0.15502747893333435
0.1020016223192215
0.08334419876337051
0.15428653359413147
0.2167242169380188
0.4547118544578552
0.14596964418888092
0.03986169770359993
0.6235397458076477
0.12300164252519608
0.1627931147813797
0.07759667932987213
0.11578605324029922
0.44644489884376526
0.16359588503837585
0.13060054183006287
0.12219362705945969
0.05941605195403099
0.15619498491287231
0.0521182045340538
0.08177465945482254
0.12209328263998032
0.10076253116130829
0.014495785348117352
0.18627700209617615
0.0950184166431427
0.02280557155609131
0.32877084612846375
0.04895195737481117
0.049218371510505676
0.018179524689912796
0.07238762080669403
0.1091560497879982
0.08137286454439163
0.5015473365783691
0.06248709559440613
0.2325427234172821
0.042649127542972565
0.22702008485794067
0.033023443073034286
0.6469584703445435
0.06526442617177963
0.06718101352453232
0.8239689469337463
0.055662475526332855
0.34010106325149536
0.17378932237625122
0.22946015000343323
0.1981852501630783
0.08462239801883698
0.08820745348930359
0.149359792470932
0.273419588804245
0.1420278400182724
0.14215044677257538
0.06443112343549728
0.06673461943864822
0.13017988204956055
0.12552973628044128
0.1270512342453003
0.1269160658121109
0.12486357241868973
0.03839607536792755
0.05743972584605217
0.11050441861152649
0.125185027718544
0.14700189232826233
0.13536140322685242
0.02566949464380741
0.033460699021816254
0.0369674377143383
0.18634405732154846
0.1901993602514267
0.3417551517486572
0.3228512704372406
0.14783217012882233
0.04840845987200737
0.03414299711585045
0.04039789363741875
0.045446090400218964
0.2617952227592468
0.057302966713905334
0.12189390510320663
0.053391776978969574
0.0528838075697422
0.1309833526611328
0.10749339312314987
0.10324370115995407
0.08047390729188919
0.7159428596496582
0.07939080893993378
0.060768771916627884
0.03590070456266403
0.227165088057518
0.05119195580482483
0.10752978175878525
0.06206206977367401
0.18581587076187134
0.06212782487273216
0.19356408715248108
0.08983590453863144
0.04546666145324707
0.03885861858725548
0.08323118090629578
0.15406735241413116
0.0774102434515953
0.06971386820077896
0.038912151008844376
1.2769148349761963
0.05320867896080017
0.05282692611217499
0.10528668016195297
0.023460309952497482
0.20362131297588348
0.35360047221183777
0.10521350800991058
0.4451087713241577
0.11468678712844849
0.36472004652023315
0.18502414226531982
0.07403036952018738
0.16169793903827667
0.12312699854373932
0.7946637272834778
0.12734952569007874
0.1312120109796524
0.21416984498500824
0.07720114290714264
0.1266946941614151
0.5038462281227112
0.09712029993534088
0.03489439934492111
0.05881746858358383
0.48534539341926575
0.18516655266284943
0.020649084821343422
0.10124032944440842
0.09923084825277328
0.2316468209028244
0.12676064670085907
0.03954114764928818
0.05415060743689537
0.25151705741882324
0.11783179640769958
0.2763521075248718
0.20739153027534485
0.13072752952575684
0.05326271802186966
0.2296004295349121
0.06120118126273155
0.3553932011127472
0.08028553426265717
0.04874136671423912
0.07041218131780624
0.3685220181941986
0.041482388973236084
0.22053012251853943
0.44228270649909973
0.11866383999586105
0.25586453080177307
0.26707881689071655
0.08098870515823364
0.1335364282131195
0.060187045484781265
0.16854548454284668
0.07934197038412094
0.03679796680808067
0.4368413984775543
0.19454263150691986
0.6360955834388733
0.10337784141302109
0.034107569605112076
0.2992638051509857
0.09010443091392517
0.05767568200826645
0.11391659826040268
0.155085027217865
0.14884233474731445
0.2626953423023224
0.10473466664552689
0.07658705860376358
0.0935014858841896
0.1199130117893219
0.1677568256855011
0.08071727305650711
0.18347135186195374
0.13676047325134277
0.23029130697250366
0.16984935104846954
0.051840487867593765
0.05102120712399483
0.11962275207042694
0.06973574310541153
0.03891612961888313
0.23485805094242096
0.058389488607645035
0.028675854206085205
0.12989023327827454
0.11536039412021637
0.10114302486181259
0.0740777924656868
0.2962411940097809
0.03923267498612404
0.020876893773674965
0.054886676371097565
0.27856749296188354
0.036767810583114624
0.09888680279254913
0.048837900161743164
0.07307038456201553
0.11980438977479935
0.04434076324105263
0.08432888984680176
0.06628221273422241
0.09126543253660202
0.07719043642282486
0.07625628262758255
0.08427895605564117
0.049471646547317505
0.35758188366889954
0.047252755612134933
0.04890383407473564
0.608553409576416
0.07749494910240173
0.028951650485396385
0.0510372593998909
0.03999973088502884
0.09832976758480072
0.19475826621055603
0.06917284429073334
0.024001693353056908
0.20420418679714203
0.21175238490104675
0.08279409259557724
0.07445903867483139
0.10666000843048096
0.171575665473938
0.025360045954585075
0.40100544691085815
0.341854065656662
0.5726351141929626
0.05948501452803612
0.0696403905749321
0.10877656191587448
0.18869911134243011
0.12735702097415924
0.1596234142780304
0.06534779816865921
0.10868512839078903
0.274093896150589
0.07125723361968994
0.1406366527080536
0.12753234803676605
0.03885119780898094
0.0350637249648571
0.015460430644452572
0.025287916883826256
0.06064523011445999
1.3193773031234741
0.051307909190654755
0.1330893337726593
0.30064040422439575
0.2790929973125458
0.4299667477607727
0.03462476283311844
0.1296413689851761
0.07618939131498337
0.07210236042737961
0.4327302575111389
0.1911461353302002
0.4023563265800476
0.1352882832288742
0.12631501257419586
0.08636080473661423
0.07084870338439941
0.06314648687839508
0.14890992641448975
0.1494574248790741
0.058578941971063614
0.032636821269989014
0.11242179572582245
0.06684313714504242
0.06264501810073853
0.06801393628120422
0.20725905895233154
0.1783486008644104
0.023927943781018257
0.16302567720413208
0.025903811678290367
0.030385809019207954
0.038677945733070374
0.05653855949640274
0.1278275102376938
0.0963687002658844
0.23018194735050201
0.22199144959449768
0.03530114144086838
0.09692362695932388
0.28240767121315
0.08746790140867233
0.10586383938789368
0.18389083445072174
0.07635561376810074
0.15248878300189972
0.03570938855409622
0.10699382424354553
0.13063080608844757
0.03611717000603676
0.12855969369411469
0.18435311317443848
0.7531383633613586
0.26935410499572754
0.029411738738417625
0.16389621794223785
0.7756643295288086
0.03448127955198288
0.04824366047978401
0.11053306609392166
0.5271958708763123
0.1812354028224945
0.05241314694285393
0.09098638594150543
0.09888936579227448
0.07017993927001953
0.08217667043209076
0.2190343141555786
0.5923508405685425
0.12392621487379074
0.2194129377603531
0.14460411667823792
0.40233349800109863
0.20690004527568817
0.13499006628990173
0.2516188323497772
0.15940672159194946
0.15239191055297852
0.2482481449842453
0.09054712951183319
0.06323810666799545
0.12307712435722351
0.04666517674922943
0.11254116892814636
0.05232444778084755
0.031264688819646835
0.04354117810726166
0.07300794124603271
0.06583849340677261
0.16446001827716827
0.0319850780069828
0.049798037856817245
0.07645035535097122
0.10523681342601776
0.3891187012195587
0.572830855846405
0.016613531857728958
0.14733266830444336
0.0745677724480629
0.06997183710336685
0.09296883642673492
0.13102217018604279
0.03489765524864197
0.13727250695228577
0.17736169695854187
0.10146676748991013
0.08960326015949249
0.13367526233196259
0.07640466094017029
0.04864394664764404
0.13175931572914124
0.12726189196109772
0.337277352809906
0.08388949185609818
0.01886880397796631
0.05960789695382118
0.04198314622044563
0.27297070622444153
0.09048116207122803
0.08779368549585342
0.0756727010011673
0.02146127261221409
0.18789982795715332
0.03525438904762268
0.04825287312269211
0.17827299237251282
0.03215336799621582
0.050789374858140945
0.20520976185798645
0.04358167573809624
0.046004246920347214
0.02264028787612915
0.11442870646715164
0.03153207153081894
0.09840764105319977
0.24469351768493652
0.5707422494888306
0.22263221442699432
0.3903166353702545
0.0748990923166275
0.08544185012578964
0.43127793073654175
0.08699934184551239
0.13792674243450165
0.26760998368263245
0.2915056645870209
0.08759818226099014
0.14313068985939026
0.10048368573188782
0.236955463886261
0.07895315438508987
0.6459093689918518
0.2923997938632965
0.09420289844274521
0.06429170817136765
0.07271381467580795
0.1988256573677063
0.18363934755325317
0.1575184464454651
0.3614306151866913
0.1290765255689621
0.3844586908817291
0.6951845288276672
0.10919972509145737
0.024115335196256638
0.03396092355251312
0.1423039734363556
0.07517155259847641
0.48580485582351685
0.11026155948638916
0.07124362140893936
0.22164936363697052
0.3916151821613312
0.10003962367773056
0.07627568393945694
0.06480389833450317
0.10537189990282059
0.1292371302843094
0.016069550067186356
0.038115933537483215
0.12446728348731995
0.04987747594714165
0.2385469228029251
0.4910542964935303
0.46223676204681396
0.035760730504989624
0.04526092857122421
0.04958854988217354
0.11716312915086746
0.06677674502134323
0.04920379817485809
0.5405609607696533
0.1368836611509323
0.05718627944588661
0.1874808818101883
0.265514612197876
0.2019246220588684
0.246470645070076
0.27834591269493103
0.05141323059797287
0.24273082613945007
0.028457414358854294
0.5682404041290283
0.3994925022125244
0.06762861460447311
0.043887510895729065
0.09327878057956696
0.047496579587459564
0.04711556434631348
0.06153818219900131
0.11283048987388611
0.0799364447593689
0.13116616010665894
0.07109097391366959
0.1331649273633957
0.13721373677253723
0.027472680434584618
0.18101583421230316
0.04595325514674187
0.026690568774938583
0.22343415021896362
0.73032546043396
0.0511079803109169
0.07876233756542206
0.07824411988258362
0.0726284384727478
0.2204531729221344
0.059500426054000854
0.16759414970874786
0.2592110335826874
0.49248620867729187
0.051863715052604675
0.13199812173843384
0.07698015868663788
0.09264112263917923
0.058123815804719925
0.07590118050575256
0.36892297863960266
0.23030604422092438
0.034579161554574966
0.08822255581617355
0.12789222598075867
0.06137840449810028
0.15050393342971802
0.7149971723556519
0.08338853716850281
0.051209330558776855
0.1137177124619484
0.04103207588195801
0.05492432788014412
0.09120620787143707
0.1981009542942047
0.028882736340165138
0.050911709666252136
0.12793685495853424
0.02703547663986683
0.03011862188577652
0.2275012582540512
0.4192872941493988
0.06434699892997742
0.04359174519777298
0.0844971314072609
0.08321386575698853
0.04653066396713257
0.7115305662155151
0.05862846598029137
0.07864029705524445
0.09045202285051346
0.051308147609233856
0.0734843984246254
0.053634997457265854
0.04133555665612221
0.038446709513664246
0.05204062536358833
0.04668700695037842
0.19343635439872742
0.5182680487632751
0.07691072672605515
0.12175097316503525
0.02868097461760044
0.038451891392469406
0.09450265765190125
0.058365318924188614
0.21889789402484894
0.2211640626192093
0.023672927170991898
0.2715575098991394
0.06264543533325195
0.05618853494524956
0.16853290796279907
0.1252683848142624
0.07347232848405838
0.07866798341274261
0.06832276284694672
0.18797756731510162
0.047773346304893494
0.5637863874435425
0.12295745313167572
0.16329385340213776
0.34941115975379944
0.40518027544021606
0.2569056451320648
0.12488258630037308
0.12733522057533264
0.08910949528217316
0.07005172222852707
0.05459979549050331
0.4082874059677124
0.15331736207008362
0.07803905010223389
0.2637438178062439
0.1898004412651062
0.11783619970083237
0.05526649206876755
0.03888063505291939
0.34642237424850464
0.5626023411750793
0.35698235034942627
0.24409990012645721
0.28384068608283997
0.06341744214296341
0.32517439126968384
0.023769747465848923
0.13213136792182922
0.18115532398223877
0.055891964584589005
0.05449460446834564
0.4572887718677521
0.12763884663581848
0.027709437534213066
0.34364384412765503
0.028909869492053986
0.14059767127037048
0.040492016822099686
0.08950639516115189
0.1250969022512436
0.40397176146507263
0.06533470004796982
0.1558547466993332
0.43519213795661926
0.051194921135902405
0.11129181832075119
0.0605073943734169
0.04432568699121475
0.4251358211040497
0.0926167368888855
0.06466908752918243
0.10806173086166382
0.1808176040649414
0.12730206549167633
0.06775487214326859
0.4776824116706848
0.3602393567562103
0.1618085652589798
0.20656327903270721
0.18254205584526062
0.09914632886648178
0.05125514417886734
0.584301233291626
0.05063559487462044
0.07715826481580734
0.07714530825614929
0.28403037786483765
0.049152273684740067
0.04309220239520073
0.17689864337444305
0.194053053855896
0.13732807338237762
0.06365503370761871
0.13550861179828644
0.1705314815044403
0.1156977042555809
0.06225186586380005
0.05959996208548546
0.29410937428474426
0.1095597967505455
0.09628885239362717
0.038234833627939224
0.22658471763134003
0.027519896626472473
0.030433140695095062
0.21814179420471191
0.075517438352108
0.07010743021965027
0.07499371469020844
0.06507586687803268
0.029167721047997475
0.02082100696861744
0.4562963843345642
0.03423779085278511
0.05356233939528465
0.07100650668144226
0.03681021183729172
0.733574390411377
0.05909963324666023
0.0456404946744442
0.05797126889228821
0.19161677360534668
0.0832725390791893
0.419649213552475
0.12834790349006653
0.275349497795105
0.0751693919301033
0.07794112712144852
0.04788031429052353
0.12040524929761887
0.22438926994800568
0.03392396122217178
0.08592510968446732
0.04603895917534828
0.3582366406917572
0.15460439026355743
0.03769589215517044
0.1002364233136177
0.08742938935756683
0.10769987851381302
0.5904370546340942
0.11542665958404541
0.15983249247074127
0.08099588751792908
0.12809735536575317
0.08268090337514877
0.07283294200897217
0.17517375946044922
0.059784289449453354
0.043794360011816025
0.05055368319153786
0.0981762707233429
0.9600831866264343
0.28069886565208435
0.20187348127365112
0.06651027500629425
0.035316236317157745
0.3154490292072296
0.29761502146720886
0.061569999903440475
0.07678674161434174
0.17541955411434174
0.05817890912294388
0.5467739105224609
0.044461172074079514
0.22703923285007477
0.04130649194121361
0.07025954127311707
0.08517993986606598
0.2701677680015564
0.13016937673091888
0.3378227949142456
0.08727259188890457
0.16857008635997772
0.20585092902183533
0.030429473146796227
0.048600029200315475
0.0601671077311039
0.4746125340461731
0.07598542422056198
0.050173718482255936
0.025432486087083817
0.1462576538324356
0.03344324976205826
0.07120636850595474
0.06121492758393288
0.02296067588031292
0.1157214567065239
0.04587021470069885
0.06710086762905121
0.32163044810295105
0.18807412683963776
0.24910570681095123
0.14964427053928375
0.7012650370597839
0.0826384648680687
0.0841674879193306
0.08901164680719376
0.06508030742406845
0.02883867360651493
0.06641535460948944
0.09500378370285034
0.19364966452121735
0.0829678475856781
0.2316807061433792
0.0667399913072586
0.17759031057357788
0.14131750166416168
0.07711855322122574
0.10321754217147827
0.3814775049686432
0.19735972583293915
0.12190841883420944
0.22553998231887817
0.15794765949249268
0.3368048667907715
0.16983824968338013
0.69785076379776
0.06798479706048965
0.2804848551750183
0.08034402877092361
0.033551327884197235
0.1594306081533432
0.17872942984104156
0.5750373601913452
0.36475130915641785
0.07502710819244385
0.024066615849733353
0.33136674761772156
0.05223184823989868
0.19173350930213928
0.16269166767597198
0.20646654069423676
0.3804764151573181
0.07982682436704636
0.18743060529232025
0.15741008520126343
0.15379711985588074
0.15672728419303894
0.4388718008995056
0.4720425307750702
0.05774412676692009
0.5751274228096008
0.1400989592075348
0.04736625775694847
0.5437251925468445
0.0722263753414154
0.09539712965488434
0.047879625111818314
0.162547767162323
0.0821044072508812
0.0951995849609375
0.04342297092080116
0.05100416764616966
0.27362239360809326
0.13474589586257935
0.08142390847206116
0.03986085578799248
0.3663058876991272
0.4480825960636139
0.3572752773761749
0.09120363742113113
0.0935700535774231
0.03157282993197441
0.13631020486354828
0.032872263342142105
0.6920263767242432
0.20879213511943817
0.041598595678806305
0.6453098654747009
0.05958249419927597
0.06725244969129562
0.06773647665977478
0.34678778052330017
0.061194516718387604
0.0863243043422699
0.0666404515504837
0.032768603414297104
0.07354294508695602
0.11749838292598724
0.2355637103319168
0.05727410316467285
0.03490631282329559
0.039245765656232834
0.11079777777194977
0.10475004464387894
0.04592815041542053
0.1026109978556633
0.14681491255760193
0.08496202528476715
0.058999523520469666
0.041776612401008606
0.0773594006896019
0.02855713479220867
0.32205134630203247
0.07331622391939163
0.8686485886573792
0.7376217246055603
0.1015804186463356
0.11741103231906891
0.045297976583242416
0.16438516974449158
0.06351081281900406
0.06592651456594467
0.16845431923866272
0.10319647192955017
0.030271049588918686
0.17465578019618988
0.04337739944458008
0.04976016655564308
0.04526457563042641
0.7231069207191467
0.3501223921775818
0.05262474715709686
0.2598075568675995
0.07521885633468628
0.026305681094527245
0.0410120002925396
0.0965517908334732
0.2442752867937088
0.028371166437864304
0.09940049797296524
0.04478153586387634
0.06040951982140541
0.2173089236021042
0.6545839905738831
0.4075284004211426
0.051610276103019714
0.13914671540260315
0.32125741243362427
0.12824425101280212
0.04704965651035309
0.07349829375743866
0.11909562349319458
0.28905487060546875
0.10598722845315933
0.09892617166042328
0.27240389585494995
0.10935217142105103
0.1245882511138916
0.2613530158996582
0.12436091154813766
0.04089009761810303
0.0333685539662838
0.035583917051553726
0.16194294393062592
0.5459746718406677
0.06227303296327591
0.035802558064460754
0.012846824713051319
0.06644155085086823
0.2305765151977539
0.1898563653230667
0.12564851343631744
0.04129650443792343
0.043113261461257935
0.57049161195755
0.02309110388159752
0.16371163725852966
0.0780743807554245
0.12855024635791779
0.08446267247200012
0.05840805545449257
0.13213373720645905
0.09950131922960281
0.07200603932142258
0.05431976914405823
0.109298937022686
0.060352910310029984
0.056576646864414215
0.05946365371346474
0.10100424289703369
0.16130812466144562
0.270491361618042
0.03258969634771347
0.09243029356002808
0.289349228143692
0.0528235025703907
0.06023763120174408
0.06478707492351532
0.07202797383069992
0.025524696335196495
0.14006325602531433
0.13062897324562073
0.19585373997688293
0.4002707302570343
0.027215471491217613
0.24964164197444916
0.14349022507667542
0.2103721797466278
0.13588109612464905
0.30019769072532654
0.4863184094429016
0.09393356740474701
0.4263232350349426
0.1090373620390892
0.07861784100532532
0.4799533188343048
0.41597869992256165
0.1238265335559845
0.3287135064601898
0.15615595877170563
0.14156129956245422
0.06402520090341568
0.4201465845108032
0.17127667367458344
0.14006569981575012
0.08584228903055191
0.08276958763599396
0.057185906916856766
0.5067864060401917
0.09022684395313263
0.10390260815620422
0.24081864953041077
0.09715131670236588
0.11629494279623032
0.09642132371664047
0.048628777265548706
0.16578806936740875
0.18604928255081177
0.07635876536369324
0.0840739831328392
0.5152745842933655
0.02367149479687214
0.4272288978099823
0.10025649517774582
0.03447847068309784
0.06344731897115707
0.12730129063129425
0.048317186534404755
0.015207430347800255
0.12554065883159637
0.0883605107665062
0.18225409090518951
0.19198499619960785
0.15992090106010437
0.39550212025642395
0.06705249845981598
0.041109342128038406
0.45989862084388733
0.14788413047790527
0.1301165074110031
0.08843409270048141
0.05144510418176651
0.06041921302676201
0.1254880577325821
0.09269300103187561
0.06986821442842484
0.02296581119298935
0.045891497284173965
0.23862753808498383
0.08348584920167923
0.14093437790870667
0.046170566231012344
0.038515571504831314
0.032333362847566605
0.08307279646396637
0.051980968564748764
0.05146842077374458
0.06994213163852692
0.21980008482933044
0.06453970819711685
0.4347821772098541
0.08755187690258026
0.3010173738002777
0.11120700091123581
0.20594821870326996
0.5995292067527771
0.11121022701263428
0.1659659445285797
0.3513646423816681
0.0613432303071022
0.0806661918759346
0.48867273330688477
0.41862109303474426
0.07985417544841766
0.06807300448417664
0.26200610399246216
0.0568346306681633
0.03651764243841171
0.08828399330377579
0.4703231453895569
0.061635520309209824
0.03913647308945656
0.03510085493326187
0.3754451870918274
0.07496475428342819
0.13960492610931396
0.06459320336580276
0.06735444068908691
0.032702069729566574
0.08697694540023804
0.1380825638771057
0.059648461639881134
0.20359934866428375
0.03760160505771637
0.1948668360710144
0.050671324133872986
0.299286425113678
0.2967263460159302
0.0358540378510952
0.030722759664058685
0.10549718886613846
0.4006448984146118
0.08460737019777298
0.13003189861774445
0.15612079203128815
0.0954391211271286
0.03200948238372803
0.06260711699724197
0.08047867566347122
0.22459952533245087
0.20235700905323029
0.09892619401216507
0.03555865213274956
0.03906485065817833
0.03158023580908775
0.35425877571105957
0.16851806640625
0.04113404452800751
0.07999974489212036
0.2219211310148239
0.1754191368818283
0.17479896545410156
0.24798037111759186
0.1314745545387268
0.0768934115767479
0.08550813794136047
0.1367848962545395
0.1432850956916809
0.135618656873703
0.04381392151117325
0.12522488832473755
0.17415431141853333
0.046005841344594955
0.08110960572957993
0.46649807691574097
0.2648582458496094
0.0765724927186966
0.075629822909832
0.1414821743965149
0.053856443613767624
0.05500324070453644
0.47983625531196594
0.15283143520355225
0.44351980090141296
0.09508442133665085
0.11345399916172028
0.3710848391056061
0.10185298323631287
0.04681524634361267
0.039541032165288925
0.06324560195207596
0.03994454815983772
0.31969231367111206
0.05167350918054581
0.18029965460300446
0.14743545651435852
0.21839459240436554
0.020000644028186798
0.026463603600859642
0.14567309617996216
0.05265071988105774
0.15310101211071014
0.12712498009204865
0.5924367308616638
0.03866575285792351
0.03658750653266907
0.051807958632707596
0.05120560899376869
0.016665663570165634
0.014007491990923882
0.02625640109181404
0.1978198140859604
0.5003835558891296
0.6508285999298096
0.05842386186122894
0.05695242062211037
0.31899797916412354
0.2134794443845749
0.22276630997657776
0.11355048418045044
0.06556332111358643
0.5198980569839478
0.09004088491201401
0.28853264451026917
0.061643242835998535
0.46970096230506897
0.08749239146709442
0.07695906609296799
0.1176111027598381
0.2708931863307953
0.09500839561223984
0.20829786360263824
0.301479697227478
0.04083331674337387
0.07343725860118866
0.18014971911907196
0.10820919275283813
0.21505485475063324
0.027855174615979195
0.05888218805193901
0.26540666818618774
0.02030843123793602
0.05213818699121475
0.12210949510335922
0.16808395087718964
0.12133606523275375
0.05391683056950569
0.025296131148934364
0.03402777388691902
0.03222239017486572
0.08451925963163376
0.09632585197687149
0.12187501788139343
0.02799067273736
0.044474922120571136
0.11436250060796738
0.17051954567432404
0.04360712319612503
0.343840628862381
0.07388906925916672
0.09918631613254547
0.22726088762283325
0.08288253843784332
0.0491434670984745
0.12347961962223053
0.03314092755317688
0.043143123388290405
0.10268781334161758
0.0597560778260231
0.3859839141368866
0.03824617713689804
0.15544477105140686
0.4603125751018524
0.040206220000982285
0.08273116499185562
0.18361693620681763
0.1910276859998703
0.13558800518512726
0.20754951238632202
0.5863741040229797
0.05141672119498253
0.12883567810058594
0.21353797614574432
0.1044401228427887
0.05035405233502388
0.06377794593572617
0.47510790824890137
0.18044613301753998
0.10182087123394012
0.09025988727807999
0.3264596462249756
1.0549581050872803
0.12822355329990387
0.2621289789676666
0.07040822505950928
0.1382615864276886
0.06909628957509995
0.04867162927985191
0.08075110614299774
0.06872136890888214
0.05874471366405487
0.26609474420547485
0.3760852515697479
0.09004556387662888
0.48414281010627747
0.12219208478927612
0.10774095356464386
0.018786093220114708
0.09933164715766907
0.05218376964330673
0.05294271558523178
0.1397356539964676
0.2906733751296997
0.025752166286110878
0.03622869774699211
0.03634036332368851
0.10451403260231018
0.5072644352912903
0.07796042412519455
0.0527496375143528
0.21000482141971588
0.018912749364972115
0.10436063259840012
0.041240788996219635
0.05061903968453407
0.09538533538579941
0.22430990636348724
0.06151777133345604
0.1746067851781845
0.09694304317235947
0.1380866914987564
0.20682497322559357
0.6476773023605347
0.21661488711833954
0.4060373902320862
0.04387649893760681
0.04086678847670555
0.08933210372924805
0.090602807700634
0.05479957163333893
0.0344955250620842
0.06396094709634781
0.07444509118795395
0.03156273066997528
0.0877307578921318
0.37523865699768066
0.03690657392144203
0.09187252819538116
0.038293514400720596
0.12211575359106064
0.19214023649692535
0.5474076271057129
0.020623739808797836
0.282490611076355
0.08781807869672775
0.07324882596731186
0.11391204595565796
0.30038437247276306
0.03201103210449219
0.1482965648174286
0.04108038172125816
0.06342912465333939
0.20420292019844055
0.11032210290431976
0.22557304799556732
0.1940862536430359
0.2226925790309906
0.0638531818985939
0.2780347466468811
0.04140646383166313
0.038755953311920166
0.08313869684934616
0.038081180304288864
0.03962530568242073
0.03546567261219025
0.4025827646255493
0.23437567055225372
0.07981792092323303
0.2963773310184479
0.023682966828346252
0.0772072821855545
0.07974797487258911
0.14822880923748016
0.2321774810552597
0.06311450898647308
0.16266538202762604
0.1870737075805664
0.08452793955802917
0.09397096931934357
0.11557074636220932
0.1775801032781601
0.1131824180483818
0.24570085108280182
0.06465710699558258
0.057374369353055954
0.11975789815187454
0.3927438259124756
0.10807565599679947
0.10892798751592636
0.2266971617937088
0.18556874990463257
0.04332055523991585
0.4550621807575226
0.44156473875045776
0.07037221640348434
0.04229019209742546
0.09417098015546799
0.32662269473075867
0.11505541950464249
0.27020639181137085
0.27549776434898376
0.497514933347702
0.06503552943468094
0.1297883689403534
0.13745756447315216
0.1510639488697052
0.18122953176498413
0.06869395822286606
0.0796312689781189
0.5715118646621704
0.12544305622577667
0.1224856898188591
0.2544318437576294
0.29952606558799744
0.036735136061906815
0.27532702684402466
0.048932209610939026
0.02435881644487381
0.052910465747117996
0.08023098856210709
0.16002157330513
0.02134948968887329
0.02635883167386055
0.25686556100845337
0.24631156027317047
0.07171032577753067
0.11594776064157486
0.21352636814117432
0.04125643149018288
0.368551641702652
0.01747899316251278
0.046134091913700104
0.36597102880477905
0.029867473989725113
0.18670807778835297
0.07839574664831161
0.5580952167510986
0.12617018818855286
0.21046283841133118
0.11901102215051651
0.10928754508495331
0.2863486111164093
0.06319954991340637
0.23376871645450592
0.04758946970105171
0.10891485214233398
0.04553746432065964
0.11320701986551285
0.15872052311897278
0.04489504173398018
0.10797429084777832
0.1010546162724495
0.15122558176517487
0.11948219686746597
0.0933012068271637
0.07690615206956863
0.047604575753211975
0.5314004421234131
0.03531862795352936
0.05984550714492798
0.060137875378131866
0.2872152626514435
0.0213830154389143
0.41532498598098755
0.04935444891452789
0.10194434225559235
0.0314742848277092
0.2994321286678314
0.01723526045680046
0.07032293826341629
0.048716217279434204
0.29604169726371765
0.06806337833404541
0.06771646440029144
0.3529330790042877
0.12782931327819824
0.11325056850910187
0.05636401101946831
0.054948728531599045
0.03526140749454498
0.38827651739120483
0.10408666729927063
0.06408475339412689
0.349730908870697
0.5976044535636902
0.1621093451976776
0.03660063445568085
0.13265547156333923
0.26369917392730713
0.07083667069673538
0.04690209776163101
0.5206145644187927
0.0687476247549057
0.20770263671875
0.0743621438741684
0.16415823996067047
0.10374533385038376
0.1062387153506279
0.09137330204248428
0.1288313865661621
0.054584335535764694
0.06260025501251221
0.10805997252464294
0.020689452067017555
0.029182597994804382
0.01754060387611389
0.04525979980826378
0.05642475560307503
0.20603036880493164
0.2336558997631073
0.027595946565270424
0.08558790385723114
0.1391293853521347
0.0844038650393486
0.1402168720960617
0.43367040157318115
0.5089991688728333
0.090950608253479
0.017571447417140007
0.0728156715631485
0.10423412919044495
0.15855233371257782
0.37591317296028137
0.048207949846982956
0.17918376624584198
0.16087868809700012
0.5824388861656189
0.0916101261973381
0.2127360850572586
0.059895727783441544
0.19256135821342468
0.08318103104829788
0.09705044329166412
0.21260790526866913
0.08511161804199219
0.13401612639427185
0.4169450104236603
0.20564061403274536
0.08365499973297119
0.033942557871341705
0.04156852886080742
0.23744730651378632
0.0983145609498024
0.08123506605625153
0.35928264260292053
0.04830361530184746
0.03357182815670967
0.06591915339231491
0.9134001731872559
0.31187665462493896
0.0911773145198822
0.055851805955171585
0.16348932683467865
0.061434824019670486
0.06539735943078995
0.15013085305690765
0.07211132347583771
0.5259125828742981
0.06311065703630447
0.0630839616060257
0.0760781317949295
0.13987642526626587
0.06141861528158188
0.08387932181358337
0.056700266897678375
0.0726265236735344
0.038977596908807755
0.027679210528731346
0.043049510568380356
0.4273180663585663
0.12571981549263
0.059495262801647186
0.0615118034183979
0.031118297949433327
0.1051846444606781
0.048069585114717484
0.017939990386366844
0.6895161867141724
0.08814732730388641
0.1949329972267151
0.07776418328285217
0.6374713778495789
0.0333370566368103
0.04920944198966026
0.07315907627344131
0.023892881348729134
0.03044537641108036
0.16671963036060333
0.035028256475925446
0.5395880937576294
0.4455040991306305
0.0667869821190834
0.06671938300132751
0.2565075755119324
0.05173090845346451
0.520895779132843
0.28556400537490845
0.16576771438121796
0.06185236573219299
0.04576153680682182
0.03118167631328106
0.185016468167305
0.15271073579788208
0.2009207159280777
0.08761744201183319
0.12694323062896729
0.05929180607199669
0.11878151446580887
0.044899944216012955
0.03871048986911774
0.09367736428976059
0.18711288273334503
0.11607244610786438
0.07615368813276291
0.032305121421813965
0.44648319482803345
0.07488659769296646
0.09361977875232697
0.04337069392204285
0.5682330131530762
0.12333288043737411
0.15520226955413818
0.040019866079092026
0.1272716224193573
0.08150871843099594
0.09156620502471924
0.0629076212644577
0.7465663552284241
0.02828340418636799
0.45481565594673157
0.4180135726928711
0.07211051881313324
0.16960282623767853
0.5720375776290894
0.07891851663589478
0.06284646689891815
0.09495524317026138
0.17805777490139008
0.10988800972700119
0.037608351558446884
0.04243353754281998
0.6026853322982788
0.07176133990287781
0.05260312184691429
0.09578403830528259
0.45306307077407837
0.05823257938027382
0.25519272685050964
0.11457052826881409
0.06018610671162605
0.09935890138149261
0.1533692330121994
0.06415451318025589
0.15937770903110504
0.038524430245161057
0.13999667763710022
0.06731443852186203
0.0672869011759758
0.029354726895689964
0.1341884434223175
0.08085552603006363
0.08448878675699234
0.11437958478927612
0.046744413673877716
0.049475446343421936
0.1543780416250229
0.018162712454795837
0.24885238707065582
0.08856897056102753
0.24545800685882568
0.4206289052963257
0.049289874732494354
0.17675471305847168
0.07811308652162552
0.06806836277246475
0.04410993680357933
0.041686467826366425
0.19304174184799194
0.08386155962944031
0.056847479194402695
0.06543301790952682
0.042892761528491974
0.6319147944450378
0.21771210432052612
0.11583815515041351
0.12313859909772873
0.042395103722810745
0.03200915455818176
0.0872836709022522
0.14070118963718414
0.02453061379492283
0.05772179365158081
0.12304842472076416
0.03662297502160072
0.47897225618362427
0.22025875747203827
0.04377676174044609
0.5206204652786255
0.2612438201904297
0.09991732984781265
0.11735919117927551
0.15302439033985138
0.36707454919815063
0.27353671193122864
0.8000528812408447
0.21927997469902039
0.10670959204435349
0.1674870103597641
0.07452582567930222
0.096171535551548
0.3291057050228119
0.04913613572716713
0.0902007520198822
0.038604460656642914
0.2659541964530945
0.4193432033061981
0.07161203026771545
0.040595173835754395
0.1258934736251831
0.04080600664019585
0.08125445991754532
0.019397005438804626
0.12807051837444305
0.17430239915847778
0.03793161362409592
0.11795009672641754
0.43353700637817383
0.018612615764141083
0.2754453122615814
0.06080145016312599
0.05934687331318855
0.10239143669605255
0.2956336736679077
0.16356225311756134
0.5872132182121277
0.05006256699562073
0.07225825637578964
0.12348653376102448
0.2463057041168213
0.18876805901527405
0.030642546713352203
0.05240556597709656
0.10372774302959442
0.10573805868625641
0.03461041674017906
0.05097587779164314
0.03915046155452728
0.018646277487277985
0.06136452034115791
0.06763856112957001
0.033579617738723755
0.09440365433692932
0.19693347811698914
0.07832024991512299
0.029099328443408012
0.042246636003255844
0.17183168232440948
0.15422973036766052
0.054060276597738266
0.04444111883640289
0.04823729023337364
0.44098299741744995
0.07687265425920486
0.11252668499946594
0.13485059142112732
0.24324017763137817
0.265616774559021
0.17591480910778046
0.08518708497285843
0.15819090604782104
0.16835564374923706
0.08513582497835159
0.09391294419765472
0.1527869999408722
0.16244955360889435
0.3096226453781128
0.07100299745798111
0.04194965958595276
0.16956323385238647
0.1430686116218567
0.07751122862100601
0.15198759734630585
0.047497186809778214
0.03993338719010353
0.12303441762924194
0.085697703063488
0.13846273720264435
0.20978857576847076
0.2787284553050995
0.3381688892841339
0.08104395866394043
0.13756904006004333
0.08353583514690399
0.07978954911231995
0.08618757128715515
0.12641122937202454
0.26896464824676514
0.09490496665239334
0.1811854988336563
0.08749724179506302
0.0776951014995575
0.03319275379180908
0.1332705318927765
0.03200544789433479
0.04999801144003868
0.050814200192689896
0.07000771164894104
0.20786640048027039
0.04178280010819435
0.07365181297063828
0.051026880741119385
0.09274886548519135
0.23851966857910156
0.015405215322971344
0.11252324283123016
0.04238573834300041
0.06031838059425354
0.07144186645746231
0.05499415099620819
0.04325500875711441
0.6200739145278931
0.3449341654777527
0.16762523353099823
0.511059045791626
0.028022993355989456
0.4788546860218048
0.45216843485832214
0.13420365750789642
0.08039539307355881
0.34988030791282654
0.15525305271148682
0.38490810990333557
0.4671548306941986
0.10159539431333542
0.200892835855484
0.029877087101340294
0.12081779539585114
0.09933671355247498
0.049676910042762756
0.13371028006076813
0.03184647113084793
0.1502266377210617
0.38075172901153564
0.07746000587940216
0.09734633564949036
0.0667959675192833
0.0895376056432724
0.06474267691373825
0.05122227594256401
0.10629262775182724
0.1436781883239746
0.2191181778907776
0.06509025394916534
0.08666931837797165
0.03184310346841812
0.036209430545568466
0.036738842725753784
0.04051584377884865
0.2676464915275574
0.5893506407737732
0.0677480548620224
0.054484616965055466
0.21254393458366394
0.5542320013046265
0.08151455968618393
0.061921127140522
0.1718067079782486
0.030600860714912415
0.08407805860042572
0.20365352928638458
0.03352935612201691
0.051835592836141586
0.09282558411359787
0.031611327081918716
0.08712107688188553
0.07403206825256348
0.18384839594364166
0.16338606178760529
0.047303006052970886
0.0958796888589859
0.03867051750421524
0.38742393255233765
1.100135326385498
0.16272400319576263
0.39487162232398987
0.10889443010091782
0.06439419090747833
0.6848078966140747
0.3797895312309265
0.23034276068210602
0.13960126042366028
0.07166585326194763
0.03215595334768295
0.19123941659927368
0.08120883256196976
0.08742246776819229
0.1397063136100769
0.10897060483694077
0.3931260108947754
0.04712079092860222
0.1305237114429474
0.026239944621920586
0.033662259578704834
0.10488750040531158
0.07227808982133865
0.20485173165798187
0.04144855961203575
0.20646879076957703
0.024671809747815132
0.19665764272212982
0.3690834939479828
0.19927328824996948
0.09749605506658554
0.15096251666545868
0.13959819078445435
0.1409272849559784
0.21059638261795044
0.11778181046247482
0.6732569336891174
0.04585735499858856
0.07974015921354294
0.15287373960018158
0.06483320146799088
0.16304074227809906
0.14214664697647095
0.10818854719400406
0.2635614573955536
0.09266997128725052
0.048233117908239365
0.19719399511814117
0.1247907280921936
0.07324621081352234
0.07159914076328278
0.08507733792066574
0.03783724084496498
0.39732304215431213
0.029994970187544823
0.19669976830482483
0.12683337926864624
0.04810574650764465
0.0701921358704567
0.11115307360887527
0.754614531993866
0.028449516743421555
0.16395343840122223
0.38886040449142456
0.22804252803325653
0.06374478340148926
0.10094921290874481
0.07340214401483536
0.11504245549440384
0.13431131839752197
0.19532673060894012
0.13171249628067017
0.06516585499048233
0.03621542826294899
0.18532615900039673
0.031658899039030075
0.2693531811237335
0.0598033145070076
0.7295187711715698
0.16597968339920044
0.12676165997982025
0.0448722168803215
0.40669921040534973
0.05172751471400261
0.33965668082237244
0.059944260865449905
0.09063099324703217
0.11165431886911392
0.38204267621040344
0.26043081283569336
0.06394138932228088
0.0989062711596489
0.055816251784563065
0.05125107988715172
0.19348759949207306
0.1017514020204544
0.08254487067461014
0.09206296503543854
0.19817982614040375
0.10774793475866318
0.2106379121541977
0.09971767663955688
0.5551660656929016
0.03744819387793541
0.4509829878807068
0.10348151624202728
0.04711577668786049
0.12122638523578644
0.07017582654953003
0.177303284406662
0.08406545966863632
0.04547833278775215
0.1001470685005188
0.2515732944011688
0.13618232309818268
0.47810956835746765
0.12922698259353638
0.03198906406760216
0.05754170939326286
0.02058565616607666
0.1879870444536209
0.7399443984031677
0.09922662377357483
0.0743682011961937
0.3084036707878113
0.07750555872917175
0.13232465088367462
0.08364073187112808
0.08897822350263596
0.22430400550365448
0.13862986862659454
0.1860198676586151
0.5889051556587219
0.24264882504940033
0.5607671141624451
0.042593639343976974
0.07450978457927704
0.38571545481681824
0.039201922714710236
0.47376585006713867
0.13798967003822327
0.12155014276504517
0.07988014817237854
0.08297871798276901
0.07511001080274582
0.0657617375254631
0.2983366549015045
0.29678666591644287
0.05898226052522659
0.2357172966003418
0.037193864583969116
0.046109143644571304
0.5235300660133362
0.034620363265275955
0.06381392478942871
0.04506317153573036
0.02658049948513508
0.0846601352095604
0.36998283863067627
0.03110458329319954
0.024215785786509514
0.048700831830501556
0.06523497402667999
0.03569447621703148
0.09067275375127792
0.07679520547389984
0.04275595769286156
0.02018131874501705
0.054963815957307816
0.0685504749417305
0.08856227993965149
0.4079805910587311
0.027837621048092842
0.2594505250453949
0.04392493888735771
0.07464968413114548
0.3590677082538605
0.035920266062021255
0.28860190510749817
0.11048585176467896
0.3420131802558899
0.12160624563694
0.11424936354160309
0.08352214097976685
0.04172671586275101
0.04045671224594116
0.0930568128824234
0.04036909341812134
0.12324365973472595
0.04768238589167595
0.06060881167650223
0.03958950564265251
0.11804492026567459
0.26198315620422363
0.03620029240846634
0.016865547746419907
0.019820990040898323
0.2871380150318146
0.019574349746108055
0.3439296782016754
0.19643472135066986
0.03772372379899025
0.0132383331656456
0.07666590064764023
0.17305633425712585
0.3253231346607208
0.3187708556652069
0.19569657742977142
0.06371578574180603
0.10045848041772842
0.12942054867744446
0.2322748899459839
0.3273051083087921
0.031207256019115448
0.055186059325933456
0.03785272687673569
0.025523457676172256
0.5347839593887329
0.04365553706884384
0.2189742624759674
0.0883522778749466
0.8202697038650513
0.045299503952264786
0.22613835334777832
0.21132467687129974
0.08116811513900757
0.07576564699411392
0.09230519086122513
0.14216001331806183
0.15442772209644318
0.07173039019107819
0.06388916820287704
0.17137230932712555
0.4175555109977722
0.05809515342116356
0.2371818721294403
0.04978642985224724
0.03370735049247742
0.05057492107152939
0.037692487239837646
0.13419152796268463
0.20115089416503906
0.01714923232793808
0.10824688524007797
0.02837008610367775
0.08441121131181717
0.24021659791469574
0.4326891601085663
0.0567508302628994
0.04638579487800598
0.023179739713668823
0.4906828999519348
0.1771075576543808
0.03758913651108742
0.03987925872206688
0.018574699759483337
0.12164242565631866
0.035441040992736816
0.13801738619804382
0.15428516268730164
0.1420125514268875
0.21269157528877258
0.14218920469284058
0.7785747647285461
0.08442307263612747
0.09077764302492142
0.3830890655517578
0.07801347225904465
0.09127433598041534
0.22970223426818848
0.28668153285980225
0.27275970578193665
0.0443018414080143
0.14163407683372498
0.08452178537845612
0.20442494750022888
0.29952138662338257
0.060882534831762314
0.10239419341087341
0.06564947962760925
0.24133388698101044
0.033280521631240845
0.05095360055565834
0.04646904021501541
0.20404042303562164
0.4529683589935303
0.2844618558883667
0.05336251109838486
0.10999389737844467
0.1510714292526245
0.08840487152338028
0.08483704924583435
0.28340867161750793
0.11692003160715103
0.09409359842538834
0.08049380779266357
0.4033418595790863
0.1424981951713562
0.13618898391723633
0.17885233461856842
0.06271248310804367
0.11321723461151123
0.026208309456706047
0.02441263198852539
0.6858497858047485
0.05718681961297989
0.07182573527097702
0.39610588550567627
0.2747558653354645
0.20219562947750092
0.08868103474378586
0.09306499361991882
0.038043949753046036
0.07853595912456512
0.1356837898492813
0.11669560521841049
0.105454221367836
0.19710485637187958
0.27150627970695496
0.05698184669017792
0.08190520107746124
0.07515991479158401
0.06399624794721603
0.15647850930690765
0.14502932131290436
0.09208767116069794
0.1734386533498764
0.1025368869304657
0.028928328305482864
0.04396532475948334
0.5311413407325745
0.10734257847070694
0.1723620593547821
0.11768415570259094
0.42575955390930176
0.19218364357948303
0.051720812916755676
0.18175023794174194
0.023128461092710495
0.14834721386432648
0.06376491487026215
0.41700589656829834
0.0817454606294632
0.1837068349123001
0.1459924280643463
0.4761015474796295
0.1060372069478035
0.08407367020845413
0.09641551971435547
0.08648131042718887
0.11421655863523483
0.044492702931165695
0.14505110681056976
0.032122183591127396
0.09722118824720383
0.2778089642524719
0.11484218388795853
0.2342122495174408
0.1737363338470459
0.08264718949794769
0.7245425581932068
0.3054823577404022
0.07948902994394302
0.03117855079472065
0.07664824277162552
0.03781537711620331
0.05494333431124687
0.11450236290693283
0.18775314092636108
0.06686191260814667
0.06321856379508972
0.03592825308442116
0.2388608753681183
0.7389078736305237
0.06525101512670517
0.1035463809967041
0.049043383449316025
0.1157633513212204
0.4088764488697052
0.19866319000720978
0.08901370316743851
0.07798803597688675
0.24808251857757568
0.25607025623321533
0.07472600787878036
0.47907161712646484
0.04354417696595192
0.5353409647941589
0.19048762321472168
0.06565118581056595
0.05765201896429062
0.19701044261455536
0.08187238872051239
0.47016429901123047
0.27709609270095825
0.04165796935558319
0.2505938410758972
0.08480816334486008
0.02908715419471264
0.0532541498541832
0.021701982244849205
0.052232567220926285
0.026013746857643127
0.034594256430864334
0.09560473263263702
0.043560124933719635
0.014027705416083336
0.050793927162885666
0.18813394010066986
0.021539755165576935
0.020511504262685776
0.2107296884059906
0.08520816266536713
0.1934114545583725
0.13909001648426056
0.02857942134141922
0.35436052083969116
0.20486794412136078
0.014174770563840866
0.041166096925735474
0.24296674132347107
0.3095882833003998
0.09858927875757217
0.22366319596767426
0.06231919303536415
0.03532089665532112
0.08487503230571747
0.17220009863376617
0.07575175166130066
0.0811706930398941
0.10574201494455338
0.0896054208278656
0.06204017251729965
0.06512074172496796
0.15743142366409302
0.5114406943321228
0.025443635880947113
0.13409440219402313
0.030428076162934303
0.26725515723228455
0.04821787774562836
0.029932646080851555
0.08179877698421478
0.19950737059116364
0.0819908156991005
0.20442281663417816
0.02797207050025463
0.14262357354164124
0.3892676830291748
0.29680293798446655
0.13987506926059723
0.1301165670156479
0.612621009349823
0.06322021037340164
0.060979221016168594
0.5498379468917847
0.09808620810508728
0.04040525481104851
0.11905280500650406
0.2661152184009552
0.14920392632484436
0.2519413232803345
0.10652320086956024
0.35864463448524475
0.24857333302497864
0.14713072776794434
0.028174864128232002
0.06329263746738434
0.15534740686416626
0.1829039305448532
0.48953065276145935
1.2039874792099
0.1362937092781067
0.4773254692554474
0.392278790473938
0.17187808454036713
0.08159200847148895
0.09533070772886276
0.04800630360841751
0.04297530651092529
0.17641419172286987
0.18598569929599762
0.3553968071937561
0.06734105199575424
0.04540622979402542
0.12769116461277008
0.052441008388996124
0.058466941118240356
0.12160048633813858
0.28273677825927734
0.11547809839248657
0.02431030198931694
0.0482928529381752
0.074700266122818
0.051520053297281265
0.019347546622157097
0.4723670184612274
0.12980839610099792
0.04836203530430794
0.07669451832771301
0.03130583465099335
0.026764223352074623
0.05259343609213829
0.06794847548007965
0.030369030311703682
0.014676772989332676
0.03210549056529999
0.14639098942279816
0.06908177584409714
0.11935514956712723
0.053617894649505615
0.6157091856002808
0.8711161613464355
0.07776671648025513
0.17473460733890533
0.1298447847366333
0.1941257268190384
0.2129366099834442
0.09221852570772171
0.06745894253253937
0.09522750228643417
0.2761734426021576
0.2252010703086853
0.12045092135667801
0.16197974979877472
0.0762052983045578
0.11570719629526138
0.46355095505714417
0.1433022916316986
0.07470276951789856
0.14980506896972656
1.2158414125442505
0.1411912590265274
0.07423822581768036
0.06658419966697693
0.05000443011522293
0.1863030046224594
0.8073791861534119
0.034261032938957214
0.030859166756272316
0.04135524481534958
0.2504870891571045
0.19643929600715637
0.14167247712612152
0.02137795276939869
0.12529528141021729
0.07878385484218597
0.057775888592004776
0.2250773310661316
0.08327651023864746
0.05148265138268471
0.07639161497354507
0.12418300658464432
0.05880417302250862
0.6335645914077759
0.22493398189544678
0.07262910902500153
0.036333922296762466
0.0527176558971405
0.18256722390651703
0.3685528635978699
0.12928509712219238
0.043708037585020065
0.06735270470380783
0.15119589865207672
0.12651222944259644
0.47913387417793274
0.03460967168211937
0.06454154849052429
0.1487676054239273
0.12383517622947693
0.2815922200679779
0.5385991334915161
0.2213306874036789
0.04464147239923477
0.08128014206886292
0.43520379066467285
0.07336385548114777
0.12553463876247406
0.07533077895641327
0.5807653069496155
0.048060961067676544
0.04639235883951187
0.09740739315748215
0.7297125458717346
0.0723201185464859
0.12935836613178253
0.08465519547462463
0.1496066153049469
0.06967094540596008
0.10636928677558899
0.04465150460600853
0.11015912890434265
0.1842050403356552
0.0526585690677166
0.3156203329563141
0.3865576982498169
0.4224036931991577
0.18237251043319702
0.06735258549451828
0.5120677351951599
0.13091163337230682
0.09146749973297119
0.08039992302656174
0.14759856462478638
0.07099015265703201
0.18113693594932556
0.10258791595697403
0.06842000782489777
0.10478679090738297
0.3938046395778656
0.040182117372751236
0.03849075362086296
0.31348586082458496
0.2613995671272278
0.39678943157196045
0.11449189484119415
0.039502788335084915
0.06392358243465424
0.040829136967659
0.12574702501296997
0.1360483318567276
0.14864863455295563
0.061732858419418335
0.046283312141895294
0.09874756634235382
0.04906251281499863
0.11051174253225327
0.6604278087615967
0.03084968775510788
0.09985721111297607
0.20448580384254456
0.05426691100001335
0.165864959359169
0.04264765605330467
0.2765462100505829
0.0643778070807457
0.034897252917289734
0.26762673258781433
0.17529554665088654
0.21597526967525482
0.06529540568590164
0.40139108896255493
0.020783189684152603
0.17167063057422638
0.12048602849245071
0.1003722995519638
0.03782309591770172
0.04568236693739891
0.08480534702539444
0.05028534680604935
0.04487190395593643
0.038577377796173096
0.02821505069732666
0.19530373811721802
0.0879296138882637
0.03517518192529678
0.017144955694675446
0.1352655589580536
0.05021889880299568
0.19829270243644714
0.35202768445014954
0.13462065160274506
0.14170905947685242
0.5576465129852295
0.0330783911049366
0.021984713152050972
0.46400749683380127
0.04749320074915886
0.13006924092769623
0.1205863505601883
0.04651093855500221
0.051340531557798386
0.043365228921175
0.11266476660966873
0.05736476927995682
0.17688876390457153
0.036369211971759796
0.4227929711341858
0.11594496667385101
0.07815852016210556
0.11357980966567993
0.08029882609844208
0.06537409126758575
0.4670826494693756
0.09170551598072052
0.06473155319690704
0.08697311580181122
0.06629011780023575
0.20918159186840057
0.06001298502087593
0.09256649017333984
0.043018124997615814
0.18456855416297913
0.22445504367351532
0.04569531977176666
0.15126869082450867
0.04513479396700859
0.10259851068258286
0.05150754377245903
0.13240036368370056
0.11832232028245926
1.292136788368225
0.11489298939704895
0.08267141878604889
0.040285710245370865
0.019908729940652847
0.032784875482320786
0.10963665693998337
0.06658167392015457
0.0829811617732048
0.12037448585033417
0.03888777270913124
0.3108467757701874
0.06161993741989136
0.03269563987851143
0.04465675354003906
0.6492868661880493
0.13950827717781067
0.06627662479877472
0.057499371469020844
0.06720340251922607
0.03173431381583214
0.10654237866401672
0.03590110316872597
0.07194141298532486
0.08887539803981781
0.30437973141670227
0.25350773334503174
0.10623517632484436
0.03837849944829941
0.04780278354883194
0.23741686344146729
0.05136075243353844
0.03141024708747864
0.07890477031469345
0.1162586659193039
0.04073014855384827
0.21608422696590424
0.7778719663619995
0.10714565217494965
0.04048401489853859
0.08836685866117477
0.11956364661455154
0.505976140499115
0.04258926212787628
0.3386119604110718
0.03717086836695671
0.14718462526798248
0.038801733404397964
0.11891811341047287
0.1864556521177292
0.025824187323451042
0.20281146466732025
0.07352937012910843
0.03057068958878517
0.12028702348470688
0.04058994725346565
0.040948424488306046
0.09683484584093094
0.05123945325613022
0.10707061737775803
0.08914642035961151
0.17401407659053802
0.045562125742435455
0.027081133797764778
0.15567399561405182
0.4102744162082672
0.24452978372573853
0.49407240748405457
0.5209269523620605
0.021715525537729263
0.3543514013290405
0.5244781374931335
0.2272700071334839
0.06829801201820374
0.25313517451286316
0.0631411150097847
0.15226535499095917
0.0694158673286438
0.7443515658378601
0.13074633479118347
0.1044778898358345
0.2433035522699356
0.22039662301540375
0.042283374816179276
0.1505257934331894
0.2512790560722351
0.1963571459054947
0.05023786425590515
0.35315412282943726
0.40098705887794495
0.22848652303218842
0.048813529312610626
0.6147400140762329
0.13960330188274384
0.13485996425151825
0.8728308081626892
0.22199155390262604
0.09890318661928177
0.081680066883564
0.11474712938070297
0.13797329366207123
0.2504217326641083
0.15139812231063843
0.054194193333387375
0.13008710741996765
0.07725483179092407
0.07628517597913742
0.09275838732719421
0.37080758810043335
0.038719117641448975
0.07811592519283295
0.05397439002990723
0.11126349866390228
0.2036505490541458
0.22974605858325958
0.0580478310585022
0.22584189474582672
0.061734892427921295
0.07594604045152664
0.04384832829236984
0.04257039353251457
0.13975517451763153
0.03610103949904442
0.22106242179870605
0.04286405071616173
0.14784780144691467
0.038820505142211914
0.1316632330417633
0.23133143782615662
0.23525194823741913
0.20594516396522522
0.14050380885601044
0.06666657328605652
0.043008867651224136
0.03642909973859787
0.06312458217144012
0.04163503646850586
0.4462425112724304
0.03134734556078911
0.35952192544937134
0.04481716826558113
0.1680445820093155
0.0804743766784668
0.12840329110622406
0.06649073213338852
0.13699842989444733
0.02759188786149025
0.04782988131046295
0.03901795670390129
0.255771279335022
0.5705339908599854
0.05440020188689232
0.5704689025878906
0.09926307946443558
0.32820791006088257
0.10864367336034775
0.07784828543663025
0.0603313110768795
0.1282832771539688
0.5235164761543274
0.03826945275068283
0.11170627176761627
0.05539053678512573
0.2936939001083374
0.12736742198467255
0.08930545300245285
0.1772633194923401
0.40346068143844604
0.1085481196641922
0.1291932910680771
0.09747276455163956
0.1081247553229332
0.48962849378585815
0.20967887341976166
0.08137530088424683
0.5661630630493164
0.06318848580121994
0.03787108510732651
0.2861570119857788
0.10920421779155731
0.06839816272258759
0.3912270963191986
0.10092941671609879
0.4786236584186554
0.06896774470806122
0.03691530227661133
0.2997724413871765
0.4273480772972107
0.10058067739009857
0.05692363157868385
0.05998571589589119
0.1854051947593689
0.12856417894363403
0.2965146005153656
0.24376815557479858
0.08353233337402344
0.08294917643070221
0.06253549456596375
0.056655991822481155
0.07712629437446594
0.40040144324302673
0.09493739902973175
0.07647240161895752
0.040168676525354385
0.026204034686088562
0.07689568400382996
0.03727247938513756
0.06193001568317413
0.12930259108543396
0.024019533768296242
0.06103648617863655
0.126875638961792
0.2704504728317261
0.014738735742866993
0.18528015911579132
0.07469251751899719
0.03051798604428768
0.08475890755653381
0.07510507106781006
0.05781831964850426
0.11328783631324768
0.02220015600323677
0.04494791850447655
0.018814552575349808
0.05099833011627197
0.0502610057592392
0.023038307204842567
0.5265201330184937
0.07044274359941483
0.026730407029390335
0.06902367621660233
0.01459423452615738
0.058663513511419296
0.05716386064887047
0.48315271735191345
0.06088603287935257
0.04436634108424187
0.052660178393125534
0.2121686041355133
0.030197063460946083
0.04123445972800255
0.056997984647750854
0.19956240057945251
0.043505437672138214
0.30213725566864014
0.08604884892702103
0.019732555374503136
0.10824909061193466
0.0820356085896492
0.09334834665060043
0.12554967403411865
0.028387175872921944
0.033617276698350906
0.039387866854667664
0.019556129351258278
0.0175801869481802
0.12723861634731293
0.06771304458379745
0.09362705051898956
0.3000189960002899
0.2651757299900055
0.031173519790172577
0.26497524976730347
0.10062800347805023
0.07975836098194122
0.08664606511592865
0.20968303084373474
0.4434240162372589
0.07215919345617294
0.13880915939807892
0.07817964255809784
0.06828378140926361
0.05272615700960159
0.07206418365240097
0.07592613995075226
0.16236992180347443
0.7272395491600037
0.2339751422405243
0.13082875311374664
0.11758042871952057
0.36749640107154846
0.039819397032260895
0.3312138617038727
0.2836594879627228
0.20292407274246216
0.12993107736110687
0.11156126111745834
0.019365059211850166
0.028863267973065376
0.07635010778903961
0.08142442256212234
0.08626754581928253
0.14008060097694397
0.059309713542461395
0.20402616262435913
0.18754123151302338
0.09305109828710556
0.0749526098370552
0.012299297377467155
0.4431416988372803
0.0797111913561821
0.5459134578704834
0.18272924423217773
0.0949639156460762
0.0644310936331749
0.3077127933502197
0.09095483273267746
0.03005104884505272
0.6181089878082275
0.05639753118157387
0.07424651086330414
0.2357226461172104
0.42653778195381165
0.05594007298350334
0.09962788969278336
0.04043563827872276
0.08306638896465302
0.0949460119009018
0.1773979216814041
0.09289032965898514
0.18906432390213013
0.16104349493980408
0.10838261246681213
0.0712970569729805
0.11405429244041443
0.0572921484708786
0.03924046456813812
0.6578774452209473
0.2814122140407562
0.17885658144950867
0.3830546438694
0.21903415024280548
0.09268993884325027
0.11071877181529999
0.7295787930488586
0.1555684357881546
0.1382039338350296
0.13987591862678528
0.11146547645330429
0.29179638624191284
0.04905634745955467
0.08028337359428406
0.06378351897001266
0.06440546363592148
0.054921090602874756
0.2571788430213928
0.08643659204244614
0.0860728770494461
0.056583501398563385
0.2916564345359802
0.036646850407123566
0.16613450646400452
0.11729265004396439
0.059797678142786026
0.13547588884830475
0.19445033371448517
0.06953130662441254
0.05395468696951866
0.09014342725276947
0.8044632077217102
0.11945609748363495
0.028371812775731087
0.08000235259532928
0.059820957481861115
0.07256516814231873
0.1788381189107895
0.04368270933628082
0.11804377287626266
0.16358669102191925
0.054516423493623734
0.05410613864660263
0.09801705181598663
0.11678674072027206
0.1941867619752884
0.19195550680160522
0.5645962953567505
0.04456011950969696
0.4368197023868561
0.16854031383991241
0.09088245779275894
0.1080254390835762
0.021582018584012985
0.04822546988725662
0.27098652720451355
0.05124852806329727
0.08013876527547836
0.03474799543619156
0.05315881222486496
0.06734625995159149
0.11823151260614395
0.1370883584022522
0.155955508351326
0.27901986241340637
0.06311070173978806
0.2649168372154236
0.07400432229042053
0.3755967319011688
0.4527372419834137
0.44662269949913025
0.1667286604642868
0.08942535519599915
0.10658811032772064
0.10255710035562515
0.1541743278503418
0.12805408239364624
0.09331998974084854
0.047925569117069244
0.10163266211748123
0.05409235879778862
0.03414880111813545
0.4629490077495575
0.07504107058048248
0.6084774136543274
0.1493176966905594
0.03008941002190113
0.23488867282867432
0.15335388481616974
0.19980810582637787
0.031700458377599716
0.22177018225193024
0.2219792902469635
0.11845924705266953
0.18346625566482544
0.06900019943714142
0.043453648686409
0.11567411571741104
0.24254901707172394
0.6918150186538696
0.7729885578155518
0.13009287416934967
0.058379001915454865
0.09521517157554626
0.03277568891644478
0.08179746568202972
0.4537503719329834
0.2776143252849579
0.1097479984164238
0.11910689622163773
0.4682078957557678
0.2325458973646164
0.1636323779821396
0.1549394428730011
0.17474767565727234
0.07141822576522827
0.45263928174972534
0.1514369398355484
0.2836255729198456
0.12659907341003418
0.12535160779953003
0.32507991790771484
0.12735576927661896
0.17320775985717773
0.07666076719760895
0.17995204031467438
0.056602660566568375
0.08487420529127121
0.04459035396575928
0.12451983243227005
0.04828751087188721
0.4433705806732178
0.055108848959207535
0.034617830067873
0.0357569195330143
0.34770241379737854
0.03511437773704529
0.05984159931540489
0.06489221006631851
0.07975897938013077
0.07436437904834747
0.0416271947324276
0.030374174937605858
0.16610504686832428
0.02676820009946823
0.06886174529790878
0.740446150302887
0.12129238247871399
0.2637619078159332
0.07013271749019623
0.11930888146162033
0.4776858687400818
0.18741928040981293
0.5918610692024231
0.13181018829345703
0.2975301146507263
0.13877633213996887
0.11396820098161697
0.06638156622648239
0.19890031218528748
0.45170027017593384
0.15462690591812134
0.2750529646873474
0.09664725512266159
0.07919749617576599
0.12651711702346802
0.031317200511693954
0.16419261693954468
0.19038395583629608
0.10241841524839401
0.0629308894276619
0.035419587045907974
0.4381735324859619
0.09341982007026672
0.190134197473526
0.030960997566580772
0.1244509220123291
0.05631098523736
0.04676538705825806
0.09753785282373428
0.16933102905750275
0.1633487045764923
0.02509882114827633
0.06454287469387054
0.13200151920318604
0.1315220147371292
0.05748062580823898
0.12499750405550003
0.08199513703584671
0.48758450150489807
0.05892355367541313
0.0541313998401165
0.03519446775317192
0.1590953767299652
0.030044976621866226
0.05584397912025452
0.13550902903079987
0.1308538019657135
0.35062268376350403
0.17295695841312408
0.03344425559043884
0.043747689574956894
0.05948355048894882
0.06189802661538124
0.048655953258275986
0.04018048569560051
0.9406392574310303
0.24377675354480743
0.03578537702560425
0.06575550138950348
0.08518959581851959
0.4279979467391968
0.08524616062641144
0.0773252546787262
0.12033727765083313
0.41653212904930115
0.08416002988815308
0.06680795550346375
0.14981701970100403
0.07846427708864212
0.07273167371749878
0.12274858355522156
0.21265918016433716
0.06307053565979004
0.04335935041308403
0.08262480050325394
0.06758980453014374
0.05897242948412895
0.0316905714571476
0.24562108516693115
0.14279833436012268
0.09340918064117432
0.24837379157543182
0.08234243094921112
0.07225322723388672
0.07615667581558228
0.5503272414207458
0.12933652102947235
0.0823216661810875
0.03160692751407623
0.16198121011257172
0.2755715847015381
0.38107404112815857
0.1484464854001999
0.3653927147388458
0.10148970037698746
0.24110153317451477
0.0707467719912529
0.09665370732545853
0.11868644505739212
0.10043538361787796
0.14900897443294525
0.3098343014717102
0.14599576592445374
0.052560314536094666
0.2023896872997284
0.023503508418798447
0.21047809720039368
0.032184720039367676
0.10020451247692108
0.039016544818878174
0.2388903796672821
0.03944893553853035
0.02697078511118889
0.06596328318119049
0.5215725302696228
0.05970514938235283
0.015884337946772575
0.11482468247413635
0.09700361639261246
0.12339215725660324
0.17861968278884888
0.0895499512553215
0.21017391979694366
0.03633367642760277
0.07930479943752289
0.35297128558158875
0.28316810727119446
0.037512194365262985
0.04749809578061104
0.05253438651561737
0.1729004830121994
0.14614689350128174
0.07080388814210892
0.7545728087425232
0.7332334518432617
0.050054263323545456
0.06612851470708847
0.1967514157295227
0.06258344650268555
0.046707883477211
0.3578479290008545
0.04756321385502815
0.1716710776090622
0.10138169676065445
0.04998789727687836
0.08371743559837341
0.08653266727924347
0.13090050220489502
0.12021800130605698
0.07202678918838501
0.07058735191822052
0.06955352425575256
0.09576334059238434
0.12653084099292755
0.03335287421941757
0.5535213351249695
0.11778295785188675
0.6581476330757141
0.045037850737571716
0.07078517973423004
0.031005047261714935
0.400874525308609
0.0619322694838047
0.037880536168813705
0.12064310908317566
0.2530582547187805
0.14793899655342102
0.039832793176174164
0.025040656328201294
0.04529105871915817
0.31417620182037354
0.07405553758144379
0.35581326484680176
0.28942903876304626
0.16803403198719025
0.6756101846694946
0.37902259826660156
0.0384768582880497
0.02622617408633232
0.3120710551738739
0.04365670680999756
0.037661075592041016
0.14417338371276855
0.05813467875123024
0.050428103655576706
0.05177408829331398
0.25957950949668884
0.1280297040939331
0.07726655900478363
0.06833412498235703
0.05760549008846283
0.13868948817253113
0.05277419462800026
0.4269416034221649
0.2648046612739563
0.022830532863736153
0.041573770344257355
0.10796278715133667
0.13384895026683807
0.03385588899254799
0.17719459533691406
0.08805907517671585
0.02470323257148266
0.11327536404132843
0.22578439116477966
0.19002872705459595
0.04863353818655014
0.18761874735355377
0.024542268365621567
0.17612199485301971
0.14625971019268036
0.17178142070770264
0.05143260210752487
0.058885034173727036
0.06999525427818298
0.713014543056488
0.028728950768709183
0.23686429858207703
0.02474825456738472
0.5484805703163147
0.3225475549697876
0.42225971817970276
0.17803165316581726
0.18795932829380035
0.12022683024406433
0.06027386337518692
0.2091846615076065
0.128078430891037
0.11358363926410675
0.4561842679977417
0.1651948243379593
0.09903356432914734
0.3502664566040039
0.08711516857147217
0.25210443139076233
0.1678343266248703
0.03221895173192024
0.32737287878990173
0.13826969265937805
0.14115053415298462
0.08887225389480591
0.09136026352643967
0.07263738662004471
0.20223368704319
0.086048424243927
0.16391263902187347
0.3070911765098572
0.10424236953258514
0.10950441658496857
0.047328561544418335
0.05483555048704147
0.10920451581478119
0.5309553146362305
0.1300750970840454
0.1146886795759201
0.0877850353717804
0.056988488882780075
0.06292897462844849
0.23917192220687866
0.08576469868421555
0.15415231883525848
0.16152173280715942
0.03744085133075714
0.384707510471344
0.16768865287303925
0.037583012133836746
0.04491552710533142
0.06543554365634918
0.0458039827644825
0.02424720488488674
0.7347710728645325
0.025316879153251648
0.08909104019403458
0.2968085706233978
0.019481448456645012
0.03143278509378433
0.035376645624637604
0.12440624833106995
0.48931220173835754
0.2509290277957916
0.7777561545372009
0.030857305973768234
0.12038097530603409
0.05576317012310028
0.3424125015735626
0.05533665791153908
0.12104262411594391
0.41153836250305176
0.17786425352096558
0.9822978377342224
0.14658600091934204
0.1468570977449417
0.1249660849571228
0.1797546148300171
0.2846764028072357
0.1938672810792923
0.2895645797252655
0.17429950833320618
0.06424545496702194
0.08902940154075623
0.19058629870414734
0.17537821829319
0.4549514949321747
0.05448506772518158
0.09083276987075806
0.04898635298013687
0.0670340359210968
0.05338672176003456
0.05731627717614174
0.024356499314308167
0.022128425538539886
0.7067923545837402
0.04876632243394852
0.12309636175632477
0.08076955378055573
0.7533583045005798
0.07167233526706696
0.08322558552026749
0.055401597172021866
0.10507640987634659
0.26269760727882385
0.2014712393283844
0.2273833453655243
0.020756317302584648
0.20766466856002808
0.17325623333454132
0.5059264302253723
0.2806135416030884
0.10732556879520416
0.08472666889429092
0.25914570689201355
0.038818009197711945
0.12368838489055634
0.41488367319107056
0.05244160071015358
0.06823854893445969
0.149847149848938
0.07443051040172577
0.4067597985267639
0.19871298968791962
0.11270847916603088
0.10610813647508621
0.2880461812019348
0.39678052067756653
0.08323157578706741
0.6422913074493408
0.07862637937068939
0.043775174766778946
0.07363998144865036
0.04762865975499153
0.4312882721424103
0.06951457262039185
0.1222439631819725
0.06203015521168709
0.17037688195705414
0.5698568224906921
0.20038004219532013
0.06613203138113022
0.09529846161603928
0.03755863755941391
0.018148818984627724
0.09381310641765594
0.0634400025010109
0.14424172043800354
0.017835106700658798
0.21558474004268646
0.019473180174827576
0.28482508659362793
0.04971276596188545
0.05960162356495857
0.10428118705749512
0.026936879381537437
0.05364753305912018
0.1397807002067566
0.031257227063179016
0.0474121980369091
0.06667056679725647
0.0944225937128067
0.37737128138542175
0.1810636967420578
0.0520806610584259
0.22904455661773682
0.06270203739404678
0.045051272958517075
0.01836596429347992
0.35314077138900757
0.4344857335090637
0.034948233515024185
0.041263364255428314
0.47044363617897034
0.20059339702129364
0.1585874706506729
0.12388360500335693
0.06879241019487381
0.25748831033706665
0.0358627587556839
0.07034491747617722
0.05353666841983795
0.26206153631210327
0.052092816680669785
0.13554318249225616
0.14091360569000244
0.04333612695336342
0.021615514531731606
0.1638275533914566
0.14310698211193085
0.020319078117609024
0.1611964851617813
0.1240386962890625
0.21314039826393127
0.10162890702486038
0.32936927676200867
0.013618258759379387
0.02774929814040661
0.17573583126068115
0.061250071972608566
0.12443742156028748
0.2759326100349426
0.050404854118824005
0.08805058151483536
0.31442078948020935
0.1828208863735199
0.2104129046201706
0.0744321346282959
0.04722050204873085
0.1565086841583252
0.2071240395307541
0.0417516715824604
0.034151989966630936
0.06855923682451248
0.09348240494728088
0.051569174975156784
0.18961618840694427
0.2977975606918335
0.036416035145521164
0.0886898934841156
0.5079382658004761
0.12373451888561249
0.08974944800138474
0.14311052858829498
0.04686345160007477
0.5294740200042725
0.44430965185165405
0.19208168983459473
0.45029085874557495
0.11950612813234329
0.1516040712594986
0.060028161853551865
0.17804399132728577
0.14073456823825836
0.05300835892558098
0.25494223833084106
0.09361399710178375
0.35342416167259216
0.08178961277008057
0.15631897747516632
0.052318621426820755
0.05855134129524231
0.07534729689359665
0.0512278787791729
0.03105856291949749
0.16807441413402557
0.23604319989681244
0.05485164746642113
0.21277479827404022
0.28653591871261597
0.04298136383295059
0.10685750097036362
0.1036951020359993
0.04724155738949776
0.013461651280522346
0.1540730744600296
0.45365414023399353
0.06941480189561844
0.34562915563583374
0.04176212102174759
0.1577697992324829
0.493781715631485
0.2960900664329529
0.4675171673297882
0.04266192018985748
0.13219648599624634
0.0715855062007904
0.18691730499267578
0.0889364629983902
0.490268737077713
0.12529565393924713
0.2568570375442505
0.08367464691400528
0.048574429005384445
0.15524637699127197
0.03811047226190567
0.11555420607328415
0.05174046382308006
0.05639086663722992
0.06036616489291191
0.04778287187218666
0.10402720421552658
0.03335284814238548
0.13611969351768494
0.29542744159698486
0.2811944782733917
0.0448402464389801
0.055362168699502945
0.14568328857421875
0.04771420359611511
0.02183573693037033
0.05639294162392616
0.2183266580104828
0.04881342127919197
0.0809144377708435
0.16900034248828888
0.07914246618747711
0.058782681822776794
0.4755231440067291
0.05548851191997528
0.11054418981075287
0.5652891993522644
0.06980223208665848
0.08876770734786987
0.18760250508785248
0.05487790331244469
0.20578037202358246
0.2481767237186432
0.0734848752617836
0.18840788304805756
0.05185142159461975
0.19565440714359283
0.15449437499046326
0.05527530238032341
0.6338209509849548
0.10901391506195068
0.023135771974921227
0.03271574527025223
0.10926807671785355
0.28040754795074463
0.45828601717948914
0.12703129649162292
0.060660820454359055
0.03947856277227402
0.06752488017082214
0.08694000542163849
0.13893063366413116
0.11022178828716278
0.054980333894491196
0.681763768196106
0.06692852824926376
0.11125919967889786
0.2030937671661377
0.2540212869644165
0.09292686730623245
0.2630350589752197
0.0889509990811348
0.1367320418357849
0.06268925964832306
0.06921710073947906
0.18542304635047913
0.5861464738845825
0.06628232449293137
0.10534563660621643
0.052153080701828
0.14788971841335297
0.03509152680635452
0.0424133762717247
0.09191650152206421
0.04569774121046066
0.07562682032585144
0.051757968962192535
0.045917388051748276
0.061280205845832825
0.3214343190193176
1.3297760486602783
0.11915761232376099
0.2872338891029358
0.1309165209531784
0.35805100202560425
0.056884508579969406
0.4095628261566162
0.0967545360326767
0.2686011791229248
0.12306196242570877
0.059152305126190186
0.05048230662941933
0.08696739375591278
0.33656805753707886
0.05778916925191879
0.053928740322589874
0.06772207468748093
0.09876511245965958
0.03758881241083145
0.1168169304728508
0.05397842824459076
0.02848726697266102
0.06004438176751137
0.14380314946174622
0.051715634763240814
0.22351376712322235
0.0830705538392067
0.1331908106803894
0.038657981902360916
0.1929592341184616
0.13247106969356537
0.10935081541538239
0.1387743502855301
0.13655267655849457
0.08747206628322601
0.13715149462223053
0.020228084176778793
0.26118674874305725
0.16370925307273865
0.1555555909872055
0.04401904344558716
0.1627637892961502
0.16070209443569183
0.12576737999916077
0.24935057759284973
0.07169455289840698
0.029830217361450195
0.06855826079845428
0.03966042771935463
0.04547622427344322
0.09800977259874344
0.38923051953315735
0.23997502028942108
0.26552900671958923
0.14674600958824158
0.09879858046770096
0.4897642433643341
0.13526564836502075
0.034093018621206284
0.15929970145225525
0.07345937192440033
0.08160745352506638
0.12012658268213272
0.04317329451441765
0.05031308904290199
0.03277748450636864
0.3564969003200531
0.027176549658179283
0.18458670377731323
0.3679789900779724
0.017202312126755714
0.47461840510368347
0.03693128004670143
0.16561679542064667
0.08470793068408966
0.078781858086586
0.04158972203731537
0.07036378234624863
0.2673934996128082
0.041714780032634735
0.12667052447795868
0.07249093055725098
0.49766239523887634
0.03826140612363815
0.059076257050037384
0.14434796571731567
0.06825992465019226
0.0506853312253952
0.061648979783058167
0.2508157789707184
0.17080473899841309
0.2272065132856369
0.055858563631772995
0.03824755921959877
0.050580404698848724
0.04761376231908798
0.0620836541056633
0.09403609484434128
0.053866785019636154
0.07239910960197449
0.04513758420944214
0.07484225928783417
0.13409380614757538
0.4199146330356598
0.051833365112543106
0.03276633098721504
0.11385571956634521
0.044156379997730255
0.19330556690692902
0.17239923775196075
0.5462499856948853
0.0765601173043251
0.1511484682559967
0.07603653520345688
0.0430268831551075
0.07161346077919006
0.05641455575823784
0.2589361369609833
0.09308388084173203
0.05708179622888565
0.45891618728637695
0.2035396695137024
0.03428851068019867
0.07658112794160843
0.11043940484523773
0.04279719293117523
0.04653913900256157
0.05255034193396568
0.0726161003112793
0.07700908929109573
0.4756281077861786
0.12494824081659317
0.16391131281852722
0.15038107335567474
0.038125645369291306
0.5585532784461975
0.11371884495019913
0.05367441847920418
0.45001474022865295
0.3014107942581177
0.20203474164009094
0.06648331135511398
0.13252563774585724
0.18624448776245117
0.07502201944589615
0.12347819656133652
0.07394801825284958
0.11200177669525146
0.07552460581064224
0.21592813730239868
0.07070518285036087
0.09595400094985962
0.025240616872906685
0.07025407254695892
0.05126558616757393
0.08041668683290482
0.04172609746456146
0.04794440045952797
0.18394486606121063
0.18701450526714325
0.20156529545783997
0.11742912232875824
0.053576719015836716
0.08734116703271866
0.07594887912273407
0.048244401812553406
0.9754398465156555
0.07181301712989807
0.07566451281309128
0.26762157678604126
0.09116110950708389
0.05663825571537018
0.08252614736557007
0.12752893567085266
0.1755252331495285
0.3535526394844055
0.13329999148845673
0.6023476123809814
0.049831323325634
0.03303530067205429
0.1033131331205368
0.0816054418683052
0.3583688735961914
0.05535032972693443
0.19732289016246796
0.09934668987989426
0.0742686539888382
0.07437826693058014
0.06007177755236626
0.11307839304208755
0.458053320646286
0.05002319812774658
0.18591663241386414
0.0647057518362999
0.09058823436498642
0.060826193541288376
0.0717659592628479
0.07304497808218002
0.024682002142071724
0.40210244059562683
0.09463334828615189
0.1011781096458435
0.19165021181106567
0.056851670145988464
0.07712128758430481
0.33233606815338135
0.44777539372444153
0.1316981166601181
0.05541098490357399
0.019922342151403427
0.055435508489608765
0.07264231145381927
0.08736706525087357
0.05976376682519913
0.18905876576900482
0.31149598956108093
0.07350999861955643
0.12262360751628876
0.05910297855734825
0.46692946553230286
0.06485550105571747
0.11435824632644653
0.03816206753253937
0.1946175992488861
0.13957837224006653
0.13495534658432007
0.13768601417541504
0.04039984196424484
0.11050533503293991
0.15888728201389313
0.045599907636642456
0.1388533115386963
0.22722214460372925
0.10317639261484146
0.09309471398591995
0.06051751598715782
0.3594359755516052
0.3593001067638397
0.03147074580192566
0.16445808112621307
0.0822734460234642
0.1956077516078949
0.3733157217502594
0.11604882776737213
0.08004005253314972
0.06171078979969025
0.31344836950302124
0.15309777855873108
0.06550157070159912
0.0711715891957283
0.03607919067144394
0.057549118995666504
0.055257994681596756
0.07609059661626816
0.08056284487247467
0.09838472306728363
0.06161762401461601
0.11271896958351135
0.08050638437271118
0.22672900557518005
0.30779534578323364
0.058629587292671204
0.7645649313926697
0.0796547457575798
0.19497670233249664
0.23178954422473907
0.1950385570526123
0.08569677174091339
0.09605897217988968
0.12098818272352219
0.41932377219200134
0.048411302268505096
0.0873204916715622
0.10731137543916702
0.04464515298604965
0.1023322269320488
0.05676235258579254
0.04594534635543823
0.10321435332298279
0.5671122074127197
0.024674363434314728
0.6613888740539551
0.14576058089733124
0.0555381216108799
0.12597136199474335
0.1883469671010971
0.18546180427074432
0.058636028319597244
0.05650228634476662
0.08418158441781998
0.21897660195827484
0.18656958639621735
0.06813235580921173
0.06549929827451706
0.16619443893432617
0.06122388690710068
0.11083244532346725
0.05791917443275452
0.033341869711875916
0.17311784625053406
0.09957867115736008
0.05480746924877167
0.4816601574420929
0.046480536460876465
0.05855279415845871
0.5293585658073425
0.4991829991340637
0.1590127944946289
0.3963870406150818
0.05463217571377754
0.367911696434021
0.19436895847320557
0.20836672186851501
0.10604306310415268
0.12540261447429657
0.12307681888341904
0.19206422567367554
0.12081125378608704
0.08578789979219437
0.07526295632123947
0.12197111546993256
0.07916644960641861
0.06078282371163368
0.037000834941864014
0.04619024693965912
0.08418545126914978
0.03340334817767143
0.0222687516361475
0.20933113992214203
0.1904839724302292
0.0312080979347229
0.5103592872619629
0.01788085512816906
0.10308919101953506
0.017200879752635956
0.3035712242126465
0.13562370836734772
0.05838833004236221
0.04142593964934349
0.3588770031929016
0.5344449281692505
0.09672337025403976
0.042685605585575104
0.053367771208286285
0.4765329957008362
0.4825628697872162
0.14143697917461395
0.1669217050075531
0.13583505153656006
0.19860373437404633
0.112004853785038
0.09346088021993637
0.19677802920341492
0.2636011838912964
0.17734333872795105
0.07150942087173462
0.0975036695599556
0.3674798011779785
0.06348180770874023
0.10594998300075531
0.3208254873752594
0.02149018459022045
0.1032412052154541
1.0025601387023926
0.10353893786668777
0.11564967781305313
0.018150057643651962
0.25000569224357605
0.1277141571044922
0.07562515139579773
0.5134855508804321
0.0174639280885458
0.2753126323223114
0.4081246852874756
0.13049457967281342
0.08980213105678558
0.07054765522480011
0.28282469511032104
0.4245825707912445
0.27268287539482117
0.1142929196357727
0.3516320586204529
0.13749340176582336
0.23282623291015625
0.10552433878183365
0.07770029455423355
0.04318872094154358
0.025164207443594933
0.05825190991163254
0.09071951359510422
0.016503548249602318
0.1331816166639328
0.14684782922267914
0.22747226059436798
0.31213247776031494
0.026708446443080902
0.0334075503051281
0.037495389580726624
0.018369372934103012
0.7402808666229248
0.18777988851070404
0.04059404879808426
0.04824971407651901
0.20041248202323914
0.41226258873939514
0.03330188989639282
0.031944792717695236
0.11470331996679306
0.1535058617591858
0.07139243185520172
0.19310404360294342
0.06274985522031784
0.03279627114534378
0.12994568049907684
0.10767284035682678
0.18309643864631653
0.09499622881412506
0.3864874541759491
0.08805101364850998
0.2849927544593811
0.17409077286720276
0.06314166635274887
0.13200123608112335
0.06484623998403549
0.23734618723392487
0.22837984561920166
0.26273468136787415
0.036201465874910355
0.05801234021782875
0.038037288933992386
0.05634482204914093
0.16622459888458252
0.03382713720202446
0.10797399282455444
0.3135868012905121
0.024010121822357178
0.03634013235569
0.129154235124588
0.19833630323410034
0.03598455712199211
0.23830629885196686
0.05827459692955017
0.11164987832307816
0.18416404724121094
0.29541531205177307
0.026801031082868576
0.07337432354688644
0.03294254094362259
0.049133822321891785
0.06551964581012726
0.12079988420009613
0.04099910706281662
0.10328903794288635
0.030869921669363976
0.026797160506248474
0.2552572190761566
0.1677338033914566
0.20808181166648865
0.03068513795733452
0.03831103816628456
0.030913900583982468
0.03221622109413147
0.054965563118457794
0.02197461575269699
0.054167937487363815
0.31205326318740845
0.02383306249976158
0.14073938131332397
0.03847799077630043
0.07558315247297287
0.03492541238665581
0.21044015884399414
0.03916540741920471
0.037690576165914536
0.0906643196940422
0.026292065158486366
0.027331069111824036
0.07930789887905121
0.24730424582958221
0.19203168153762817
0.09010995924472809
0.019445287063717842
0.059792857617139816
0.030574699863791466
0.030734898522496223
0.05642734095454216
0.09111648797988892
0.0530053935945034
0.03236185386776924
0.23454217612743378
0.01802930235862732
0.016403842717409134
0.1555064618587494
0.10977914929389954
0.11940950900316238
0.2973167300224304
0.048966653645038605
0.16723361611366272
0.04901669919490814
0.15268351137638092
0.05986500531435013
0.11420634388923645
0.04117341712117195
0.24201244115829468
0.07509416341781616
0.06091315671801567
0.2577139139175415
0.1368967443704605
0.07988277077674866
0.06386902928352356
0.4812697768211365
0.06479992717504501
0.11038696020841599
0.2506764233112335
0.13708551228046417
0.09199440479278564
0.05311514809727669
0.19430486857891083
0.48469868302345276
0.3888174593448639
0.12961240112781525
0.05309539660811424
0.04856441542506218
0.2542291283607483
0.08292971551418304
0.041355036199092865
0.06882775574922562
0.07888677716255188
0.07300279289484024
0.05078893154859543
0.19143936038017273
0.11029636114835739
0.21758632361888885
0.05475874990224838
0.06510338932275772
0.25098326802253723
0.03814355283975601
0.07366069406270981
0.14004257321357727
0.022740432992577553
0.06326248496770859
0.4263395369052887
0.12689507007598877
0.03489885851740837
0.1189960390329361
0.02588742971420288
0.061188384890556335
0.09741930663585663
0.11410092562437057
0.02055882290005684
0.47489577531814575
0.13620851933956146
0.04934382811188698
0.05042983964085579
0.18128317594528198
0.567675769329071
0.061847373843193054
0.11973243206739426
0.26691386103630066
0.5404796004295349
0.1836247742176056
0.33272725343704224
0.4897126853466034
0.05188222602009773
0.08868719637393951
0.30109551548957825
0.27269217371940613
0.23036928474903107
0.1555119901895523
0.11086347699165344
0.2069787234067917
0.08010993152856827
0.5280353426933289
0.1830458641052246
0.2122044414281845
0.030659057199954987
0.04452306404709816
0.4598388671875
0.02353522926568985
0.1994204819202423
0.07420999556779861
0.08419594168663025
0.27256858348846436
0.04367155581712723
0.10188844054937363
0.10038889199495316
0.05692140385508537
0.15770600736141205
0.2850086987018585
0.4205128848552704
0.07249733060598373
0.12588998675346375
0.0369790755212307
0.04495773836970329
0.12381608784198761
0.09960564970970154
0.25934237241744995
0.03911251202225685
0.29305633902549744
0.03302893415093422
0.4187721014022827
0.07512456178665161
0.13488495349884033
0.11620809882879257
0.04774034023284912
0.45680737495422363
0.02301444113254547
0.13139428198337555
0.1686522364616394
0.1259039342403412
0.03625696897506714
0.07152631878852844
0.06727077066898346
0.0297197625041008
0.2913304269313812
0.06304080784320831
0.2092050313949585
0.08173840492963791
0.019089531153440475
0.039910901337862015
0.037877779453992844
0.48851728439331055
0.014751826412975788
0.15817470848560333
0.07645401358604431
0.73734050989151
0.18490365147590637
0.1981322169303894
0.4482572674751282
0.05119418352842331
0.07043516635894775
0.0438176728785038
0.3790053129196167
0.06218841299414635
0.43480008840560913
0.5057315230369568
0.06333104521036148
0.14743703603744507
0.125848650932312
0.16565783321857452
0.25885653495788574
0.1571318805217743
0.10084815323352814
0.2537790834903717
0.2061694711446762
0.391117125749588
0.13225150108337402
0.1066913828253746
0.05912071838974953
0.08605852723121643
0.09453216195106506
0.10353101789951324
0.02913498505949974
0.04632726311683655
0.024252649396657944
0.34927982091903687
0.09017229825258255
0.04032771661877632
0.08760084956884384
0.7852932214736938
0.043264422565698624
0.22015106678009033
0.054229289293289185
0.035786017775535583
0.15889741480350494
0.02193683199584484
0.27091479301452637
0.09517283737659454
0.02037104219198227
0.18583954870700836
0.09145908057689667
0.04645198583602905
0.07336592674255371
0.03407750278711319
0.050822217017412186
0.06723970919847488
0.06654562801122665
0.038146134465932846
0.04455855116248131
0.2994745075702667
0.04468909278512001
0.17193098366260529
0.044189903885126114
0.10540248453617096
0.22953759133815765
0.09086425602436066
0.1047946885228157
0.2593643069267273
0.0814237892627716
0.0913606509566307
0.07171814143657684
0.1967117190361023
0.280595064163208
0.15546415746212006
0.2549743354320526
0.06355069577693939
0.09152647107839584
0.06415276974439621
0.06294474005699158
0.14600656926631927
0.12765981256961823
0.37928178906440735
0.164235919713974
0.4991116225719452
0.20184078812599182
0.10796700417995453
0.2509671747684479
0.09302085638046265
0.14995600283145905
0.4602448642253876
0.5820939540863037
0.09347926825284958
0.21697978675365448
0.07215707749128342
0.14439457654953003
0.17930053174495697
0.10783218592405319
0.18547409772872925
0.11723442375659943
0.2214594930410385
0.08743155002593994
0.0992983803153038
0.09064602106809616
0.06426360458135605
0.0662553608417511
0.720882773399353
0.07238411903381348
0.1833486407995224
0.09887833893299103
0.01909179426729679
0.16359920799732208
0.04950539395213127
0.05427395552396774
0.05632894113659859
0.5083362460136414
0.29546457529067993
0.10784748196601868
0.11063072085380554
0.04719676449894905
0.47023117542266846
0.07147371023893356
0.2553839385509491
0.052609264850616455
0.08318065106868744
0.07689870893955231
0.2358608841896057
0.11532792448997498
0.06849804520606995
0.39948251843452454
0.07874315232038498
0.18086300790309906
0.26840779185295105
0.12202011048793793
0.18487776815891266
0.1122952327132225
0.11131595075130463
0.06592383980751038
0.12074645608663559
0.05399392545223236
0.02694331854581833
1.2487797737121582
0.03383240848779678
0.04117998480796814
0.24034179747104645
0.044427819550037384
0.0488886721432209
0.07288221269845963
0.16965584456920624
0.0617806613445282
0.034751590341329575
0.031884148716926575
0.02850252576172352
0.049986496567726135
0.04316623881459236
0.023249678313732147
0.08146724104881287
0.12432017177343369
0.042140644043684006
0.09656839072704315
0.07169950008392334
0.19341838359832764
0.2833670973777771
0.3162572383880615
0.07940685749053955
0.06065823882818222
0.09032712131738663
0.10364148020744324
0.08430064469575882
0.05990191549062729
0.06175060197710991
0.29703763127326965
0.03781462460756302
0.1646437644958496
0.045730095356702805
0.030486736446619034
0.21000894904136658
0.2030460089445114
0.057296037673950195
0.07492008805274963
0.045242827385663986
0.032237645238637924
0.10717391967773438
0.08499574661254883
0.0721113532781601
0.0383676178753376
0.06774227321147919
0.028503824025392532
0.3066917359828949
0.13457195460796356
0.05680122971534729
0.12970490753650665
0.25414422154426575
0.07719175517559052
0.08308321237564087
0.03806480020284653
0.04874352738261223
0.023143144324421883
0.08512451499700546
0.9403843283653259
0.1657882034778595
0.049862880259752274
0.0859004333615303
0.13336385786533356
0.07833028584718704
0.12317056208848953
0.35519272089004517
0.7321252822875977
0.1257898062467575
0.12524716556072235
0.04169338941574097
0.2379162609577179
0.12633635103702545
0.11202231049537659
0.3011150658130646
0.3150085210800171
0.05844585970044136
0.17732831835746765
0.08543851226568222
0.05977075546979904
0.5125976204872131
0.14112457633018494
0.057679809629917145
0.080295130610466
0.19651977717876434
0.06228269636631012
0.07549230009317398
0.4129669964313507
0.020018331706523895
0.01722930185496807
0.04946016147732735
0.3191598653793335
0.06475111842155457
0.03183162584900856
0.023580146953463554
0.1482778936624527
0.20769286155700684
0.37898313999176025
0.5880126953125
0.07881803810596466
0.07688028365373611
0.048551883548498154
0.10985375940799713
0.0522044412791729
0.055951401591300964
0.6268846392631531
0.6069501638412476
0.05106270685791969
0.12809261679649353
0.1283964365720749
0.03175882622599602
0.1567651778459549
0.0972447395324707
0.16895434260368347
0.11192765831947327
0.5447480082511902
0.125915989279747
0.0330643355846405
0.3583299219608307
0.3968243896961212
0.26417943835258484
0.06860501319169998
0.04166815057396889
0.6854118704795837
0.06646429002285004
0.18913224339485168
0.03381853923201561
0.30283311009407043
0.38284340500831604
0.06634107232093811
0.057364653795957565
0.37428805232048035
0.06603351980447769
0.05516010522842407
0.04454057291150093
0.04293554648756981
0.04222554713487625
0.031762298196554184
0.04360064119100571
0.04853175953030586
0.08399531990289688
0.07102403789758682
0.05095859244465828
0.13865655660629272
0.0535956472158432
0.14326073229312897
0.012296373955905437
0.032544322311878204
0.08245561271905899
0.08614958822727203
0.31263652443885803
0.7172706723213196
0.022518781945109367
0.3539968430995941
0.019195327535271645
0.050204820930957794
0.03817437216639519
0.12783344089984894
0.06040086969733238
0.06037519499659538
0.09777487814426422
0.09599311649799347
0.11908920854330063
0.07482948154211044
0.08447539806365967
0.05984438210725784
1.2666831016540527
0.06811226904392242
0.13187731802463531
0.04874350503087044
0.14805124700069427
0.4733024835586548
0.07691697031259537
0.2266380786895752
0.1361844390630722
0.4841749966144562
0.0690407082438469
0.13768403232097626
0.22135880589485168
0.13936462998390198
0.3699818253517151
0.21072712540626526
0.18833865225315094
0.1112167239189148
0.04662446305155754
0.07954563945531845
0.029066679999232292
0.5022448301315308
0.05244705080986023
0.0831240564584732
0.07980138063430786
0.5719664692878723
0.06006121635437012
0.12609362602233887
0.4691878855228424
0.08825650811195374
0.6890336871147156
0.12865810096263885
0.08220615237951279
0.03447850048542023
0.7259063720703125
0.04927570000290871
0.07777826488018036
0.37881121039390564
0.14628224074840546
0.06908657401800156
0.050863511860370636
0.042793113738298416
0.053575675934553146
0.13388922810554504
0.04707540571689606
0.06579376012086868
0.23196791112422943
0.035925138741731644
0.046782419085502625
0.03236909583210945
0.03835000842809677
0.04964803159236908
0.02056533843278885
0.08605596423149109
0.08147178590297699
0.08549334853887558
0.03160684183239937
0.05715039372444153
0.036146532744169235
0.04891837760806084
0.8588027358055115
0.14809857308864594
0.48135507106781006
0.7143658399581909
0.14912919700145721
0.7629941701889038
0.20296162366867065
0.0618484802544117
0.10967063903808594
0.06636889278888702
0.08887243270874023
0.06173821911215782
0.21987423300743103
0.16888371109962463
0.5661348104476929
0.9083269238471985
0.23716816306114197
0.1373468041419983
0.15901319682598114
0.21287699043750763
0.24765951931476593
0.30246952176094055
0.2732142210006714
0.12106572091579437
0.11290226876735687
0.17190808057785034
0.20646850764751434
0.24615077674388885
0.11919990926980972
0.03337433561682701
0.40952402353286743
0.3014092445373535
0.0804847851395607
0.13168157637119293
0.18511907756328583
0.18489696085453033
0.34390583634376526
0.09656687080860138
0.04620673134922981
0.08616287261247635
0.049707986414432526
0.12270721048116684
0.22708512842655182
0.07531443983316422
0.05426010489463806
0.06353239715099335
0.037184860557317734
0.3704255223274231
0.04097778722643852
0.06737228482961655
0.08348795771598816
0.060779210180044174
0.06290723383426666
0.0674675703048706
0.057568930089473724
0.04222654923796654
0.20191876590251923
0.06822718679904938
0.04653729125857353
0.24890325963497162
0.021874859929084778
0.7359230518341064
0.15290772914886475
0.10815554112195969
0.026636479422450066
0.5366084575653076
0.27469107508659363
0.11006569862365723
0.12284484505653381
0.06409148871898651
0.11840707808732986
0.27391311526298523
0.02949637919664383
0.0850502997636795
0.14774870872497559
0.3098105192184448
0.19449621438980103
0.5416289567947388
0.16558673977851868
0.07723526656627655
0.09418604522943497
0.08883510529994965
0.11616253107786179
0.14040407538414001
0.11918820440769196
0.10459917038679123
0.27277064323425293
0.14437411725521088
0.06052372232079506
0.21412181854248047
0.519954264163971
0.0717400386929512
0.0924372747540474
0.18413859605789185
0.09682402014732361
0.3196057081222534
0.13747473061084747
0.2240460366010666
0.03090023808181286
0.465317040681839
0.09506126493215561
0.20965267717838287
0.1265735924243927
0.14829058945178986
0.12096560001373291
0.05442766472697258
0.053725022822618484
0.06089595705270767
0.12887191772460938
0.16955269873142242
0.13803786039352417
0.3486817181110382
0.12034968286752701
0.06520693749189377
0.1038736030459404
0.1267634779214859
0.5403547883033752
0.05137462541460991
0.06638585031032562
0.08704099804162979
0.08120708167552948
0.06547793745994568
0.0760602056980133
0.11057646572589874
0.2031075358390808
0.3380688726902008
0.05947401002049446
0.04806109890341759
0.17502427101135254
0.20927120745182037
0.18564531207084656
0.0474642738699913
0.02358165755867958
0.06337153166532516
0.04733249545097351
0.22509261965751648
0.5968421697616577
0.07180376350879669
0.037129294127225876
0.03639323636889458
0.027709050104022026
0.041226379573345184
0.031420156359672546
0.05679710581898689
0.15555648505687714
0.0946107879281044
0.5510416030883789
0.030349157750606537
0.2504411041736603
0.07507309317588806
0.17997822165489197
0.05244902893900871
0.0599915012717247
0.09983988106250763
0.17566508054733276
0.19446416199207306
0.08188237249851227
0.20916752517223358
0.108001708984375
0.09259432554244995
0.1733410358428955
0.11398898810148239
0.19835224747657776
0.10305701941251755
0.17918998003005981
0.04622148349881172
0.24147994816303253
0.22501513361930847
0.4405105412006378
0.5171859264373779
0.052363183349370956
0.03603903204202652
0.21674460172653198
0.036466602236032486
0.04192254692316055
0.15295466780662537
0.47054120898246765
0.09785054624080658
0.29781174659729004
0.2300255298614502
0.19375701248645782
0.04038796201348305
0.07047927379608154
0.5646005272865295
0.6477211713790894
0.03373067080974579
0.05050675943493843
0.08615417033433914
0.6550655961036682
0.0335848368704319
0.2574352025985718
0.23476195335388184
0.059694308787584305
0.2912454903125763
0.15217775106430054
0.12203305214643478
0.07649310678243637
0.1411978304386139
0.07418373227119446
0.22370854020118713
0.33110371232032776
0.11131973564624786
0.13476300239562988
0.5625835061073303
0.11277715861797333
0.29832324385643005
0.04182044044137001
0.03855455294251442
0.42098501324653625
0.21245504915714264
0.07154793292284012
0.26430633664131165
0.045749031007289886
0.1279098391532898
0.12379943579435349
0.18083497881889343
0.08585712313652039
0.06243773549795151
0.3726230263710022
0.03162701055407524
0.033579062670469284
0.5454233288764954
0.09638212621212006
0.10489381849765778
0.19954006373882294
0.23428067564964294
0.0589616559445858
0.08245929330587387
0.19627177715301514
0.02820035256445408
0.1464128941297531
0.02985006384551525
0.4105512201786041
0.04321068525314331
0.3869137763977051
0.04118005558848381
0.7405663132667542
0.171113520860672
0.3633987307548523
0.026316646486520767
0.029752129688858986
0.04651480168104172
0.04583628103137016
0.22571195662021637
0.05934496968984604
0.10431579500436783
0.061493754386901855
0.06605106592178345
0.06519635766744614
0.054542407393455505
0.5521256327629089
0.35188427567481995
0.1418069750070572
0.08125714212656021
0.0853516086935997
0.23204916715621948
0.13260462880134583
0.15856745839118958
0.1384667158126831
0.030771533027291298
0.0369115024805069
0.06581966578960419
0.19611366093158722
0.14968116581439972
0.13829585909843445
0.046272460371255875
0.15087197721004486
0.0967692881822586
0.057343509048223495
0.22580546140670776
0.4637637436389923
0.46951884031295776
0.03806130215525627
0.09701458364725113
0.1081826388835907
0.1568910777568817
0.14110350608825684
0.21616493165493011
0.21052241325378418
0.09614095091819763
0.04989577457308769
0.06508302688598633
0.04883965477347374
0.24085965752601624
0.043059393763542175
0.056437551975250244
0.04606122896075249
0.06231612339615822
0.16113774478435516
0.05037771910429001
0.14013813436031342
0.04589953273534775
0.024557458236813545
0.025203781202435493
0.08903201669454575
0.18162208795547485
0.2603856027126312
0.023375090211629868
0.16833554208278656
0.35761916637420654
0.051186684519052505
0.18126483261585236
0.0257724579423666
0.5734727382659912
0.509127140045166
0.5096518993377686
0.06701634079217911
0.3464292883872986
0.09987848997116089
0.0878235325217247
0.10453947633504868
0.09482521563768387
0.12339025735855103
0.06757646054029465
0.10380734503269196
0.1907539814710617
0.23610135912895203
0.11138073354959488
0.04435912147164345
0.0769340842962265
0.036872442811727524
0.5246561169624329
0.1460234671831131
0.11377255618572235
0.032236143946647644
0.0604749359190464
0.37957099080085754
0.03886590898036957
0.08745147287845612
0.05081099271774292
0.3835396468639374
0.11214099079370499
0.28397947549819946
0.04516539350152016
0.0698084607720375
0.12920530140399933
0.3918280601501465
0.1732269525527954
0.46444258093833923
0.07285269349813461
0.20002655684947968
0.17583578824996948
0.14298957586288452
0.042766813188791275
0.06462690979242325
0.09132000058889389
0.07156270742416382
0.18253402411937714
0.22129860520362854
0.0815243124961853
0.07483246922492981
0.26597726345062256
0.06068817153573036
0.09408789873123169
0.0317806638777256
0.2895795404911041
0.12095355987548828
0.07210956513881683
0.02795141004025936
0.034026890993118286
0.23126107454299927
0.10862386226654053
0.04883793368935585
0.035798948258161545
0.5614030957221985
0.02596801333129406
0.01780996285378933
0.1434064358472824
0.2517315149307251
0.05983644723892212
0.10898644477128983
0.11806706339120865
0.20488198101520538
0.5464079976081848
0.605022132396698
0.08900400251150131
0.0788838118314743
0.8177614808082581
0.18602626025676727
0.10886287689208984
0.08711983263492584
0.12121161818504333
0.14784394204616547
0.3597474992275238
0.24344442784786224
0.11623864620923996
0.07565567642450333
0.1027410477399826
0.06739002466201782
0.15055124461650848
0.07491667568683624
0.07185498625040054
0.4778730869293213
0.16183675825595856
0.057389792054891586
0.030367521569132805
0.06801370531320572
0.09412256628274918
0.061283402144908905
0.14510607719421387
1.3465999364852905
0.34368064999580383
0.01890219748020172
0.12253991514444351
0.08511078357696533
0.4850321114063263
0.3106417953968048
0.08093447983264923
0.18750160932540894
0.06864720582962036
0.14395084977149963
0.1869751363992691
0.12078657001256943
0.10833514481782913
0.20368215441703796
0.19735439121723175
0.11473478376865387
0.10174629837274551
0.05144031345844269
0.06698357313871384
0.06634687632322311
0.024010900408029556
0.23395541310310364
0.2140444964170456
0.14281481504440308
0.5699619650840759
0.02679510787129402
0.014002420008182526
0.09571179002523422
0.20518356561660767
0.1445923000574112
0.023568592965602875
0.15021130442619324
0.19074176251888275
0.09830319881439209
0.2819705009460449
0.060059402137994766
0.0644044503569603
0.589647650718689
0.03874286264181137
0.09074071794748306
0.13172270357608795
0.08096164464950562
0.040633413940668106
0.15874218940734863
0.11790135502815247
0.09374359250068665
0.03768166899681091
0.2544051706790924
0.07329370081424713
0.17207933962345123
0.28447532653808594
0.2484831064939499
0.190386563539505
0.1164516806602478
0.0691722184419632
0.04392082989215851
0.04628901183605194
0.07863739132881165
0.30886948108673096
0.3206844925880432
0.041864532977342606
0.06527459621429443
0.4361087381839752
0.524400532245636
0.046316299587488174
0.025530872866511345
0.06723911315202713
0.02702491171658039
0.3470262587070465
0.7414606213569641
0.07905861735343933
0.29559266567230225
0.3186229169368744
0.13805025815963745
0.05887692794203758
0.12036655098199844
0.17726683616638184
0.10263693332672119
0.16173575818538666
0.14967820048332214
0.053665246814489365
0.13150545954704285
0.28509521484375
0.06531772017478943
0.22084520757198334
0.13483783602714539
0.032871656119823456
0.02006140537559986
0.17366549372673035
0.12875300645828247
0.057508934289216995
0.13350878655910492
0.046317413449287415
0.7828834056854248
0.062232792377471924
0.05515051633119583
0.09382058680057526
0.03256484493613243
0.038665249943733215
0.051891032606363297
0.5348911881446838
0.04867355152964592
0.08620191365480423
0.7801259160041809
0.06785319745540619
0.6027027368545532
0.5534293055534363
0.050884440541267395
0.16566306352615356
0.14860668778419495
0.10336137562990189
0.05858996510505676
0.03829485923051834
0.20819762349128723
0.07326219975948334
0.04713970050215721
0.1628679633140564
0.15384148061275482
0.04337945953011513
0.14237944781780243
0.02837265282869339
0.1680116057395935
0.0839061439037323
0.12335163354873657
0.1349170058965683
0.08562950044870377
0.01780398190021515
0.11715800315141678
0.2854442894458771
0.31643569469451904
0.02723701111972332
0.036986321210861206
0.03613406419754028
0.25267085433006287
0.4875861704349518
0.08075044304132462
0.12561269104480743
0.1479271948337555
0.2296253889799118
0.2775764465332031
0.09862230718135834
0.027867190539836884
0.3273785412311554
0.17438927292823792
0.0751781091094017
0.0365474559366703
0.07288539409637451
0.19918759167194366
0.032123517245054245
0.06551405042409897
0.04806371405720711
0.08806739002466202
0.0611601285636425
0.05005747079849243
0.17286521196365356
0.06834892183542252
0.03117288090288639
0.038498394191265106
0.06634663045406342
0.07708075642585754
0.04678180068731308
0.04186917468905449
0.46928632259368896
0.07084187120199203
0.07562895119190216
0.08883344382047653
0.03347737342119217
0.08529627323150635
0.0171075239777565
0.42165878415107727
0.08689882606267929
0.07897692918777466
0.04811335355043411
0.04055212810635567
0.01657324843108654
0.41142499446868896
0.3810523748397827
0.02341604419052601
0.22110062837600708
0.08590693026781082
0.06894083321094513
0.21267078816890717
0.07974033802747726
0.08539717644453049
0.053705498576164246
0.04430626705288887
0.09228240698575974
0.21820804476737976
0.09915110468864441
0.049364376813173294
0.03181033208966255
0.10803505778312683
0.09600727260112762
0.08881493657827377
0.05457326024770737
0.10969845950603485
0.057093724608421326
0.08435719460248947
0.2881006598472595
0.09972793608903885
0.2466587871313095
0.10030373185873032
0.030060674995183945
0.586269199848175
0.15989945828914642
0.7237167358398438
0.5704032778739929
0.12801511585712433
0.12080097198486328
0.4078260660171509
0.0509798638522625
0.05402194708585739
0.21270152926445007
0.11344227939844131
0.10760971158742905
0.0635390654206276
0.06011443957686424
0.04500092193484306
0.24980197846889496
0.021137390285730362
0.03270203620195389
0.27972400188446045
0.34151872992515564
0.03132465109229088
0.024686038494110107
0.06173933669924736
0.04273080825805664
0.03026159666478634
0.18763652443885803
0.013158604502677917
0.07552160322666168
0.024653291329741478
0.13750065863132477
0.21320724487304688
0.14319492876529694
0.2216232866048813
0.04046423360705376
0.03217414394021034
0.025847582146525383
0.04513268172740936
0.12106151878833771
0.03282000124454498
0.06862786412239075
0.043345190584659576
0.1311231404542923
0.020718105137348175
0.07431226968765259
0.2107820212841034
0.19869188964366913
0.14739665389060974
0.13306090235710144
0.6669533252716064
0.05060625821352005
0.061138153076171875
0.1612100452184677
0.047502994537353516
0.10905345529317856
0.4040392339229584
0.3634113073348999
0.07044411450624466
0.35135748982429504
0.1617191880941391
0.05720541998744011
0.1397194266319275
0.1489768922328949
0.17037606239318848
0.10593125969171524
0.10710114240646362
0.17155906558036804
0.4135138988494873
0.1197432428598404
0.2028128057718277
0.16481491923332214
0.2836107313632965
0.21459850668907166
0.05720306932926178
0.12018413841724396
0.16789984703063965
0.28124549984931946
0.06358327716588974
0.038194868713617325
0.46713748574256897
0.026044677942991257
0.04014647752046585
0.09780284017324448
0.042097918689250946
0.023500807583332062
0.04185729846358299
0.037522733211517334
0.056790903210639954
0.06560458987951279
0.09797143191099167
0.13571760058403015
0.18226046860218048
0.17710518836975098
0.07297653704881668
0.10530205816030502
0.20424291491508484
0.03856900706887245
0.11664367467164993
0.44905996322631836
0.14052939414978027
0.36828896403312683
0.1511671096086502
0.06848035752773285
0.06877126544713974
0.11455485224723816
0.10833373665809631
0.09542175382375717
0.05458088964223862
0.12679423391819
0.4746595621109009
0.1775730401277542
0.04706466570496559
0.029125181958079338
0.0752587765455246
0.1938236504793167
0.10673291981220245
0.1691121906042099
0.38142964243888855
0.08629385381937027
0.15253117680549622
0.3644780218601227
0.17751272022724152
0.1359962671995163
0.3659133315086365
0.06847178190946579
0.05148646607995033
0.09713836759328842
0.059311047196388245
0.21101075410842896
0.18162371218204498
0.06782277673482895
0.43739837408065796
0.15265615284442902
0.2354535311460495
0.19767561554908752
0.09940413385629654
0.13777242600917816
0.21341103315353394
0.17673830687999725
0.5099004507064819
0.1346004754304886
0.1462060660123825
0.41461610794067383
0.05291873216629028
0.06733755767345428
0.09843567758798599
0.10214249044656754
0.07350361347198486
0.0505678653717041
0.0408155620098114
0.09492877870798111
0.14869962632656097
0.06294360756874084
0.23251669108867645
0.09273819625377655
0.4124377965927124
0.06182010844349861
0.09921012818813324
0.031296346336603165
0.22148683667182922
0.08755907416343689
0.35512176156044006
0.0658339187502861
0.03939909487962723
0.5407025218009949
0.597663164138794
0.5132359266281128
0.38448840379714966
0.07782275229692459
0.2166602462530136
0.08917324244976044
0.09903762489557266
0.19883012771606445
0.08834359794855118
0.4954241216182709
0.26437023282051086
0.3423243761062622
0.10951867699623108
0.10590329021215439
0.12083897739648819
0.46200722455978394
0.23201759159564972
0.08358638733625412
0.1375066637992859
0.2583831250667572
0.04499279335141182
0.04272575303912163
0.22499321401119232
0.1811830997467041
0.02647964097559452
0.03238842636346817
0.24672836065292358
0.09707815200090408
0.040490295737981796
0.5349297523498535
0.02028598263859749
0.04330478981137276
0.36024266481399536
0.06750138849020004
0.3318499028682709
0.08915272355079651
0.6109493374824524
0.04650387167930603
0.10053303837776184
0.08671782910823822
0.13660544157028198
0.17855077981948853
0.27623799443244934
0.07779604196548462
0.0857149288058281
0.12316956371068954
0.23309090733528137
0.1377778798341751
0.466128408908844
0.05409639701247215
0.4642045795917511
0.29540154337882996
0.11230390518903732
0.16759413480758667
0.07214710861444473
0.05513443425297737
0.06647846847772598
0.22816593945026398
0.18130700290203094
0.40943625569343567
0.04805702343583107
0.2595740556716919
0.04258599877357483
0.3273206353187561
0.05203889682888985
0.2095365673303604
0.05686090514063835
0.06731746345758438
0.14074447751045227
0.1165650337934494
0.24362871050834656
0.03128834441304207
0.025501256808638573
0.030850185081362724
0.04418149217963219
0.246796116232872
0.32094573974609375
0.5359296798706055
0.39230072498321533
0.18984591960906982
0.1580953299999237
0.5625568628311157
0.09550411254167557
0.1737026870250702
0.10060200095176697
0.12745754420757294
0.26944974064826965
0.05543169379234314
0.10403306782245636
0.1051274761557579
0.11597878485918045
0.3248405456542969
0.6473838686943054
0.039785947650671005
0.058514609932899475
0.0637897327542305
0.07936499267816544
0.06283394247293472
0.2593604624271393
0.7856752872467041
0.03386201709508896
0.5777433514595032
0.08542561531066895
0.38223132491111755
0.20992602407932281
0.06859120726585388
0.5596256852149963
0.04466179758310318
0.06101568415760994
0.1753525584936142
0.07326849550008774
0.11437933146953583
0.06472928076982498
0.1616315394639969
0.12829962372779846
0.06169799715280533
0.16452348232269287
0.2981291711330414
0.14178137481212616
0.05458898842334747
0.09307901561260223
0.10886599123477936
0.07448219507932663
0.1298290640115738
0.2509525418281555
0.028227275237441063
0.11346426606178284
0.050728727132081985
0.0978432223200798
0.08392489701509476
0.05158492177724838
0.7793452143669128
0.03693978488445282
0.09211888164281845
0.031400274485349655
0.3235509693622589
0.044618017971515656
0.10553227365016937
0.04697486013174057
0.06469495594501495
0.040542930364608765
0.10544191300868988
0.02797190472483635
0.16745387017726898
0.021215464919805527
0.14423520863056183
0.06810037791728973
0.1362808793783188
0.3686923384666443
0.022558698430657387
0.039590563625097275
0.1044965535402298
0.13931356370449066
0.030164659023284912
0.048328667879104614
0.03825456276535988
0.0633905902504921
0.0856352299451828
0.053644876927137375
0.16091042757034302
0.039216868579387665
0.08298065513372421
0.07451942563056946
0.10482631623744965
0.09944740682840347
0.31606268882751465
0.0506768599152565
0.14793014526367188
0.05224677547812462
0.10196475684642792
0.11205583065748215
0.05522223189473152
0.289444237947464
0.03287000581622124
0.06268876791000366
0.10580746829509735
0.08684650808572769
0.5840936303138733
0.11233443021774292
0.3844660222530365
0.07337554544210434
0.08485125005245209
0.14463014900684357
0.04637843742966652
0.08000437915325165
0.16416166722774506
0.19691093266010284
0.26274925470352173
0.10725504159927368
0.092881940305233
0.12710002064704895
0.05311841890215874
0.21099193394184113
0.07435467094182968
0.254805326461792
0.06488396227359772
0.7901579737663269
0.12580285966396332
0.5984984636306763
0.03955139219760895
0.06103895604610443
0.055795397609472275
0.06974508613348007
0.2107493132352829
0.05119340866804123
0.08009323477745056
0.2366236448287964
0.04768449068069458
0.09461422264575958
0.47175705432891846
0.06338910013437271
0.04242580756545067
0.07180903106927872
0.06290172040462494
0.13171838223934174
0.02548164315521717
0.1946057379245758
0.05190867930650711
0.052720215171575546
0.02852274663746357
0.055282510817050934
0.06329262256622314
0.029110310599207878
0.052203696221113205
0.025646913796663284
0.0432085245847702
0.07427776604890823
0.05034928023815155
0.058229710906744
0.07653457671403885
0.09792166203260422
0.024473775178194046
0.08199091255664825
0.04995312541723251
0.4193705916404724
0.04952523857355118
0.02650868147611618
0.08677822351455688
0.053598370403051376
0.0572345145046711
0.2059902548789978
0.18972326815128326
0.17101623117923737
0.29650238156318665
0.0697895884513855
0.15062032639980316
0.03389107808470726
0.07614727318286896
0.2582246661186218
0.06715108454227448
0.0507841557264328
0.13756771385669708
0.09392336010932922
0.18459215760231018
0.13604779541492462
0.43682318925857544
0.19959735870361328
0.14232589304447174
0.20981112122535706
0.06479893624782562
0.08259711414575577
0.2484731674194336
0.22331513464450836
0.39325740933418274
0.6029782295227051
0.0348832905292511
0.054904405027627945
0.036204107105731964
0.2636319398880005
0.1739317774772644
0.06536726653575897
0.35960230231285095
0.09387095272541046
0.5466412901878357
0.3943312466144562
0.2372061163187027
0.11147692799568176
0.06635861843824387
0.7359001636505127
0.13733798265457153
0.06468570232391357
0.2686934173107147
0.1457488089799881
0.135187566280365
0.09958358854055405
0.21318334341049194
0.04008287191390991
0.04950815439224243
0.09717168658971786
0.03217272832989693
0.03154595196247101
0.1323198676109314
0.056167155504226685
0.03631377965211868
0.6670330762863159
0.027601614594459534
0.12416845560073853
0.17731896042823792
0.20801955461502075
0.025084029883146286
0.1410389393568039
0.03370663896203041
0.14134535193443298
0.21310824155807495
0.03183427453041077
0.09065131843090057
0.5431564450263977
0.04780353978276253
0.14993873238563538
0.05763107165694237
0.24636903405189514
0.13702136278152466
0.08262491226196289
0.13611780107021332
0.0893927812576294
0.0926981195807457
0.19474124908447266
0.06630630791187286
0.08204858005046844
0.26924824714660645
0.12578853964805603
0.09255796670913696
0.027899792417883873
0.024170953780412674
0.08360311388969421
0.0831276923418045
0.18478897213935852
0.07341454923152924
0.07780217379331589
0.038773033767938614
0.0908040925860405
0.11118965595960617
0.052656687796115875
0.4619458019733429
0.037230681627988815
0.022800058126449585
0.04302089288830757
0.11747988313436508
0.07098517566919327
0.10876438021659851
0.2874460518360138
0.12741531431674957
0.02913491427898407
0.03016149252653122
0.030078811571002007
0.035184409469366074
0.21093229949474335
0.12209634482860565
0.03873016685247421
0.053841348737478256
0.07258342951536179
0.2250160127878189
0.0710999071598053
0.030159495770931244
0.09369556605815887
0.2970585823059082
0.0387885607779026
0.06962693482637405
0.05685083940625191
0.15021644532680511
0.05348234623670578
0.06015333533287048
0.05308368429541588
0.07546572387218475
0.7935333847999573
0.11646376550197601
0.11491818726062775
0.04535214602947235
0.09257015585899353
0.06360485404729843
0.32186365127563477
0.46784037351608276
0.03567816689610481
0.06122398003935814
0.28847017884254456
0.2047383189201355
0.05191069841384888
0.05929005146026611
0.03416813910007477
0.26158416271209717
0.08322672545909882
0.030374713242053986
0.04703361541032791
0.16756093502044678
0.1189538761973381
0.2758253216743469
0.5085848569869995
0.03351911902427673
0.10637395828962326
0.6161213517189026
0.158666729927063
0.06827998161315918
0.4763580858707428
0.05219465121626854
0.027216050773859024
0.07285245507955551
0.10705934464931488
0.6262069940567017
0.1993979960680008
0.09358137845993042
0.09373237192630768
0.16088999807834625
0.039741791784763336
0.04968187212944031
0.23362334072589874
0.11951125413179398
0.0817602127790451
0.15624013543128967
0.10114030539989471
0.027428869158029556
0.07433103770017624
0.19106946885585785
0.09672747552394867
0.033154893666505814
0.049535930156707764
0.07960984855890274
0.30121418833732605
0.1717691421508789
0.03466436639428139
0.31662601232528687
0.24216823279857635
0.11538466811180115
0.31044530868530273
0.09452007710933685
0.10933615267276764
0.06320319324731827
0.1174679771065712
0.039740245789289474
0.04944172129034996
0.11193863302469254
0.048374295234680176
0.09681493788957596
0.027839744463562965
0.0620906725525856
0.2031012922525406
0.03930828720331192
0.043290041387081146
0.027055297046899796
0.17519955337047577
0.039882779121398926
0.9159821271896362
0.04939890652894974
0.031956449151039124
0.08148621767759323
0.24903790652751923
0.17018084228038788
0.11665888130664825
0.4503896236419678
0.6737495064735413
0.11183729022741318
0.04654444009065628
0.4107414484024048
0.07227718085050583
0.13754624128341675
0.19932574033737183
0.10149260610342026
0.06976353377103806
0.17464765906333923
0.1127614751458168
0.150543674826622
0.40610888600349426
0.07228653877973557
0.19354046881198883
0.7000768184661865
0.06599649786949158
0.132304385304451
0.04422233626246452
0.23391608893871307
0.09378957748413086
0.03186972439289093
0.18872858583927155
0.4667060971260071
0.08853644877672195
0.04870292916893959
0.07487388700246811
0.2802315652370453
0.11743659526109695
0.03442467749118805
0.19646231830120087
0.0374838225543499
0.0360482893884182
0.43906059861183167
0.04046668857336044
0.2021513432264328
0.06146298721432686
0.08630217611789703
0.4126960337162018
0.17264263331890106
0.059376731514930725
0.13500624895095825
0.1919250786304474
0.07560423761606216
0.10403946042060852
0.16644999384880066
0.10271398723125458
0.13098599016666412
0.12170611321926117
0.13829462230205536
0.35918450355529785
0.37433773279190063
0.14297428727149963
0.02205474115908146
0.09452980756759644
0.045556701719760895
0.05464057996869087
0.3542523980140686
0.04064605012536049
0.0845239982008934
0.06562557816505432
0.026939427480101585
0.03288847580552101
0.08947566896677017
0.2619192600250244
0.25971755385398865
0.08888056129217148
0.03679392486810684
0.14699137210845947
0.030635369941592216
0.03523644804954529
0.06626147031784058
0.05367080122232437
0.028924958780407906
0.07219652831554413
0.20081984996795654
0.0528082437813282
0.17444941401481628
0.047833312302827835
0.1398458182811737
0.09998659044504166
0.3417779803276062
0.026558175683021545
0.5277842879295349
0.03938404098153114
0.45513778924942017
0.07236628979444504
0.4992084801197052
0.33865422010421753
0.04624204710125923
0.07740747928619385
0.07114016264677048
0.12779095768928528
0.10811670869588852
0.4646645486354828
0.1468518078327179
0.05660875141620636
0.07787059992551804
0.11554721742868423
0.1229170486330986
0.07487304508686066
0.14540217816829681
0.11178012192249298
0.049442388117313385
0.265596479177475
0.0316418819129467
0.025148000568151474
0.13957761228084564
0.05627713352441788
0.05887623876333237
0.3995090126991272
0.26664212346076965
0.15388071537017822
0.026190143078565598
0.09868156164884567
0.3209223449230194
0.10694264620542526
0.02634410932660103
0.2449304610490799
0.10036662220954895
0.029992522671818733
0.0557829886674881
0.2727375030517578
0.11824670433998108
0.02886321395635605
0.03897096589207649
0.7194691896438599
0.09181378781795502
0.14999613165855408
0.46594735980033875
0.30780333280563354
0.35839441418647766
0.06932632625102997
0.11862804740667343
0.057460568845272064
0.0797715038061142
0.27552732825279236
1.0887186527252197
0.10596895217895508
0.10151709616184235
0.09695479273796082
0.056274838745594025
0.03155900165438652
0.13263686001300812
0.29576048254966736
0.031371887773275375
0.030608968809247017
0.06080895662307739
0.01783774606883526
0.11218766868114471
0.056394122540950775
0.04231588542461395
0.048450224101543427
0.037729375064373016
0.11685487627983093
0.08565177023410797
0.017080819234251976
0.025439875200390816
0.0605076402425766
0.07049527019262314
0.10118832439184189
0.0575961209833622
0.018400421366095543
0.07258713245391846
0.4322470724582672
0.18583878874778748
0.050692617893218994
0.14932334423065186
0.5496067404747009
0.14085803925991058
0.038117002695798874
0.07580816745758057
0.4557763636112213
0.12346689403057098
1.2330560684204102
0.06157384440302849
0.05170923471450806
0.10396698862314224
0.06332048028707504
0.31022241711616516
0.23279765248298645
0.05135774984955788
0.08636077493429184
0.18393108248710632
0.04451976716518402
0.0630410835146904
0.08927389234304428
0.24322396516799927
0.07711850851774216
0.09796759486198425
0.06412927061319351
0.04788815230131149
0.6817543506622314
0.05296369642019272
0.17880965769290924
0.01647453010082245
0.03551506996154785
0.13559508323669434
0.7542802691459656
0.03387763351202011
0.19050781428813934
0.19149914383888245
0.5581681132316589
0.060078367590904236
0.21427787840366364
0.24762597680091858
0.197395920753479
0.11134997010231018
0.11656376719474792
0.2980778217315674
